id,제목,부제/번역제목,유형,생산년도,대통령도서관,번호,주요내용,번역제목,기록물건수,수집번호,상자번호,시작페이지,세부기록물,종류,포맷,원본페이지
usa1-desc-존슨-1,White House Central Files(WHCF),,존슨,,존슨,1,,,,,,,,,,
usa1-desc-존슨-1.1,Subject Files-Foreign Affairs(FO)/Korea,,존슨,,존슨,1.1,,,,,,,,,,
usa1-desc-존슨-1.1.1,Ex FO 2/CO 151 ‘Diplomatic-Consular Relations’,외교/한국 ‘외교-영사관계’,존슨,1963년-1968년,존슨,1.1.1,"- 1963년 박정희대통령 취임식과 관련하여 미국사절단 대표로 John Burns 하와이주지사를 추천하는 국무장관 딘 러스크(Dean Rusk) 메모, 1964년 McGeorge Bundy와 주한미국 대사 Winthrop G. Brown이 주고받은 편지, 주미대사 김현철 및 박정희대통령에게 존슨 대통령의 친필 사진전달과 관련된 메모 등으로 이루어져 있다.",외교/한국 ‘외교-영사관계’,13매,08-2-0001,12,33,MEMORANDUM FOR THE PRESIDENT : The Inaugural Ceremonies for the Republic of Korea | MEMORANDUM FOR THE PRESIDENT : Photograph for President Park of Korea | LETTER TO THE PRESIDENT from Winthrop Brown | Letter to Winthrop Brown from Marvin Watson,,,
usa1-desc-존슨-1.1.2,Gen FO 2/CO 151 ‘Diplomatic-Consular Relations’,외교/한국 ‘외교-영사관계’,존슨,1964년-1966년,존슨,1.1.2,"- ‘Food for Peace’(미공법 480호)사업단장 보좌관 Alan Berg가 Samuel D. Berger 미국 대사에게 보낸 감사편지(향후 한국에 대한 잉여농산물원조 논의 언급)와 Alan Berg가 Mr. J. H. Edwards에게 보낸 감사편지, 한국대사관 언론담당 김보성이 백악관 언론비 서관 Mr. George E. Reedy에게 보낸 존슨대통령 사진의 친필요청편지, 대통령특별 보좌관 W. Marvin Watson이 주한미대사관 문화담당관 Mr. Bernard F. Lavin에게 보낸 유기제품 구매와 관련된 업무지시 편지 등 4통의 편지로 이루어져 있다.",외교/한국 ‘외교-영사관계’,4매,08-2-0002,17,33,"Letter from Alan Berg to Samuel D. Berger, American Ambassador | Letter from Alan Berg to Mr. J. H. Edwards, Deputy Director | Letter from Po Sung, Kim(Press/Information Attache) to Mr. George E. Reedy, Press Secretary for the President | Letter from W. Marvin Watson, Special Assistant to the President to Mr. Bernard J. Lavin, Cultural Affairs Officer(Embassy of the United States of America Seoul, Korea)",,,
usa1-desc-존슨-1.1.3,Gen FO 3-2/CO 151 ‘Mutual Security’,외교/한국 ‘상호안보’,존슨,1964년-1967년,존슨,1.1.3,"- 여기에는 각종 한국문제와 관련하여 날짜순으로 정리된 서한들과 한국 국립과학관 설립 관련 제안서·회의보고서·서한 등으로 이루어져 있다. Alan Berg가 Mr. Joseph Rosa에게 보낸 한국의 PL480문제와 관련한 도움에 대한 감사 편지, 상원의원 Hugh Scott가 대통령특별보좌관 Mr. Lawrence F. O’Brien에게 보낸 주한미군 주둔을 옹호하는 내용의 편지와 그에 대한 Lawrence F. O’Brien과 McGeorge Bundy의 답장, LURIA STEEL & TRADING CORPORATION의 Walter Erman이 Mr. Horace Kadoorie에게 보낸 감사편지 및 존슨대통령과 Mr. R. Sargent Shriver, Jr.에게 Kadoorie에 대해 소개하는 편지(동일내용)와 대통령을 대신한 보좌관 Arthur C. Ferry의 답장, BUSINESS DEVELOPMENT FUND, INC.의 회장인 JOHN K. EVANS가 한국전력주식회사 사장 박영준에게 보내는 편지, JOHN K. EVANS가 극동 지역(한국,일본,대만)을 방문하고 경제인의 관점에서 본 인상에 대해 국무부 차관 George W. Ball과 존슨대통령에게 보낸 편지(동일내용), 해외원조와 관련하여 한국의 변화된 입장에 대해 JOHN K. EVANS 본인의 견해(잡지기고문, 신문기사)를 첨부하여 존슨대통령에게 보낸 편지 및 대통령을 대신한 McGeorge Bundy의 답장, D.R. MATTEWS, M. C.가 대통령특별보좌관 Dr. Donald F. Hornig에게 보내는 비밀유지편지, 대통령 행정보좌관 Henry H. Wilson. Jr.가 하원의원 Paul A. Fino에게 보내는 한국군의 베트남전 참전에 관한 언급이 있는 편지 등이 있다. 국립과학관 설립과 관련해서는 기획제안서 및 과학관발전계획 착수회의 보고서와 과학관 설립 논의와 관련하여 미국 박물관협회장인 Joseph Allen Patterson이 대통령 특별보좌관 Mr. Douglass Cater에게 보낸 편지와 신문기사 등으로 이루어져 있다.",외교/한국 ‘상호안보’,8건(49매),08-2-0003,29,34,"Letter from Alan Berg to Mr. Joseph Rosa | Letter from Hugh Scott, U.S.Senator to Mr. Lawrence F. O’Brien, Special Assistant to the President | Letter from Walter Erman to the President, Lyndon B. Johnson | Letter from John K. Evans to the President, Lyndon B. Johnson(subject: Far East Visit/Foreign Aid-Korea) | Letter from Henry H. Wilson, Jr. to Paul A. Fino | REPORT OF THE CONFERENCE TO INITIATE PLANNING FOR THE DEVELOPMENT OF THE KOREAN NATIONAL SCIENCE MUSEUM CENTER | PROPOSAL FOR THE KOREAN NATIONAL SCIENCE-CULTURAL CENTER PLANNING STUDY | Letter from Joseph Allen Patterson to Mr. Douglass Cater",,,
usa1-desc-존슨-1.2,Subject Files-Judicial(JL),,존슨,,존슨,1.2,,,,,,,,,,
usa1-desc-존슨-1.2.1,JL3/CO(Pueblo Crisis) Executive,JL3/CO (푸에블로호 사건),존슨,1968년,존슨,1.2.1,"- 1968년 북한의 미 해군 정보수집함 푸에블로호 나포와 관련된 서신모음으로, 주로 대통령을 대신하여 각계각층의 의견과 푸에블로호 승무원가족에게 보내는 답장 및 편지 들로 이루어져 있으며 메모와 참조문서(referral), 수기로 작성된 푸에블로호 승무원의 편지도 포함되어 있다.",JL3/CO (푸에블로호 사건),1968년,08-2-0004,37,36,"Correspondence regarding seizure by North Korea of USS Pueblo, an Intelligence Ship | Correspondence with Families of Pueblo Crew",,,
usa1-desc-존슨-1.2.2,JL3/CO(Pueblo Crisis) General,JL3/CO (푸에블로호 사건),존슨,1968년,존슨,1.2.2,"- 1968년 북한에 의한 미 해군 정보수집함 푸에블로호 나포와 관련된 서신모음으로 1.2.1의 Executive 폴더 문서와 96장이 중복되어 있다. 그 외 미국참치어선 나포를 비롯한 미국과 페루, 에콰도르 등과의 어업문제와 관련된 서신과 1968년 이스라엘 엘알 항공기 납치사건과 관련된 서신 등이 있다. 주로 대통령에게 보내진 편지를 국무부로 전달하는 참조문서(referral)와 대통령을 대신한 답장으로 이루어져 있으며 문제와 관련된 공식적인 논의내용은 포함되어 있지 않다.",JL3/CO (푸에블로호 사건),103건(166매),08-2-0005,37,36,"Correspondence regarding seizure by North Korea of USS Pueblo, an Intelligence Ship | Correspondence regarding seizure of US tuna boat, city of Tacoma, by Peruvian Ship/regarding request investigate seizure of fishing vessels by Ecuador | Correspondence regarding highjacking of El Al jet by Algerian Government/Con aerial piracy",,,
usa1-desc-존슨-1.3,Subject Files-Defence/Korea,,존슨,,존슨,1.3,,,,,,,,,,
usa1-desc-존슨-1.3.1,ND 19/CO 151 “Korea-Pueblo”,국방-한국 ‘한국-푸에블로호’,존슨,1968년,존슨,1.3.1,"- 1968년 북한에 의한 미 해군 정보수집함 푸에블로호 나포와 관련된 서신모음으로 의회의원, 각종 단체, 승무원가족 등에게 온 편지(전신포함)와 답장을 답장 날짜순서에 따라 정리하였다.",국방-한국 ‘한국-푸에블로호’,58건(168매),08-2-0006,213,37,"Correspondence regarding seizure by North Korea of USS Pueblo, an Intelligence Ship | Telegram to the President from Senator Storm Thurmond regarding the USS PUEBLO | Letters from Representatives John Watts and Charlotte Reid concerning the Pueblo incident | Parents of Pueblo crew member request welfare report and information re effort to release prisoners",,,
usa1-desc-존슨-1.3.2,ND 19 “Korean War” General,국방-한국 ‘한국전쟁’,존슨,"1964-65, 1968년",존슨,1.3.2,"- 한국전쟁에서 실종된 미군의 생사확인과 본국송환을 촉구하는 편지(1통)와 유사한 내용의 편지에 대한 대통령보좌관들의 답장(7통, GI Bill언급내용도 있음) 및 메모 (1장)로 이루어져 있다.",국방-한국 ‘한국전쟁’,9건(10매),08-2-0007,418,38,Letter from William H. Harsha to the President re Repatriation of American service- men from Korean War allegedly being held in Communist prisoner of war camps | Memorandum to Mr. Benjamin H. Read,,,
usa1-desc-존슨-1.3.3,ND 19 “Korean War” Executive,국방-한국 ‘한국전쟁’,존슨,"1963, 1965-1968년",존슨,1.3.3,"- 한국 포로수용소에서 군목 EMIL. J. KAPAUN의 활동에 대해 대통령에게 추서를 요청 하는 편지(Ernest C. Cuneo의 신문기사포함)와 답장, 미 원호청 W. J. DRIVER가 대통령 특별보좌관 S. Douglass Cater, Jr에게 보낸 한국전 참전자들의 복지혜택을 검토하고 있다는 내용의 메모, 한국전과 2차대전 후 세금증가율에 대해 재무부차관이 대통령 에게 보고하는 메모, 주한미군의 주둔여부에 관한 갤럽여론조사결과를 첨부한 메모(수발 신자가 분명치 않고 메모와 자료가 함께 철해진 상태로 복사되어 있음), Marshall Wright가 Walt Rostow에게 베트남과 남한을 비교 언급한 Bob Elegant의 글을 첨부하 여 보내는 메모(메모와 자료가 함께 철해진 상태로 복사됨, 자료의 내용이 전부인지 일부인지 불분명함) 등으로 이루어져 있다.",국방-한국 ‘한국전쟁’,12건(28매),08-2-0008,418,38,"Letter from Mr. Ernest Cuneo to the President re chaplain EMIL J. KAPAUN | ARTICLE(How Chaplain’s Courage Inspired Death March POW’s Christ-in-Barbed Wire Frustrates Reds/CRU CIFIX CARVED IN KOREAN WAR PROVES ANEW STRENGTH OF SPIRIT)BY ERNEST CUNEO | Letter from W. J. Driver(VETERANS ADMINISTRATION Administrator) to S. Douglass Cater, Jr.(Special Assistant to the President) | MEMORANDUM FOR THE PRESIDENT from THE UNDER SECRETARY OF THE TREASURY re tax increase | MEMORANDUM FOR MR. ROSTOW from Marshall Wright",,,
usa1-desc-존슨-1.3.4,ND 19-3/CO 151 “Prisoners” General,국방-한국 ‘전쟁포로’,존슨,1964-1968년,존슨,1.3.4,"- 쿠바난민을 돕다가 여권위조죄로 멕시코정부에 의해 구금된 Wendell Rollason과 Anthony Faranias의 석방을 위해 Rollason의 가족이 대통령에게 보낸 편지와 그에 대한 답장, Dr. Veggeberg가 북베트남과 포로교환의 가능성에 대해 알리는 전문, UN 인권국제회의에 전쟁포로문제 상정과 관련하여 사회과학연구소에서 대통령보좌관에게 보낸 편지 및 그 답장 등 전쟁, 납치, 기타의 사유로 외국에 구금되어 있는 미국인의 송환과 관련된 내용의 편지들로 이루어져 있으며, 각각의 사건과 인물에 따라 날짜순으로 정리되어 있다.",국방-한국 ‘전쟁포로’,25건(46매),08-2-0009,420,39,"Resolution to LBJ from the Committee on Resolutions and Veterans Affairs Confinement of soldiers and civilians by China, Russia, and N.Korea | Telegram to the President from Mrs. Wendell Rollason(subject: asks President’s help to obtain release of husband and an Anthony Faranias) | Telegram from Dr. Kermit R. Veggeberg to the President(subject: While in Moscow Dr. Veggeberg talked to some North Vietnamese, said he worked out what appeared to be an acceptable prisoner exchange) | Letter from Mrs. Rita Van Wees to the President(subject: Protests closer relations with Red China; son a captive since Korean war) | Letter from Mrs. Selma M. McQuillen to the President(subject: asks President’s sup- port of Congressman Walker’s bill for ex prisoners of war) | Letter from Mrs. Charles Boom to the President(subject: Desires information on the status of her son who has been missing for two years)",,,
usa1-desc-존슨-1.3.5,ND 19-3/CO 151 “Prisoners” Executive,국방-한국 ‘전쟁포로’,존슨,"1965-66, 1968년",존슨,1.3.5,"- 베트남전쟁 포로송환과 관련하여 상원 노동복지위원회 Harrison A. williams, Jr.가 존슨 대통령에게 보낸 편지와 Rostow의 답장, 한국전쟁 포로 송환기금 언급이 포함된 존슨 대통령(서명만 있음)이 상원의원 Richard b. Russell에게 보낸 편지, 대통령이 Denton 부인에게 보내는 격려편지로 이루어져 있다.",국방-한국 ‘전쟁포로’,7매,08-2-0010,420,40,"Letter from the President to Richard B. Russell | Letter from the President to Mrs. Jeremiah Andrew Denton, Jr. | Letter from Harrison A. Williams, Jr.(United States Senate Committee on Labor and Public Welfare) to the President/Memorandum for Walt Rostow from Mike Manatos/Letter from W.W. Rostow to Harrison A. Williams",,,
usa1-desc-존슨-1.3.6,ND 19/CO 151 “Korea”,국방-한국 ‘한국’,존슨,1964년,존슨,1.3.6,"- 외국에 체포, 구금 또는 포로로 수용되어 있는 미국 시민이나 군인의 석방과 송환을 요청하는 편지와 그에 대한 정부측 답장들로 이루어져 있다. 멕시코, 남/북한, 그리스, 독일, 체코 등 여러나라와 관련된 다양한 인물의 사건들이 포함되어 있으며 편지, 전신, 메모, Referral, 결의문으로 구성되어 있다. 한국과 관련해서는 한국전쟁이후 북한에 포로로 남아있는 미국시민과 군인들의 송환을 위한 노력을 촉구하는 가족들의 편지와 그에 대한 답장, 푸에블로호사건과 관련된 서신들, 간첩사건으로 유죄를 선고받은 윤이상의 구명을 요청하는 Leopold Stokoswki의 전문과 불개입입장을 밝히는 Walt Rostow의 답장, 북한에 있는 한국전쟁 미군포로 석방을 촉구하는 결의문이 있다. 그 외 Mary Lou Pringle이 대통령에게 파데트라오(라오스공산주의자)군 감옥에 수용된 미 해군대위 Charles F. Klusmann의 석방노력을 촉구하는 편지와 그에 대한 답장, 살인죄로 총살형을 선고받고 멕시코감옥에 수감중인 텍사스주민 Dykes Simmons 사건의 도움을 요청하는 편지(관련기사포함)와 그에 대한 답장, 멕시코감옥에 구류된 다른 미국인들과 관련된 유사한 서신들, 그리스에 수감된 미국시민의 석방을 요청하는 편지, 그리스군부에 의해 체포된 그리스 작곡가 미키스 테오도라키스(Mikis Theodorakis) 구명을 미정부에 요청 하는 가족과 단체의 전문, 그리스 군사정권아래 정치범으로 수감중인 파판드레우(Andreas Papandreou)의 석방을 위해 도움을 요청하는 편지와 그에 대한 답장, 러시아전투기에 의해 격추되어 동독지역으로 착륙하게 된 RB-66 조종사 3명(Holland대위, Kessler대위, Welch 중위)의 무사귀환을 요청하는 전문과 답장, 슈판다우 연합군교도소에 복역중인 루돌프 헤스 (Rudolf Hess)의 석방을 요청하는 인권단체의 편지, 체코슬로바키아 정부에 의해 체포 구금된 Vladimir J. Kazan-Komarek 석방요청과 관련된 편지들로 이루어져 있다.",국방-한국 ‘한국’,203매,08-2-0011,421,41,"Letter to the President from William H. Harsha(subject: Repatriation of American servicemen form Korean war allegedly being held in Communist prisoner of war camps) | Letter to the President from Clarence J. Browns (subject: Resolution adopted by the Ohio American Legion calling for action to effect repatriation of servicemen being eld prisoner by the North Koreans) | Resolution adopted by the Ohio American Legion re Korean Prisoners of War | Telegram to the President from Leopold Stokoswki re ISANG YUN | Letter to the President from Mr. and Mrs. Everett C.Arnold(subject: Parents of Pueblo crewmember urge more action for release of Pueblo crew) | Letter to the President from Mrs. Mary Lou Pringle regrarding the status of Lieutenant Charles F. Klusmann, USN | Letter to Jim Moyer from R. J. Smith, evangelist, re Dykes Simmons case | Letter to the President from Mrs. Wendell Rollason(subject: Asks President’s help obtain release of husband) | Telegram to the President from American Committee for Democracy and Freedom in Greece(subject: Request Presidential intervention on behalf of Greek Composer Mikis Theodorakis, arrested by the Greek military Junta) | Letter to the President from Gibson F. ord(subject: Asks President’s help obtain re- lease of Andreas Papandreou from prison in Greece) | Memorandum for Mr. McGEORGE BUNDY from Benjamin H. Read(subject: Telegram from Harold B. Kessler on the Release of Captain Kessler and Crew) | Letter to the President from Walther A. Kollacks, President of German American National Congress, Inc.(subject: Requests the release of Rudolf Hess from Spandau prison on humanitarian grounds) | Letter to Senator Margaret Chase Smith concerning the Kazan-Komarek case in Czechoslovakia",,,
usa1-desc-존슨-1.4,Subject Files-Peace,,존슨,,존슨,1.4,,,,,,,,,,
usa1-desc-존슨-1.4.1,PC 2/CO 151(KOREA),평화-한국,존슨,"1964, 1967년",존슨,1.4.1,- 1964년 미국의 대외식량지원 프로그램(Food for Peace)을 통해 전년도 태풍피해를 입은 한국 원조와 관련된 1964년 편지 5통과 1967년 편지 1통으로 이루어져 있다.,평화-한국,7매,08-2-0012,6,43,"Letter to Dr. Joseph Motheral, Director, Agriculture Division USAID from Alan Berg, Assistant to the Director Food For Peace | Letter to Mr. Kimmel from Whitney Shoemaker, Assistant to the President | Letter to Frank Church from William McCahon | Letter to Killen from Alan Berg | Letter to Samuel Berger from Alan Berg | Letter to Larry Mirel from Julian Granger",,,
usa1-desc-존슨-1.5,Confidential File(C.F.)-Countries(CO)/Korea,,존슨,,존슨,1.5,,,,,,,,,,
usa1-desc-존슨-1.5.1,CO 151 (Korea),한국,존슨,1964-1968년,존슨,1.5.1,"- 존슨대통령도서관에서는 CO 151(Korea)를 CO 151 Korea(1964-1965-1966: 46장)과 CO 151 Korea(1967-1968: 96장)로 구분하여 폴더로 보존하고 있다. 이 폴더는 각종 한국 관련 전문, 편지, 메모, 참조문서(Referral), 의전서, 보고서, 파일상자내 문서정보 메모지 형식의 문서종류로 구성되어 있다. 첫 번째 ‘1964-1966’폴더에는 평양에서 유엔군사령관에게 보낸 미군조종사의 불법영공 침해를 비난하는 편지를 주한미국대사관에서 워싱턴으로 전달하는 전문, 박정희대통령의 미국 방문시 의회연설에 대한 의견편지(찬성: Thomas Dodd 반대: Mansfield), 상원의원 Thomas J. Dodd가 존슨대통령에게 박정희대통령과의 대화를 위한 배경정보를 전하는 메모, 존슨대통령이 김성은 국방장관에게 수여한 공로훈장(Legion of Merit), 1964년 8월부터 1965년 4월까지 한국의 제도발전 내용을 정리한 보고서, 미국 대외원조처(USOM)의 Joel Bernstein이 Rostow 대통령특별보좌관에게 보낸 한국의 경제문제와 관련하여 오해의 소지가 있는 부분들에 대해 설명한 편지, Rostow가 장기영부총리에게 보낸 감사편지, 비서실장 Benjamin H. Read가 Rostow에게 각국 총리 방문일정과 관련하여 보내는 연락메모 등으로 이루어져 있다. 두 번째 폴더에는(1967-1968) R.W. Komer가 대통령에게 전하는 한국전쟁과 베트남전쟁 으로 인한 인플레이션을 비교하는 내용의 메모, 1967년 3월 정일권국무총리의 방미와 관련 된 문서들(의전내용, 방미일정표, 대화주제, 대통령주재 오찬참석자명단, 도착환영식관련 연 락메모, 한국측 인사(정일권/김성은/박충훈/이후락/김현철/남궁련/윤하정/홍성철/양윤세 /신성재)에 대한 이력소개, 한국에 대한 배경지식문서 등), 김동조주미대사의 신임장관련 메모와 개인이력, 밴스(Vance, C.)특사 파견을 알리는 존슨대통령이 박정희대통령에게 보내는 편지, J. R. Thurman 대령이 Haywood Smith 대령에게 대한민국 육군 제1기병연대 제9 중대에 대통령부대표창이 있음을 알리는 메모, 미국수출입은행의 한국 제강공장설립관여와 관련하여 Walt W.Rostow에게 Benjamin H. Read가 보내는 메모 및 Ernest Goldstein이 대통령에게 미국수출입은행 수출확대 자문위원회에서 코퍼즈사를 포함한 한국제강공장설립 토의가 있었음을 알리는 메모 등으로 이루어져 있다.",한국,142매,08-2-0013,10,43,"Telegram from Amembassy Seoul to Secstate WASHDC “PYONGYANG, FEBRUARY 17, 1964” | MEMORANDUM to President Johnson from Senator Thomas J. Dodd re The Possibility of Having President Park Address | Joint Session of Congress/Institutional Progress(August 1964-April 1965, Korea) | MEMORANDUM to The President from Senator Thomas J. Dodd re A few back- ground notes for your conversations | with President PARK/Letter to Mr. W. W. Rostow from Joel Bernstein, Agency for international development, | United States Operations Mission to Korea/Background Notes(KOREA) | MEMORANDUM for President from R. W. Komer(subject: Inflation-Korean War vs. Vietnam) | VISIT TO THE UNITED STATES OF AMERICA OF HIS EXCELLENCY IL KWON CHUNG | PRIME MINISTER OF THE REPUBLIC OF KOREA, March 12-17, 1967/Country fact sheet(Republic of Korea) | Letter from Lyndon B. Johnson to President Park re Mr. Cyrus Vance to Seoul | MEMORANDUM FOR MR. WALT W. ROSTOW from Benjamin H. Read(subject: Eximbank Involvement in Korean Steel Mill Project) | MEMORANDUM FOR THE PRESIDENT from Ernest Goldstein re meeting of the Export Expansion Advisory Committee at the Ex-Im Bank",,,
usa1-desc-존슨-2,Office Files of the White House Aides,,존슨,,존슨,2,,,,,,,,,,
usa1-desc-존슨-2.1,"Bellinger, Ceil",,존슨,,존슨,2.1,,,,,,,,,,
usa1-desc-존슨-2.1.1,Asian Development Bank to Japan and Korea,아시아개발은행(한국과 일본),존슨,1966년,존슨,2.1.1,"- 이 기록물철에는 아시아개발은행 설립과 관련된 미국 재무부 장/차관과 대통령의 연설문 및 백악관 공보실 보도자료 등이 수록되어 있으며 날짜순으로 정리되어 있다. 미국재무부차관 JOSEPH W. BARR가 유엔에 아시아개발은행 미국측 비준서를 기탁 하는 기념식에서 발표한 연설문, 애리조나주 윌리엄스 공군기지 조종훈련 비행단 졸업식에서 아시아개발은행의 의의에 대해 언급한 JOSEPH W. BARR의 발표문, Edwin L. Goldwasser와 Dr. Jane H. Hall을 원자력위원회 일반자문위원으로 임명함을 알리는 백악관 공보실 보도자료, 아시아개발은행 준비를 위해 前 세계은행 총재였던 EUGENE BLACK을 면담한 내용에 대한 존슨대통령의 발표문과 백악관 공보실의 보도자료, 아시아 개발은행 도쿄 창립총회에서 미국 재무장관 헨리 파울러(HENRY H. FOWLER)의 연설문 으로 구성되어 있다. [주요 기록물명] ∙ REMARKS BY THE HONORABLE JOSEPH W. BARR THE UNDR SECRETARY OF THE TREASURY AT CEREMONIES MARKING DEPOSIT OF THE UNITED STATES’ INSTRUMENT OF RATIFICATION OF THE ASIAN DEVELOPMENT BANK AT THE UNITED NATIONS, UNITED NATIONS BUILDING TUESDAY, AUGUST 16, 1966 ∙ REMARKS OF THE PRESIDENT AFTER MEETING WITH EUGENE BLACK OF THE ASIAN DEVELOPMENT BANK IN THE PRESIDENT’S OFFICE ∙ STATEMENT BY SECRETARY OF THE TREASURY HENRY H. FOWLER U.S. GOVERNOR OF THE ASIAN DEVELOPMENT BANK AT THE INAUGURAL MEETING TOKYO, NOVEMBER 25, 1966",아시아개발은행(한국과 일본),27매,08-2-0014,1,45,,,,
usa1-desc-존슨-2.1.2,Asian Trip,아시아국가 순방,존슨,1966년,존슨,2.1.2,"- 1966년 10월 17일부터 11월 2일까지 존슨대통령의 아시아(뉴질랜드/호주/필리핀/ 남베트남/태국/말레이시아/남한) 순방중에 행해진 출국/귀국인사, 연설문, 만찬인사말, 마닐라에서 열린 7개국 정상회의 공동성명서 등 40개의 백악관 공보실 발표문서가 날짜순서대로 편철되어 있다. 복사된 문서에 순서대로 번호가 표시되어 있으며 날짜와 문서순번, 제목을 기재한 색인목록이 첨부되어 있다. [주요 기록물명] ∙ STATEMENT OF THE PRESIDENT DULLES AIRPORT ∙ REMARKS OF THE PRESIDENT UPON ARRIVAL AT OHAKEA INTERNATIONAL AIRPORT, OHAKEA, NEW ZEALAND ∙ REMARKS OF THE PRESIDENT PARLIAMENT HOUSE CANBERRA, AUSTRALIA ∙ TEXT OF THE JOINT COMMUNIQUE ISSUED AT THE MANILA SUMMIT CONFERENCE, MANILA, THE PHILIPPINES ∙ TEXT OF THE DECLARATION ON PEACE AND PROGRESS IN ASIA AND THE PACIFIC ISSUED AT THE MANILA CONFERENCE ∙ REMARKS OF THE PRESIDENT AT CAM RANH BAY SOUTH VIETNAM ∙ TEXT OF THE TOAST GIVEN BY THE PRESIDENT AT THE DINNER HONORING THE KING AND QUEEN OF THAILAND ∙ REMARKS OF THE PRESIDENT AT ARRIVAL IN KUALA LUMPUR ∙ REMARKS OF THE PRESIDENT TO KOREAN NATIONAL ASSEMBLY SEOUL, KOREA ∙ JOINT STATEMENT OF PRESIDENT JOHNSON AND PRESIDENT PARK ON THE OCCASION OF PRESIDENT JOHNSON’S STATE VISIT TO KOREA",아시아국가 순방,131매,08-2-0015,19,46,,,,
usa1-desc-존슨-2.1.3,Korea,한국,존슨,1965-66년,존슨,2.1.3,"- 1965년 박정희대통령의 방미시 존슨대통령의 환영인사 및 백악관 공보실 발표문(한국과의 공동성명포함), 1966년 존슨대통령의 아시아6개국 순방과 관련된 주요 신문 기사스크랩 (사설, 시사뉴스, 기자회견내용), 수기로 작성된 메모, 한국에서의 존슨대통령 인사말 및 한국국회에서의 연설문 초안, 1967년 박정희대통령에 관한 뉴욕타임즈 기사, THE ATLANTIC EXTRA에 실린 김은국(RICHARD E. KIM)의 기고문(O MY KOREA!), 1966년 6월 미국제협력처에서 작성한 저 개발국 경제데이타(1964-1965) 보고서 등으로 이루어져 있다. 신문기사 스크랩을 비롯하여 기사문, 백악관공보실 발표문, 연설문 초안, 보고서 등 문서형식이 다양하고 한국과 관련된 내용의 수기로 작성된 메모가 여러장 포함되어 있다. [주요 기록물명] ∙ CURRENT NEWS/EDITORIALS/FEATURES COLUMNISTS(FRIDAY, OCTOBER 7, 1966)- The President’s Trip ∙ ATLAS, October 1966-OUR ALLIES LOOK AT VIETNAM ∙ SELECTED ECONOMIC DATA FOR THE LESS DEVELOPED COUNTRIES ∙ figures on Korea/KOREA(Encyclopedia Britannica) ∙ THE ATLANTIC EXTRA, FEBRUARY 1966-O MY KOREA! BY RICHARD E. KIM ∙ TEXT OF JOINT COMMUNIQUE BETWEEN PRESIDENT LYNDON B. JOHNSON AND HIS EXCELLENCY CHUNG HEE PARK, PRESIDENT OF THE REPUBLIC OF KOREA FOLLOWING TALKS IN WASHINGTON, D.C. MAY 17 AND 18, 1965 ∙ NEW YORK TIMES, 2 November 1966-President’s Remarks to Troops and Speech to Korean National Assembly ∙ THE WASHINGTON POST THURSDAY MORNING, 3 NOVEMBER 1966-Armistice Committee Meeting Asked To Protest Red Attack in Korea DMZ ∙ Remarks upon arrival at Kimpo Airport Seoul, Korea, Monday, October 31, 1966",한국,146,08-2-0016,19,47,,,,
usa1-desc-존슨-2.2,"Busby, Horace",,존슨,,존슨,2.2,,,,,,,,,,
usa1-desc-존슨-2.2.1,Park Visit-5/17-5/19/1965,1965년 박정희대통령의 미국방문,존슨,1965년,존슨,2.2.1,"- 이 폴더에는 1965년 5월 17-19일 박정희대통령의 미국방문과 관련된 각종 연설문, 도착 환영식참석자명단, 대통령연설문 초안, 한미공동성명서를 비롯하여 대통령 특별 보좌관 Horace Busby가 수발신한 편지 및 메모 등이 수록되어 있다. 주요 기록물로는 1965년 5월 17일 박정희대통령 환영인사말/만찬사, 5월 18일 백악관 공보실에서 발표한 한미공동성명서(공동성명서 12번에 대해 추가 및 수정내용과 메모있음), 환영식 참석자명단(252 guests) 및 각 부처별로 대통령특별보좌관 Horace Busby에게 보낸 환영식 참석 직원의 명단(이름/직위/재직경력), 1965년 5월17일 박정희대통령 미국도착 환영식에서 찍은 사진(복사된 흑백사진1장 첨부됨)에 존슨대통령이 서명을 하여 환영식에 참석한 정부부처 인사들에게 발송(1965년6월 4-5일)한 것에 대해 사진을 받은 인사들의 감사편지(6월7-17일/주로 6월 8-9일에 온 답장) 및 부처별 수신자명단이 있다. 박대통령의 방미와 상관없이 1955년부터 1964년 사이 미국의 대외 식량지원 프로그램 (FOOD FOR PEACE)의 한국 활동에 대한 비망록, 미국중서부 홍수와 토네이도 피해주민 중 특히 한국전 참전군인을 돕기 위해 주한미국대사를 통해 전달된 한국의 구호품수령을 William F. Crockett가 Horace Busby에게 알리는 편지, 오스틴 외교관계위원회(AUSTIN COMMITTEE ON FOREIGN RELATIONS, 구 외교정책클럽) 10주년 행사에 극동업무담당 차관보 William P. Bundy가 발표자로 참석할 수 있도록 해준 것에 대해 위원회의 사무총장인 George W. Hoffman이 Horace Busby에게 보내는 감사편지, 국가항공우주위원회 R.W. Hale이 Horace Busby에게 Visitors’ Series No.15(South Korea)문서를 첨부하여 보낸 메모(우주과학 분야와 일반과학분야로 나누어 한국인 과학자소개) 등도 포함되어 있다. [주요 기록물명] ∙ Letter from Wayne C. Grover, Archivist of the United States to Horace Busby, Special assistant to the President ∙ Mailed out may 25, 1965 DEPARTMENT OF THE INTERIOR ∙ LISTS PRESIDENT PAK’S ARRIVAL CEREMONY(Names of Employees Selected to Attend White House Ceremonies on May17) ∙ Suggested Remarks Toast, Korean Dinner/Arrival, Korean President Park ∙ TEXT OF JOINT COMMUNIQUE BETWEEN PRESIDENT LYNDON B. JOHNSON AND HIS EXCELLENCY CHUNG HEE PARK, ∙ PRESIDENT OF THE REPUBLIC OF KOREA FOLLOWING TAIKS IN WASHINGTON, D.C. MAY 17 AND 18, 1965 ∙ MEMORANDUM ON KOREA(United States FOOD FOR PEACE IN KOREA) ∙ Letter from William J. Crockett to Horace Busby ∙ Letter from George W. Hoffman to Horace Busby",1965년 박정희대통령의 미국방문,265,08-2-0017,29,48,,,,
usa1-desc-존슨-2.2.2,Park Visit “President Park of Korea Visit-List of Employees who will attend Ceremony”,박정희대통령의 미국방문-환영식 참석자 명단,존슨,1965년,존슨,2.2.2,"- 이 폴더에는 1965년 5월 17일 박정희대통령의 미국도착 환영식에 참석할 각 부처 직원 명단이 Busby에게 보낸 메모에 첨부하는 형식으로 작성되어 있다. 명단은 참석자의 이름/부처근무년수/직위/경력사항 등을 간략하게 정리하여 참석자에 대한 정보를 제공 하였으며 ‘Park Visit-5/17-5/19/1965’폴더에 있는 부처별 명단과 중복된다. 이외에 국무부, 백악관 비상계획실, 중앙정보기관(CIA), 원자력에너지위원회, 국방부의 참석자 명단이 포함되어 있다. [주요 기록물명] ∙ LIST FOR ARRIVAL CEREMONY OF PRESIDENT PARK OF KOREA, MONDAY- MAY17-Department of State/Treasury department/Attorney General/Post Office Department/United States department of the Interior/Department of Agriculture/ Department of Commerce/Department of Health,education and welfare/Bureau of Budget/Office of Emergency Planning/Central Intelligence Agency/Atomic energy Commission/General Services Administration/House and Home finance Agency/ Peace Corps/Office of Economic Opportunity/Veterans Administration/United States Information Agency/Department of Labor Career Employees/Department of Defense",박정희대통령의 미국방문-환영식 참석자 명단,110매,08-2-0018,32,50,,,,
usa1-desc-존슨-2.3,"Christian, George",,존슨,,존슨,2.3,,,,,,,,,,
usa1-desc-존슨-2.3.1,Pueblo,푸에블로호,존슨,1968년,존슨,2.3.1,"- 이 폴더에는 주로 1968년 1월 23일-30일 사이에 작성된 푸에블로호 사건관련 성명서, 기자회견 준비서, 연락메모 및 푸에블로호 사건 질의응답 브리핑북(79매 분량) 등이 수록되어 있다. 주요 기록물에는 푸에블로호사건 직후 나포상황을 설명한 미 국방부 성명서, 백악관과 국무부 대변인의 푸에블로호사건에 대한 기자회견 지침 초안, 대통령 공보비서관 George Christian에게 Dick Moose가 보낸 메모(푸에블로호 사건과 관련한 예상질문/판문점 북미회담 에서 북측인사의 발언 일부, 1월26일 예정된 안전보장이사회에 대한 기본정보), 예비군 소집과 관련한 George Christian의 기자회견내용, 푸에블로호사건을 다룬 Newsweek기사 일부, 한국문제 관련 책 발췌 복사물, 푸에블로호 사건에 관한 질의응답 브리핑북 (브리핑북 내용 중 일부-PUEBLO SEIZURE/NORTH KOREAN ALLIES/NORTH KOREAN RESPONSE TO UN-는 수정문서가 따로 첨부됨) 등으로 이루어져 있다. [주요 기록물명] ∙ DRAFT PRESS GUIDANCE FOR WHITE HOUSE AND STATE DEPT. SPOKESMAN (SUBJECT: PUEBLO) ∙ MEMO FOR WALT ROSTOW AND GEORGE CHRISTIAN FROM DICK MOOSE ∙ MEMORANDUM TO GEORGE FROM DICK MOOSE(Some background on the Security Council meeting scheduled for 3:30pm Jan.26) ∙ NEWS CONFERENCE#1108-A (AT THE WHITE HOUSE WITH GEORGE CHRISTIAN 11:25 AM EST) ∙ THE DEPARTMENT OF DEFENSE STATEMENT(January 23, 1968) ∙ MISFAX342 TO MR. CLARK FROM MR. MONSEN USUN 1/30/68 ∙ NEWSWEEK(‘THEY MEAN BUSINESS’) ∙ “PUEBLO” INCIDENT Question and Answer Briefing Book ∙ Revision1 PUEBLO SEIZURE/Revision2 North Korean Allies/Revision North Korean Response to UN",푸에블로호,1968년,08-2-0019,4,50,,,,
usa1-desc-존슨-2.3.2,Pueblo Miscellaneous File,푸에블로호 관련 기타 서류,존슨,1968년,존슨,2.3.2,"- 이 폴더는 푸에블로호 사건과 관련된 성명서, 보고서, 회의록, 내부연락메모, 전문, 기자 질의응답 준비자료 등으로 이루어져 있다. 1968년 1월 25일-2월 2일 사이에 작성된 이 폴더에는 부분비공개문서(SC No.07399/68) 1건과 비공개보고서(SC No. 01895/68)가 1건 포함되어 있다. 주요 기록물에는 존슨대통령과 민주당지도부 인사들이 푸에블로호 사건에 대해 논의한 회의 비망록, 자문단 회의에서 논의된 조치사항에 대한 보고서, 푸에블로호 사건 관련 기자단 질의응답 준비자료(보도지침), 중앙정보부(CIA)에서 작성한 푸에블로호 상황보고서 (부분비공개: 제한사유 A), L. F. Chapman, JR 해병대사령관이 존슨대통령에게 보낸 동남 아시아 전쟁수행전략에 관한 메모, J. P. McConnell 공군사령관이 대통령에게 보낸 베트 남에서의 국가전략에 관한 메모, 푸에블로호 사건에 대한 소련측 입장을 전하는 전문, 소련 정찰선에 대한 사진설명문(사진은 첨부안됨) 등이 있다. [주요 기록물명] ∙ NOTES OF THE PRESIDENT’S MEETING WITH THE DEMOCRATIC LEADERSHIP January 30, 1968 ∙ MEMORANDUM FOR THE PRESIDENT FROM W.W.Rostow ∙ SOVIET INTELLIGENCE COLLECTOR SHIPS ∙ Meeting with the President Tuesday, January30, 1968, 8:30a.m. Presentation to Congressional Leadership: the PUEBLO case ∙ Report on Meeting of Advisory Group, January29, 1968 ∙ Cable: text of Moscow 2558, January26,1968 ∙ INTELLIGENCE MEMORANDUM: PUEBLO SITREP No.9(부분비공개:제한사유 A) ∙ MEMORANDUM(CIA): Communist Reaction to Certain US Actions ∙ telephoned from Baltimore Sun in Baltimore: From Baltimore Sun correspondent in New Delhi ∙ TELEGRAM TO SEOUL re: Pueblo secret ∙ AUTHORITY REQUIRED FROM CONGRESS IN RELATION TO PUEBLO INCIDENT ∙ DRAFT: Pueblo Press Guidance ∙ MEMORANDUM FOR THE PRESIDENT FROM L.F. CHAPMAN, JR., General, U.S. Marine Corps(Subject: Strategy for the Conduct of the War in SEASIA) ∙ MEMORANDUM FOR THE PRESIDENT FROM DEPARTMENT OF THE AIR FORCE (SUBJECT: National Strategy in Vietnam)",푸에블로호 관련 기타 서류,82매,08-2-0020,12,52,,,,
usa1-desc-존슨-2.4,"Hardesty, Robert",,존슨,,존슨,2.4,,,,,,,,,,
usa1-desc-존슨-2.4.1,Asian Development,아시아개발은행,존슨,1966년,존슨,2.4.1,"- 1966년 3월 아시아개발은행법(Asian Development Bank Act) 서명시 대통령연설문 초안(메모에 첨부된 것을 포함하여 총 8부의 초안이 있음. 수정해가는 과정이어서 내용이 조금씩 다르고 3부는 중복됨)과 백악관 공보실에서 발표한 연설문, Ed Hamilton이 Mr. Robert Hardesty에게 연설문과 관련하여 제안하는 내용의 메모로 이루어져 있다. [주요 기록물명] ∙ DRAFT REMARKS FOR SIGNING OF ASIAN DEVELOPMENT ACT ∙ MEMORANDUM FOR THE PRESIDENT FROM Francis M. Bator(SUBJECT: Signing the Asian Development Bank Act) ∙ MEMORANDUM FOR MR. ROBERT HARDESTY FROM Ed Hamilton ∙ REMARKS OF THE PRESIDENT AT SIGNING OF THE ASIAN BANK BILL OF 1966 IN THE EAST ROOM",아시아개발은행,73매,08-2-0021,9,53,,,,
usa1-desc-존슨-2.5,"Moyers, Bill",,존슨,,존슨,2.5,,,,,,,,,,
usa1-desc-존슨-2.5.1,Korea,한국,존슨,1966년,존슨,2.5.1,"- 주한미국대사관(W.G.Brown대사)에서 워싱턴 미국무부(국무장관)로 보낸 전문에는 베트남추가파병과 관련된 한국정세(4/27/66), 러스크(Rusk) 국무장관과 정일권 국무총리 및 이동원 외무부장관의 대화내용(7/14/66), 군사정전위원회 회의내용(11/4/66)을 요약한 내용이 포함되어 있다. 미국 중앙정보국에서 작성한 메모(Intelligence memorandum)는 현안이 되는 한미행정협정(SOFA)에 대한 한국정부와 야당의 입장을 정리하고 있으며, 이 폴더에는 비공개전문(TDCS DB-315/03023-66) 1건이 포함되어 있다. [주요 기록물명] ∙ cable from AMEMBASSY SEOUL to SECSTATE WASHDC (NOV 4 MAC MEETING) ∙ cable from AMEMBASSY SEOUL to SECSTATE WASHDC (SECRETARY RUSK’S VISIT) ∙ INTELLIGENCE MEMORANDUM (PENDING US-SOUTH KOREAN STATUS-OF-FORCES AGREEMENT)",한국,19매,08-2-0022,81,54,,,,
usa1-desc-존슨-2.6,"Sparks, William",,존슨,,존슨,2.6,,,,,,,,,,
usa1-desc-존슨-2.6.1,Korea,한국,존슨,1967년,존슨,2.6.1,"- 이 폴더에는 1967년 3월 14일 정일권국무총리의 미국방문에 대한 존슨대통령의 환영 인사말과 오찬사 및 준비과정의 연락메모, 백악관 공보실에서 발표한 존슨대통령과 정일권 국무총리의 오찬사와 답례사 및 회담에 대한 합동발표문, 오찬참석자 명단이 수록되어 있다. [주요 기록물명] ∙ VISIT OF PRIME MINISTER IL KWON CHUNG OF THE REPUBLIC OF KOREA March 14-15, 1967(WELCOMING STATEMENT) ∙ LUNCHEON FOR PRIME MINISTER CHUNG IL-KWON OF THE REPUBLIC OF KOREA March 14, 1967(THE PRESIDENT’S TOAST) ∙ EXCHANGE OF TOASTS BETWEEN PRESIDENT LYNDON B. JOHNSON AND THE PRIME MINISTER OF KOREA, CHUNG IL-KWON ∙ JOINT STATEMENT OF PRESIDENT JOHNSON AND PRIME MINISTER IL KWON CHUNG OF THE REPUBLIC OF KOREA",한국,26매,08-2-0023,12,54,,,,
usa1-desc-존슨-3,Special File,,존슨,,존슨,3,,,,,,,,,,
usa1-desc-존슨-3.1,Administrative Histories-Department of State,,존슨,,존슨,3.1,,,,,,,,,,
usa1-desc-존슨-3.1.1,"Vol.1(Narrative): Chapter 7, [Section E, F] “East Asia and Japan” (Japan-Korea Relations)","제1권 7장[섹션 E, F], “동아시아와 일본(한일관계)”",존슨,1968년,존슨,3.1.1,"- 존슨대통령 재임기 미국 국무부의 활동내역 등을 담은 기록물인 Administrative Histories 제1권 7장의 Section E와 F에서 한국 관련부분만을 발췌·수집하였다. Section E는 한일국교정상화와 관련하여 미국이 취한 태도를 요약 설명하였다. Section F는 ’63년 민정이양과 관련하여 미국의 개입, 대한(對韓) 경제지원, 한일국교정상화, SOFA 체결, 한국군의 베트남참전, 푸에블로호(Pueblo)사건 이후 대북 억지력 강화를 위한 미국의 대북대응 등에 관한 내용을 담고 있다.","제1권 7장[섹션 E, F], “동아시아와 일본(한일관계)”",43매,08-2-0024,3,55,East Asia and Japan,,,
usa1-desc-존슨-3.1.2,"[Vol.1(Narrative):] Chapter 7, Section B “East Asian Regionalism”",[제1권 7장]섹션 B “동아시아의 지역주의”,존슨,1968년,존슨,3.1.2,"- 미국 국무부 Administrative Histories 제1권 7장의 Section B에서 한국 관련부분만을 발췌·수집하였다. 동아시아에서 지역적 협력의 필요성, 지역 안보 문제, 1964-68년 미국의 대(對) 동아시아 정책, 지역협력의 정치·안보 관련 목표, 지역경제기구 등을 다루고 있다.",[제1권 7장]섹션 B “동아시아의 지역주의”,19매,08-2-0025,3,56,East Asian Regionalism,,,
usa1-desc-존슨-3.2,Administrative Histories-United States Information Agency,,존슨,,존슨,3.2,,,,,,,,,,
usa1-desc-존슨-3.2.1,"Vol. 1, Chap. 5, Sec. D, “East Asia and Pacific Area(IAF) Program”","제1권 5장 섹션 D, “동아시아·태평양지역 프로그램”",존슨,1968년,존슨,3.2.1,"- 존슨대통령 재임기동안 특히 공산주의자들의 공격에 적극적으로 대응해야 했던 미국 해외공보처(United States Information Agency)의 활동보고서 중 동아시아 및 태평양 지역 활동과 관련하여 개괄적인 지역 개요 소개, USIA의 활동 국가별 예산현황 등을 다루고 있다.","제1권 5장 섹션 D, “동아시아·태평양지역 프로그램”",20매,08-2-0026,1,56,East Asia and Pacific Area(IAF) Program,,,
usa1-desc-존슨-3.3,Statements of Lyndon B. Johnson,,존슨,,존슨,3.3,,,,,,,,,,
usa1-desc-존슨-3.3.1,"Remarks by VP on Greeting Chairman Park of Korea, 11/13/61",1961년 박정희의장 방미에 대한 부통령의 환영사,존슨,1961년,존슨,3.3.1,- 1961년 11월 13일(국가최고회의) 박정희 의장의 워싱턴방문에 대한 존슨 당시 미국 부통령의 환영인사말,1961년 박정희의장 방미에 대한 부통령의 환영사,2매,08-2-0027,58,57,"REMARKS FOR CHAIRMAN PARK’S VISIT November 13, 1961",,,
usa1-desc-존슨-3.3.2,"Program for State Visit of His Excellency Chung Hee Park, President of Republic of Korea and Mrs. Park to the US, 5/16-26/65",1965년 5월 16일-26일 박정희대통령 내외의 국빈방문 일정,존슨,1961년,존슨,3.3.2,"- 1965년 박정희대통령내외의 미국 국빈방문시 한국 및 미국측 수행원명단과 방미일정표 (5월 16일-26일). 방미 최종일정표(복사본 3부) 및 2번째, 5번째 수정본이 포함되어 있으며, 수행원명단은 임시명단과 최종명단 2부가 따로 포함되어 있다. 그 외에 국무부 의전부서에서 작성한 관련 정보를 담은 문서, 호칭 형식에 관한 문서, 워싱턴도착 환영식 관련 문서, 공보부에서 언론에 발표한 박정희대통령 방미일정으로 간소한 것과 세부적인 것 2부가 있다. 또한 국무부에서 작성한 한국에 대한 배경정보문서, 한국측 인사들의 개인약력(박정희/장기영/김성은/이후락 등), 5월 17일 존슨대통령과의 회담시 참석자 명단, 존슨대통령이 박정희대통령에게 보내는 선물과 관련된 내부 메모로 이루어져 있다. 이 폴더에는 2건의 비공개문서(memo to Mr. Valenti from McGeorge Bundy, memo to the President from George Ball; 제한사유 A)가 포함되어 있다.",1965년 5월 16일-26일 박정희대통령 내외의 국빈방문 일정,2매,08-2-0028,146,57,"Program for State Visit of His Excellency Chung Hee Park, President of Republic of Korea and Mrs. Park to the US, 5/16-26/65 | Miscellaneous Information for Use During the Visit to the United States of His Excellency Chung Hee Park, President of the Republic of Korea, and Mrs. Park | Place Card, Form of Address, and Pronunciation Information on Korean Dignitaries for Use by Host Organizations | Administrative Arrangements for the Arrival at Washington, D. C. Nonday, May 17, | Memorandum from U.S. Secret Service to The President (Subject: Itinerary- Reception at Mayflower Hotel-6:30 PM-May18, 1965) | Meeting with President Johnson Monday, May17, 1965, 5:00p.m(Participants) | Memorandum for The President (Subject: Gifts in connection with the visit of H.E. Chung Hee Park)",,,
usa1-desc-존슨-3.3.3,"Remarks of the President at the arrival ceremony of President Chung Hee Park, 5/17/65",1965년 5월 17일 박정희대통령 환영식에서 존슨대통령의 환영인사,존슨,1965년,존슨,3.3.3,- 1965년 박정희대통령 워싱턴 도착 환영식에서의 존슨대통령 환영사. 카드형식과 텍스트 형식의 문서로 각각 복사되어 있고 공보부 발표문에는 존슨대통령의 환영사와 박정희 대통령의 답사가 함께 기재되어 있다.,1965년 5월 17일 박정희대통령 환영식에서 존슨대통령의 환영인사,15매,08-2-0029,146,58,"REMARKS OF THE PRESIDENT AT THE ARRIVAL CEREMONY OF HIS EXCELLENCY CHUNG HEE PARK, PRESIDENT OF THE REPUBLIC OF KOREA, ON THE SOUTH LAWN OF THE WHITE HOUSE",,,
usa1-desc-존슨-3.3.4,"Exchange of Toasts between Pres. & Pres. Park at State Dinner, 5/17/65",1965년 5월 17일 한미정상의 만찬사 및 답례사,존슨,1965년,존슨,3.3.4,"- 박정희대통령 환영만찬회의 존슨대통령 만찬사. 카드형식과 텍스트형식의 문서로 각각 복사되어 있으며 미국 공보부의 발표문에는 존슨대통령의 만찬사와 박정희대통령의 답사가 함께 기재되어 있다. 그외에 월터 트렘플러(Walter Trampler) 공연프로그램 안내문과 양국의 선물교환내용, 만찬참석자 명단 등이 포함되어 있다.",1965년 5월 17일 한미정상의 만찬사 및 답례사,26매,08-2-0030,146,59,EXCHANGE OF TOASTS BETWEEN PRESIDENT LYNDON B. JOHNSON AND PRESIDENT CHUNG HEE PAK OF THE REPUBLIC OF KOREA AT A STATE DINNER IN THE STATE DINING ROOM | MEMORANDUM FOR MRS. JUANITA ROBERTS(Subject: Gifts exchanged during Visit of H.E. Chung Hee Park of Korea),,,
usa1-desc-존슨-3.3.5,"Joint Statement of the Pres. and President Park, 5/18/65",1965년 5월 18일 한미정상 공동성명서,존슨,1965년,존슨,3.3.5,"- 한미정상의 합동발표문, 공동성명 추가내용을 첨부하여 Horace Busby가 존슨대통령에 보낸 메모, 그 외에 대한민국 국회에서 주한미국대사에게 전달한 수재의연금에 대해 존슨대통령에게 알리는 Horace Busby의 메모와 그 메모에 첨부된 미국대사(Winthrop Brown)의 편지, 그리고 정상회담 참석자 명단으로 이루어져 있다.",1965년 5월 18일 한미정상 공동성명서,12매,08-2-0031,147,60,"JOINT COMMUNIQUE | MEMORANDUM FROM Horace Busby FOR THE PRESIDENT (Revised Suggested US-Korea Communique Addition) | MEMORANDUM FROM Horace Busby FOR THE PRESIDENT(subject: Item to Mention, Korean Talks) | LIST FOR 5:00 P.M. MEETING WITH PRESIDENT PARK",,,
usa1-desc-존슨-3.3.6,"Statement by the President on the Proposed Korean Institute for Industrial Technology and Applied Science, 8/5/65",1965년 8월 5일 존슨대통령의 한국산업기술 및 응용과학연구소 설립제안 연설문,존슨,1965년,존슨,3.3.6,- 한국산업기술 및 응용과학연구소 설립 지원을 제안하는 존슨대통령의 발표문으로 초안과 공식발표문으로 이루어져 있다.,1965년 8월 5일 존슨대통령의 한국산업기술 및 응용과학연구소 설립제안 연설문,9매,08-2-0032,156,60,"Statement by the President on the Proposed Korean Institute for Industrial Technology and Applied Science, 8/5/65",,,
usa1-desc-존슨-3.3.7,"Remarks of the President at the Signing of the Asian Development Bank Act, 3/16/66",1966년 3월 16일 존슨대통령의 아시아개발은행법 서명식 연설문,존슨,1966년,존슨,3.3.7,"- 1966년 3월 16일 아시아개발은행법 서명식의 존슨대통령 연설문과 백악관 공보부에서 배포한 연설문, 연설문 초안(수정메모가 첨삭되어 있음), 서명식 준비와 관련하여 Francis M. Bator가 존슨대통령 및 Mr. Valenti에게 참석자명단과 발표문초안을 첨부하여 보낸 메모 등으로 이루어져 있다.",1966년 3월 16일 존슨대통령의 아시아개발은행법 서명식 연설문,79매,08-2-0033,180,61,REMARKS OF THE PRESIDENT AT SIGNING OF THE ASIAN BANK BILL OF 1966 IN THE EAST ROOM | MEMORANDUM FOR THE PRESIDENT FROM Francis M.Bator(Subject: Signing the Asian Development Bank Act) | MEMORANDUM FOR THE PRESIDENT FROM Henry H. Fowler(Subject: Signing Ceremony for Asian Development Bank Bill) | DRAFT REMARKS FOR SIGNING OF ASIAN DEVELOPMENT ACT,,,
usa1-desc-존슨-3.3.8,"Background-Korea-Speeches, 10/17-11/2/66",한국 배경정보 및 1966년 한국 방문시 존슨대통령의 연설문,존슨,1966년,존슨,3.3.8,"- 1966년 존슨대통령의 한국방문시 연설문 작성에 참고하기 위한 박정희대통령의 ASPAC연설문과 APU연설문을 요약한 문서, 존슨대통령의 한국연설문 초안, Robert L. Bruce가 Charles Maguire에게 보낸 메모, 한국역사에 대한 일반정보, 국무부에서 작성한 한국에 대한 배경정보, 한국 교육제도에 대해 작성한 개요문서, William B. Poff가 존슨대통령에게 로어노크(Roanoke)와 원주의 자매도시관계를 설명하는 편지 그리고 미합중국 인쇄국에서 발행한 한미관계역사에 대한 요약서 복사물로 이루어져 있다.",한국 배경정보 및 1966년 한국 방문시 존슨대통령의 연설문,168매,08-2-0034,217,61,PRESIDENT’S ASIAN TRIP October-November 1966 (Subject: Materials for the President’s Speeches: Korea) | FIRST ROUGH NOTES FOR POSSIBLE SPEECH BY PRESIDENT JOHNSON IN KOREA | memo from Mr. Robert L. Bruc (Executive Secretariat) to Mr. Charles Maguire(The White House) | GENERAL INFORMATION (HISTORY)/Background Notes (KOREA)/EDUCATION IN KOREA (AN OVERVIEW) | Letter from William B. Poff to The President | A Historical Summary of United States-Korean Relations with a Chronology of Important developments 1834-1962,,,
usa1-desc-존슨-3.3.9,"Remarks of President at Welcoming Ceremony at City Hall Plaza, Seoul, Korea, 10/31/66",1966년 10월 31일 서울시청 앞 존슨대통령 환영식에서 연설문,존슨,1966년,존슨,3.3.9,"- 존슨대통령의 김포공항 도착 인사말 (Walter Coyne 작성, 초안 복사본 2부)과 서울도착 인사말(수기 작성)",1966년 10월 31일 서울시청 앞 존슨대통령 환영식에서 연설문,9매,08-2-0035,220,62,Remarks upon arrival at Kimpo Airport,,,
usa1-desc-존슨-3.3.10,"President’s Toast at a Dinner given in his honor by President and Mrs. Park of Korea, 10/31/66",1966년 10월 31일 박정희대통령 내외 주최 만찬에서 존슨대통령의 건배사,존슨,1966년,존슨,3.3.10,- 존슨대통령의 서울도착 인사말과 만찬 건배사(복사본 3부: 카드형식/백악관 공보부 발표문/Walter Coyne이 작성한 첫번째 초안),1966년 10월 31일 박정희대통령 내외 주최 만찬에서 존슨대통령의 건배사,27매,08-2-0036,220,63,"Presidential Remarks on arrival at Seoul, Korea October 31, 1966 | President Johnson’s Toast to President Park, State Dinner, Seoul, Korea",,,
usa1-desc-존슨-3.3.11,"Teletypes-Seoul, Korea, 10/31/-11/2/66","1966년 10월 31-11월 2일, 텔레타이프-서울",존슨,1966년,존슨,3.3.11,"- 서울 주재 미공보원(USIS)에서 워싱턴 국무부(국제정보프로그램: USINFO)로 텔레타이프 형식으로 보낸 존슨대통령 발표문 모음. 서울도착 인사말, 만찬건배사, 대한민국 국회 에서의 연설문, 태안방문시 연설문, 김포공항 출국 송별사, 한미공동성명서로 구성되어 있다.","1966년 10월 31-11월 2일, 텔레타이프-서울",34매,08-2-0037,220,63,"USINFO WASHINGTON D.C. PASS TO PAUL POPPLE WHITE HOUSE | TEXT OF THE REMARKS OF THE PRESIDENT UPON ARRIVAL AT SEOUL KOREA | TEXT OF THE PRESIDENT’S TOAST TO PRESIDENT PARK, STATE DINNER, SEOUL, KOREA | JOINT STATEMENT OF PRESIDENT JOHNSON AND PRESIDENT PARK ON THE OCCASION OF PRESIDENT JOHNSON’S STATE VISIT TO KOREA | FROM USIS SEOUL TO USINFO WASHDC | TEXT TO REMARKS MADE BY PRESIDENT JOHNSON AT TAE-AN MYUN, KOREA ON NOV. 1, 1966 | ADVANCE TEXT OF REMARKS BY PRESIDENT JOHNSON BEFORE THE KOREAN NATIONAL ASSEMBLY, SEOUL, KOREA ON NOV. 2, 1966 | TEXT OF PRESIDENT JOHNSON’S REMARKS ON ARRIVAL AT CITY HALL PLAZA | THE TEXT OF PRESIDENT JOHNSON’S FAREWELL REMARKS AT KIMPO INTERNATIONAL AIRPORT NOVEMBER 2",,,
usa1-desc-존슨-3.3.12,"Remarks of President to American and Korean servicemen at Camp Stanley, Korea, 11/1/66",1966년 11월 1일 캠프 스탠리에서 존슨대통령의 연설문,존슨,1966년,존슨,3.3.12,-1966년 11월 1일 스탠리 미군기지에서 존슨대통령이 장병들에게 한 격려사,1966년 11월 1일 캠프 스탠리에서 존슨대통령의 연설문,18매,08-2-0038,220,64,"REMARKS OF THE PRESIDENT AT CAMP STANLEY, KOREA",,,
usa1-desc-존슨-3.3.13,"Remarks of President at Dedication of Johnson Hill Tae-an Myun Agriculture Demonstration Center, Suwon, Korea, 11/1/66",1966년 11월 1일 태안면 농업전시장 ‘존슨 힐’ 기념비 제막식에서 존슨대통령의 격려사,존슨,1966년,존슨,3.3.13,-태안면 시범농촌 시찰 후 “존슨 힐” 기념비 제막식에 참석한 존슨대통령의 격려사,1966년 11월 1일 태안면 농업전시장 ‘존슨 힐’ 기념비 제막식에서 존슨대통령의 격려사,6매,08-2-0039,220,64,"Remarks of President at Dedication of Johnson Hill Tae-an Myun Agriculture Demonstration Center, Suwon, Korea, 11/1/66",,,
usa1-desc-존슨-3.3.14,"Joint Statement of President and President Park on the Occasion of President’s State Visit to Korea, 11/2/66",1966년 11월 2일 한미정상 공동성명서,존슨,1966년,존슨,3.3.14,-1966년 11월 2일 존슨대통령의 대한민국 국빈방문시 한미정상의 공동성명서,1966년 11월 2일 한미정상 공동성명서,3매,08-2-0040,220,65,JOINT STATEMENT OF PRESIDENT JOHNSON AND PRESIDENT PARK ON THE OCCASION OF PRESIDENT JOHNSON’S STATE VISIT TO KOREA,,,
usa1-desc-존슨-3.3.15,"Remarks of the President before the Korean National Assembly, Seoul, Korea, 11/2/66",1966년 11월 2일 대한민국 국회에서 존슨대통령 연설문,존슨,1966년,존슨,3.3.15,"- 1966년 11월 2일 존슨대통령의 대한민국 국회연설문. 백악관 공보부의 공식발표문 뿐만 아니라 Walter Coyne이 작성한 초안과 수정안도 포함되어 있다. 한국 도착 및 출국 인사의 주제 요약문과 서울의 대학, 국제활동의 중심지로서의 한국의 위치를 주제로 정리한 연락문도 포함되어 있다. 이 폴더에는 비공개 전문(cable: Embtel from Tokyo 2749) 1건이 포함되어 있다.",1966년 11월 2일 대한민국 국회에서 존슨대통령 연설문,104매,08-2-0041,220,65,"REMARKS OF THE PRESIDENT TO KOREAN NATIONAL ASSEMBLY, SEOUL, KOREA | MEMORANDUM FOR MR. ROBERT KINTNER FROM WALTER COYNE (Attached Statement to the National Assembly of Korea, 1st draft) | Memo from Bill Moyers to The President | For Seoul (Theme(1) Values of freedom and pluralism among universities. (2) Korea as a cross-roads of modern contact, hence more able to make a contribution) | THE PRESIDENT’S VISIT TO THE REPUBLIC OF KOREA (Themes for the Arrival Statement/Themes for the Departure Statement)",,,
usa1-desc-존슨-3.3.16,"Farewell Remarks of President at Kimpo International Airport, Seoul, Korea, upon Departing for Alaska, 11/2/66",1966년 11월 2일 존슨대통령의 송별사,존슨,1966년,존슨,3.3.16,- 존슨대통령의 송별사. 백악관 공보부 발표문과 Walter Coyne이 작성한 초안이 함께 수록되어 있다.,1966년 11월 2일 존슨대통령의 송별사,7매,08-2-0042,220,66,"REMARKS OF THE PRESIDENT ON DEPARTING KIMPO AIRPORT, SEOUL, KOREA | Remarks in Seoul upon leaving for Alaska written by Walter Coyne, Draft 1st",,,
usa1-desc-존슨-3.3.17,"Exchange of Remarks between President and Prime Minister Chung Il-Kwon of Korea, 3/14/67",1967년 3월 14일 존슨대통령 환영사와 정일권총리의 답사,존슨,1967년,존슨,3.3.17,"- 1967년 정일권총리의 방미시 존슨대통령의 환영사. Bill Jordan이 작성한 초안, John Roche와 harry Mcpherson의 초안수정과 대통령에게 보낸 수정문 및 백악관 공보부가 발표한 공식 발표문(공식발표문에는 존슨대통령의 환영사뿐만 아니라 정일권총리의 답사도 포함됨)으로 구성되어 있다.",1967년 3월 14일 존슨대통령 환영사와 정일권총리의 답사,82매,08-2-0043,231,66,EXCHANGE OF REMARKS BETWEEN PRESIDENT LYNDON B. JOHNSON AND PRIME MINISTER CHUNG IL-KWON OF KOREA | MEMORANDUM from Robert E. Kintner to President (Attached Welcoming statement rewritten by John Roche and Harry Mcpherson) | MEMORANDUM from Charles Maguire to John Roche and Harry Mcpherson (Attached Welcoming statement written by Bill Jordan),,,
usa1-desc-존슨-3.3.18,"Exchange of Toasts between President and PM Chung Il-Kwon of Korea, 3/14/67",1967년 3월 14일 존슨대통령의 만찬사와 정일권총리의 답사,존슨,1967년,존슨,3.3.18,"- 존슨대통령과 정일권총리의 오찬 건배사와 답사(백악관공보부 발표문, 초안 및 수정안 포함)와 존슨대통령의 정일권총리 워싱턴방문 환영사가 수록되어 있다.",1967년 3월 14일 존슨대통령의 만찬사와 정일권총리의 답사,94매,08-2-0044,231,67,"EXCHANGE OF TOASTS BETWEEN PRESIDENT LYNDON B. JOHNSON AND THE PRIME MINISTER OF KOREA, CHUNG IL-KWON | MEMORANDUM from Robert E. Kintner to President(Attached draft for President’s toast at the luncheon rewritten by John Roche and Harry Mcpherson)/LUNCHEON FOR PRIME MINISTER CHUNG IL-KWON OF THE REPUBLIC OF KOREA March 14, 1967, THE PRESIDENT’S TOAST(written by Bill Jordan) | SCENARIO FOR ARRIVAL OF PM CHUNG/Welcoming Remarks for Prime Minister Il Kwon Chung of Korea, March 14, 1967",,,
usa1-desc-존슨-3.3.19,"President’s Remarks at the Korean Consulate Reception, Honolulu, Hawaii, 4/17/68",1968년 4월 17일 주하와이 한국영사관 리셉션에서 존슨대통령의 연설문,존슨,1968년,존슨,3.3.19,"- 존슨대통령의 주 호놀룰루 한국영사관 주최 리셉션에서 발표한 연설문(백악관 공보부 발표문, 초안 및 수정안 포함)",1968년 4월 17일 주하와이 한국영사관 리셉션에서 존슨대통령의 연설문,26매,08-2-0045,275,68,"REMARKS OF THE PRESIDENT AT THE KOREAN CONSULATE HONOLULU, HAWAII | MEMO from Tom Johnson to Juanita Roberts(draft of the President’s speech in Honolulu at the Korean Consulate)",,,
usa1-desc-존슨-3.3.20,"Joint Statement following Discussion with President Park, 4/17/68",1968년 4월 17일 한미정상 공동성명서,존슨,1968년,존슨,3.3.20,-1968년 하와이에서 한미정상회담 후 발표한 공동성명서,1968년 4월 17일 한미정상 공동성명서,3매,08-2-0046,275,68,JOINT COMMUNIQUE(KOREAN SITUATION/VIETNAM/ASIA AND THE PACIFIC/ CONCLUSION),,,
usa1-desc-존슨-3.3.21,"President’s Message to Officers and Men of the Pueblo, 12/24/68",1968년 12월 24일 푸에블로호 승무원에게 존슨대통령이 보내는 메시지,존슨,1968년,존슨,3.3.21,-북한에서 송환된 푸에블로호 승무원들에게 보내는 존슨대통령의 위로 메시지,1968년 12월 24일 푸에블로호 승무원에게 존슨대통령이 보내는 메시지,1매,08-2-0047,295,69,TEXT OF THE PRESIDENT’S MESSAGE TO THE OFFICERS AND MEN OF THE PUEBLO,,,
usa1-desc-존슨-3.4,Meeting Notes File,,존슨,,존슨,3.4,,,,,,,,,,
usa1-desc-존슨-3.4.1,1/24/68-Meeting with State Department on Pueblo,1968년 1월 24일-푸에블로호 사건 관련 국무부 회의,존슨,1968년,존슨,3.4.1,- 1968년 1월 24일 푸에블로호 사건을 논의하기 위한 미국무부 회의 관련 문서로 참석자 명단 및 발언내용이 수록되어 있다.,1968년 1월 24일-푸에블로호 사건 관련 국무부 회의,3매,08-2-0048,2,69,"MEETING AT THE STATE DEPARTMENT ON THE PUEBLO January 24, 1968",,,
usa1-desc-존슨-3.4.2,1/31/68-Meeting with Congressional Leaders,1968년 1월 31일 의회지도자와 회의,존슨,1968년,존슨,3.4.2,- 1968년 1월 31일 의회 주요 인사들과 가진 베트남전 및 푸에블로호사건에 대한 브리핑 겸 회의에 대한 의사록. 브리핑 중 질문과 브리핑 후 발언은 별도로 정리되어 있으며 부분공개기록물은 해당내용을 삭제하였다.,1968년 1월 31일 의회지도자와 회의,58매,08-2-0049,2,69,"MEETING OF CONGRESSIONAL LEADERS, JANUARY 31, 1968",,,
usa1-desc-존슨-3.5,Tom Johnson’s Notes of Meeting,,존슨,,존슨,3.5,,,,,,,,,,
usa1-desc-존슨-3.5.1,"1/23/68, 12:58 p.m.-Pueblo I-Tuesday Luncheon Meeting",1968년 1월 23일 푸에블로호 사건 1-화요일 오찬회의,존슨,1968년,존슨,3.5.1,- 1968년 1월 23일 푸에블로호 사건을 다루기 위한 오찬회의(12:58 p.m.-2:30 p.m.)의 참석자명단과 발언내용 정리,1968년 1월 23일 푸에블로호 사건 1-화요일 오찬회의,9매,08-2-0050,2,70,"NOTES OF THE PRESIDENT’S TUESDAY NATIONAL SECURITY LUNCH, January 23, 1968, In the Mansion)",,,
usa1-desc-존슨-3.5.2,"1/24/68, 1 p.m.-Pueblo II-National Security Council",1968년 1월 24일 푸에블로호 사건 2-국가안보회의,존슨,1968년,존슨,3.5.2,"- 1968년 1월 24일 푸에블로호 사건을 다루기 위한 국가안보회의(1:00 p.m.-2:06 p.m.)의 참석자명단과 발언내용 정리 회의기록에는 푸에블로호에 대한 평양의 발표문, 푸에블로호 함장 LLOYD MAFK BUCHER의 구술서, 1968년 1월 22일 10:00pm-1968년 1월 23일 3:30 am까지의 푸에블로호/ 북한/야전군사령부/미국방부/백악관의 상황을 정리한 표 등이 첨부되어 있다.",1968년 1월 24일 푸에블로호 사건 2-국가안보회의,32매,08-2-0051,2,70,"NOTES OF THE PRESIDENT’S MEETING WITH THE NATIONAL SECURITY COUNCIL, January 24, 1968, Cabinet Room",,,
usa1-desc-존슨-3.5.3,"1/24/68, 7:50 p.m.-Pueblo 3-McNamara, Rusk, Rostow, Clifford, Christian, Johnson 1968년 1월 24일 푸에블로호 사건 3-맥나마라, 러스크, 로스토, 클리포드,","크리스찬, 톰 존슨",존슨,1968년,존슨,3.5.3,"- 1968년 1월 24일 각료회의(7:50 p.m.-8:25 p.m.) 기록(참석자명단과 발언내용 정리)과 Bob Fleming이 존슨대통령에게 보낸 메모, 푸에블로호 관련 신문기사 스크랩 등이 수록되어 있다.","크리스찬, 톰 존슨",13매,08-2-0052,2,71,"NOTES OF THE PRESIDENT’S MEETING WITH: Secretary Rusk, Secretary McNamara, Clark Clifford, Walt Rostow, George Christian, Tom Johnson, January 24, 1968, Cabinet Room | MEMORANDUM FOR THE PRESIDENT FROM Bob Fleming(George suggested a prompt report on the TV network news shows)",,,
usa1-desc-존슨-3.5.4,"1/25/68, 8:30 a.m.-Pueblo 4-Breakfast-Rusk, McNamara, Goldberg, Rostow, Christian 1968년 1월 25일 푸에블로호 사건 4-조찬-러스크, 맥나마라, 골드버그,","로스토, 크리스찬",존슨,1968년,존슨,3.5.4,"- 푸에블로호 사건 관련 4번째 회의인 1968년 1월 25일 조찬회의(8:30 a.m.-9:55 a.m.) 기록(참석자명단과 발언내용 정리) 및 해·공군예비역, 미국 주(州)공군 특정부대에 전시근무를 명하는 대통령명령에 대한 백악관 발표문, 존슨대통령이 소련수상 코시긴 (Kosygin)에게 보내는 전문(OUTGOING TELEGRAM)의 초안으로 이루어져 있다.","로스토, 크리스찬",16매,08-2-0053,2,72,"NOTES OF THE PRESIDENT’S BREAKFAST MEETING WITH: Secretary Rusk, Secretary McNamara, Ambassador Goldberg, Walt Rostow, George Christian, Tom Johnson, January 25, 1968, In the Mansion | EXECUTIVE ORDER (ORDERING CERTAIN UNITS OF THE READY RESERVE OF THE NAVAL RESERVE, AIR FORCE RESERVE AND AIR NATIONAL GUARD OF THE UNITED STATES TO ACTIVE DUTY) | OUTGOING TELEGRAM (DRAFTING OFFICE COPY) FROM STATE(LYNDON B. JOHNSON) TO AmEmbassy MOSCOW(Chairman Kosygin)",,,
usa1-desc-존슨-3.5.5,"1/25/68, 1:26 p.m.-Pueblo 5-Luncheon Meeting-McNamara, Rusk, Katzenbach, Wheeler, etc","1968년 1월 25일 푸에블로호 사건 5-오찬-맥나마라, 러스크, 카첸바흐, 휠러 등",존슨,1968년,존슨,3.5.5,- 푸에블로호 사건 관련 5번째 회의인 1968년 1월 25일 오찬회의(1:26 p.m.-) 기록(참석자 명단과 발언내용 정리)과 러스크 국무장관이 파키스탄 미대사관으로 보낸 전문(파키스탄 대통령 AYUB에게 존슨대통령의 구두전언을 전달하라는 내용)으로 이루어져 있다.,"1968년 1월 25일 푸에블로호 사건 5-오찬-맥나마라, 러스크, 카첸바흐, 휠러 등",16매,08-2-0054,2,72,"NOTES OF THE PRESIDENT’S LUNCHEON MEETING WITH SECRETARY RUSK, SECRETARY McNAMARA, UNDER SECRETARY KATZENBACH, GENERAL WHEELER, WALT ROSTOW, U.N.REPRESENTATIVE GOLDBERG, MR. SAMUEL BERGER-STATE DEPARTMENT, CLARK CLIFFORD, RICHARD HELMS, GEORGE CHRISTIAN, TOM JOHNSON, In the Family Dining Room, January 25, 1968 | TELEGRAM FROM SECSTATE WASHDC TO AMEMBASSY RAWALPINDI (FOR AMBASSADOR FROM SECRETARY)",,,
usa1-desc-존슨-3.5.6,"1/25/68, 6:30 p.m.-Pueblo 6-Senior Advisors Meeting-Rusk, McNamara, Wheeler, Helms, etc","1968년 1월 25일 푸에블로호 사건 6-고문회의-러스크, 맥나마라, 휠러, 헬름 등",존슨,1968년,존슨,3.5.6,- 푸에블로호 사건 관련 6번째 회의인 1968년 1월 25일 자문위원회의(6:30 p.m.-7:45 p.m.)에 대한 기록으로 참석자명단과 발언내용을 정리하였다.,"1968년 1월 25일 푸에블로호 사건 6-고문회의-러스크, 맥나마라, 휠러, 헬름 등",11매,08-2-0055,2,73,"NOTES ON THE PRESIDENT’S THURSDAY NIGHT MEETING ON THE PUEBLO INCIDENT, JANUARY 25, 1968",,,
usa1-desc-존슨-3.5.7,"1/26/68, 11:00 a.m.-Pueblo 7-Senior Advisors-McNamara, Katzenbach, Wheeler, Helms, Nitze, etc 1968년 1월 26일 푸에블로호 사건 7-고문 회의-맥나마라, 카첸바흐, 휠러,","헬름, 니츠 등",존슨,1968년,존슨,3.5.7,"- 푸에블로호 사건 관련 7번째 회의인 1968년 1월 26일 금요일 오전 회의(11:00 a.m.- 12:02 p.m) 기록(참석자명단과 발언내용 정리)과 부속문서(Appendix) 4종(A: UN안보리 의장에게 보내는 사건 전말을 알리는 서신, B:모스크바 미대사관에서 국무부로 보낸 전문(코시긴(Kosygin)에게 보내는 대통령의 전문을 그로미코(Gromyko)를 통해 전달 했음을 알림), C:날짜와 지명, 전투기종류들과 숫자가 적혀있는 수기로 작성된 문서 1장, D:457 전술전투비행단의 한국이동 대기에 대한 질문과 답변)으로 이루어져 있다.","헬름, 니츠 등",36매,08-2-0056,2,74,"NOTES OF PRESIDENT’S FRIDAY MORNING MEETING ON THE PUEBLO INCIDENT January 26, 1968",,,
usa1-desc-존슨-3.5.8,"1/26/68, 7:29 p.m.-Pueblo Backgrounder with Hugh Sidey and Jack Sutherland",1968년 1월 26일-H. Sidey와 J. Sutherland에게 푸에블로호 사건 배경 설명,존슨,1968년,존슨,3.5.8,"- 1968년 1월26일 대통령집무실에서 존슨대통령이 기자들(Hugh Sidey, Jack Horner)과 가진 푸에블로호 사건에 대한 정부측 배경설명에 대한 기록(면담시간 7:29 p.m.-8:45 p.m.)과 부속문서(Appendix) 2종(A: 평양에서 발표한 푸에블로호 함장 Lloyd Mark Bucker의 진술서 B: 푸에블로호 사건에 대한 신문기사 스크랩)으로 이루어져 있다.",1968년 1월 26일-H. Sidey와 J. Sutherland에게 푸에블로호 사건 배경 설명,14매,08-2-0057,2,74,"NOTES OF THE PRESIDENT’S MEETING WITH HUGH SIDEY OF TIME AND JACK HORNER OF THE WASHINGTON STAR, January 26, 1968, President’s Office | Appendix A : CAPTAIN OF CAPTURED ARMED SPY SHIP CONFESSES",,,
usa1-desc-존슨-3.5.9,"1/27/68, 1:25 p.m.-National Alliance of Businessmen Luncheon",1968년 1월 27일-전국경제인연합회 인사들과 오찬,존슨,1968년,존슨,3.5.9,- 1968년 1월 27일 전국경제인연합 인사들과의 오찬모임(1:25 p.m.-3:45 p.m.)에 대한 기록(참석자명단과 발언내용이 정리되어 있고 대통령의 발언 논점을 정리한 백악관 공보부 문서가 첨부되어 있음)과 대통령 오찬 발언내용을 정리한 기록(다른 사람의 발언도 같이 정리되어 있음)으로 이루어져 있다.,1968년 1월 27일-전국경제인연합회 인사들과 오찬,29매,08-2-0058,2,75,"NOTES OF THE PRESIDENT’S MEETING WITH THE NATIONAL ALLIANCE OF BUSINESSMEN, In the Mansion, January 27, 1968 (Attachment A: TALKING POINTS OF THE PRESIDENT AT THE LUNCHEON FOR THE NATIONAL ALLIANCE OF BUSINESSMEN) | REMARKS OF THE PRESIDENT, LUNCHEON FOR BUSINESSMEN, JANUARY 27, 1968",,,
usa1-desc-존슨-3.5.10,"1/29/68, 1:04 p.m.-Pueblo 8-Joint Chief of Staff and Christian, Johnson, McNamara, Nitze, Rostow 1968년 1월 26일 푸에블로호 사건 8-합참본부, 크리스찬, 톰 존슨, 맥나마라,","니츠, 로스토",존슨,1968년,존슨,3.5.10,- 푸에블로호 사건 관련 8번째 회의인 1968년 1월 29일 합동참모본부 회의(1:04 p.m.- 1:40 p.m.)에 대한 기록(참석자명단과 발언내용 정리),"니츠, 로스토",29매,08-2-0059,2,75,"NOTES OF THE PRESIDENT’S MEETING WITH THE JOINT CHIEFS OF STAFF, January 29, 1968, Cabinet Room",,,
usa1-desc-존슨-3.5.11,"1/29/68, 1:40 p.m.-Pueblo 9-Senior Advisors-McNamara, Rusk, Katzenbach, Lodge, Helms, etc 1968년 1월 29일 푸에블로호 사건 9-고문회의-맥나마라, 러스크, 카첸바흐,","롯지, 헬름 등",존슨,1968년,존슨,3.5.11,- 푸에블로호 사건 관련 9번째 회의인 1968년 1월 29일 자문위원 오찬회의(1:40 p.m.- 3:25 p.m.) 기록(참석자명단과 발언내용 정리)과 육군중장 A. J. Goodpaster가 육군대장 Eisenhower와의 전화통화 내용에 대해 작성한 기록,"롯지, 헬름 등",14매,08-2-0060,2,76,"NOTES OF THE PRESIDENT’S LUNCHEON MEETING WITH SENIOR AMERICAN ADVISORS, January 29, 1968, The family Dining Room | MEMORANDUM FOR RECORD(SUBJECT: Telephone conversation with General Eisenhower, 27 January 1968)",,,
usa1-desc-존슨-3.5.12,"1/30/68, 8:30 a.m.-Pueblo 10-Congressional Leadership Breakfast",1968년 1월 30일 푸에블로호 사건 10-의회 지도자와 조찬,존슨,1968년,존슨,3.5.12,- 푸에블로호 사건 관련 10번째 회의인 1968년 1월 30일 의회 지도인사들과 조찬회의 (8:30 a.m.-11:00 a.m.) 기록. 참석자 명단과 발언내용을 정리하고 있으며 민주당 인사들과의 모임(8:30 a.m.-10:06 a.m.)과 그 직후에(조찬모임 참석자 중에서) 지지자들과 가진 모임으로 2부분으로 나누어 기록하였다.,1968년 1월 30일 푸에블로호 사건 10-의회 지도자와 조찬,19매,08-2-0061,2,76,"NOTES OF THE PRESIDENT’S MEETING WITH THE DEMOCRATIC LEADERSHIP, January 30, 1968, In the Mansion",,,
usa1-desc-존슨-3.5.13,"1/30/68, 1:00 p.m.-Pueblo 11-Foreign Affairs Luncheon-Rusk, McNamara, Clifford, Helms, etc 1968년 1월 30일 푸에블로호 사건 11-외교문제 오찬회의-러스크, 맥나마라,","클리포드, 헬름 등",존슨,1968년,존슨,3.5.13,- 푸에블로호 사건 관련 11번째 회의인 1968년 1월 30일 외교문제 오찬회의(1:00 p.m.- 3:10 p.m.) 기록으로 참석자 명단과 발언내용을 정리하였다.,"클리포드, 헬름 등",11매,08-2-0062,2,77,"NOTES OF THE PRESIDENT’S FOREIGN AFFAIRS LUNCHEON, January 30, 1968",,,
usa1-desc-존슨-3.5.14,"1/30/68, 6:04 p.m.-Pueblo 12-Senator Dirksen and Congressman Ford",1968년 1월 30일 푸에블로호 사건 12-Dirksen 상원의원 및 Ford 하원의원,존슨,1968년,존슨,3.5.14,- 푸에블로호 사건 관련 12번째 회의인 1968년 1월 30일 존슨대통령의 상원의원 Dirksen과 하원의원 Ford와의 회의(6:04 p.m.-7:55 p.m.) 기록,1968년 1월 30일 푸에블로호 사건 12-Dirksen 상원의원 및 Ford 하원의원,13매,08-2-0063,2,77,"NOTES OF THE PRESIDENT’S MEETING WITH SENATOR DIRKSEN AND CON- GRESSMAN FORD, January 30, 1968",,,
usa1-desc-존슨-3.5.15,"1/31/68, 8:40 a.m.-Pueblo 13-Breakfast with Congressional Leaders and Advisors",1968년 1월 31일 푸에블로호 사건 13-의회 지도자 및 고문단과 조찬,존슨,1968년,존슨,3.5.15,- 푸에블로호 사건 관련 12번째 회의인 1968년 1월 30일 존슨대통령의 상원의원 Dirksen과 하원의원 Ford와의 회의(6:04 p.m.-7:55 p.m.) 기록,1968년 1월 31일 푸에블로호 사건 13-의회 지도자 및 고문단과 조찬,13매,08-2-0064,2,78,"NOTES OF THE PRESIDENT’S MEETING WITH SENATOR DIRKSEN AND CON- GRESSMAN FORD, January 30, 1968",,,
usa1-desc-존슨-3.5.16,"2/2/68, 4:30 p.m.-Backgrounder with Correspondents on Vietnam and the Pueblo",1968년 2월 2일-베트남 상황 및 푸에블로호 사건에 대해 기자단과 가진 기자회견,존슨,1968년,존슨,3.5.16,- 1968년 2월 2일 각 언론사 특파원들과 가진 기자회견(4:30 p.m.-6:02 p.m.) 기록. 참석자 명단과 발언내용이 정리되어 있다.,1968년 2월 2일-베트남 상황 및 푸에블로호 사건에 대해 기자단과 가진 기자회견,9매,08-2-0065,2,78,"NOTES OF THE PRESIDENT’S DISCUSSION WITH CORRESPONDENTS, February 2, 1968, In the Mansion",,,
usa1-desc-존슨-3.5.17,"2/15/68, 6:06 p.m.-Cyrus Vance meeting on his return from Korea-Other Foreign Advisors",1968년 2월 15일-사이러스 밴스의 방한 귀국보고,존슨,1968년,존슨,3.5.17,- 1968년 2월 15일 국무장관 사이러스 밴스(Cyrus Vance)의 방한 귀국보고회(6:06 p.m.- 7:00 p.m.) 기록. 참석자 명단과 발언내용이 정리되어 있다.,1968년 2월 15일-사이러스 밴스의 방한 귀국보고,15매,08-2-0066,2,79,"NOTES OF THE PRESIDENT’S MEETING WITH CYRUS VANCE, February 15, 1968, Cabinet Room",,,
usa1-desc-존슨-3.6,Handwriting File,,존슨,,존슨,3.6,,,,,,,,,,
usa1-desc-존슨-3.6.1,"September 16-30, 1965 [1 of 2] (Korean Institute)",1965년 9월 16-30일-한국연구원,존슨,1965년,존슨,3.6.1,"- 1965년 9월 16일-9월 24일 사이에 작성된 대통령의 지시사항이 직접 적혀있는 메모들 모음. 대통령특별보좌관 Douglass Cater, Joseph A. Califano, Jr. 등이 업무와 관련하여 대통령에게 보고하고 승인이나 지시를 요청하는 문서에 대통령이 직접 지시사항을 적거나 표시를 해둔 메모뿐 만 아니라, 다양한 사람들의 청원과 그에 대한 처리 및 대통령의 답장이나 그 대리답장으로 이루어져 있다. 9월 17일 메모 중에는 도널드 호닉(Donald F. Hornig) 백악관 과학기술 담당 특별고문이 한국과학기술연구원 설립 진행상항에 대해 보고한 것이 있다.",1965년 9월 16-30일-한국연구원,195매,08-2-0067,10,79,"MEMORANDUM FOR THE PRESIDENT | FROM Gardner Ackley(Subject: Interest Rates and Monetary Policy) | FROM Donald F. Hornig(Subject: Progress in Establishing Korean Institute) | FROM Henry H. Fowler | (Subject: Request of August 18 that I ask certain manufacturers to reduce their pri- ces to reflect the June 22 excise repeals) | FROM Joe Califano(information compiled on contracts and research grants in the Austin, Texas area) | FROM John W. Macy, Jr. (Subject: Two vacancies on the Customs Court)",,,
usa1-desc-존슨-3.7,The President’s Appointment File[Diary Backup],,존슨,,존슨,3.7,,,,,,,,,,
usa1-desc-존슨-3.7.1,11/23/63,1963년 11월 23일,존슨,1963년,존슨,3.7.1,"- 케네디대통령 암살 직후 존슨부통령이 대통령직을 인수한 후에 처리한 1963년 11월 23일 일정에 대한 연락메모들로 구성되어 있다. 장례식 준비, 아이젠하워 등 주요 인사와의 면담 또는 통화내용 보고 및 달라스에서 사망한 경찰 미망인에게 보내는 위로편지 등이 포함되어 있다.",1963년 11월 23일,47매,08-2-0068,1,80,"MEMORANDUM FROM Waler Jenkins TO THE PRESIDENT | SUMMARY OF TWO EDITORIALS IN NEW YORK TIMES, NOMEMBWER 23, 1963",,,
usa1-desc-존슨-3.7.2,5/16/65,1965년 5월 16일,존슨,1965년,존슨,3.7.2,"- 1965년 5월 16일 베트남 폭격중지문제를 논의하는 회의(6:45 p.m.)의 발언 정리문서와 (참석자: 대통령, Rusk, McNamara, Acheson, Ball, Raborn, Valenti) 같은 날 개최된 대통령경제자문위원회의 보고서로 구성되어 있다.",1965년 5월 16일,23매,08-2-0069,17,81,"Jack Valenti notes on a meeting in the President’s Office with the President, Rusk, McNamara, Acheson, Ball, Raborn, Valenti | (re: bombing pause in Vietnam) | A REPORT TO THE PRESIDENT AND THE CABINET FROM THE COUNCIL OF ECONOMIC ADVISERS | (THE LONGEST EXPANSION IN PEACETIME HISTORY)",,,
usa1-desc-존슨-3.7.3,17/10-2/11/66-Asian Trip,1966년 10월 17일-11월 2일-아시아순방,존슨,1966년,존슨,3.7.3,- 존슨대통령의 아시아순방일정을 대통령의 이동일정과 전화통화내역으로 나누어 정리한 백악관 통신국의 보고서-이동일정에는 10월 31일·11월 2일 한국방문 일정도 포함되어 있다. Thomas L. Johns가 Boozer에게 보내는 메모에 첨부되어 있으며 이동시간과 전화통화시간은 모두 현지시각으로 기재하였다.,1966년 10월 17일-11월 2일-아시아순방,42매,08-2-0070,48,81,PRESIDENTIAL MOVEMENTS/PRESIDENTIAL CALLS (17 October 1966-2 November 1966),,,
usa1-desc-존슨-3.7.4,"10/66-Asian Trip “October17-November2, 1966 Asian Trip-Notes and Other Backup attached to days of the Presidents Daily Diary”",1966년 10월 17일-11월 2일 아시아순방 “대통령 일정기록 및 기타 백업용 첨부 파일”,존슨,1966년,존슨,3.7.4,"- 1966년 10월 17일부터 11월 2일까지 존슨대통령의 아시아순방 각 날짜별 일정과 일지 기록(행사참여 및 각국정상과의 대화, 당일의 대통령일정을 일기식으로 상세히 적고 있음)으로 이루어져 있다. 일지는 날짜순으로 정리되어 있으며 한국방문은 10월 31일 오후부터 11월 2일까지이다.",1966년 10월 17일-11월 2일 아시아순방 “대통령 일정기록 및 기타 백업용 첨부 파일”,90매,08-2-0071,48,82,"Notes on the President’s meetings with President Marcos, President Park, Prime Minister Thanom Kittikachorn | telegram from AmEmbassy, Kuala Lumpur to AmEmbassy, Bangkok(re: President’s schedule) | memorandum from William J. Crockett to Mr. Marvin Watson(subject: Gifts for pre- sentation prior to the Dinner at Blue House this evening(10/31/66) | Notes on the President’s meeting with President Park | CHECKLIST OF SPEECHES MADE BY THE PRESIDENT ON HIS ASIAN-PACIFIC TRIP(DATE/TIME/LOCATION/OCCASION)",,,
usa1-desc-존슨-3.7.5,"10/66-Asian Trip “October 17-November 2, 1966 Asian Trip-materi- als removed for the President’s Daily Diary, I”",1966년 10월 17일-11월 2일 아시아순방 “대통령 일지 Ⅰ에서 옮긴 자료”,존슨,1966년,존슨,3.7.5,- H. G. ROBINSON이 JUANITA ROBERTS에게 보내는 메모에 동봉된 한국방문일정 중 헬기 및 차량지원과 관련된 문서들과 1966년 11월 7일과 14일에 각각 출간된 대통령 문서 주간편집물로 이루어져 있다. 주간편집물에는 아시아 순방과 관련한 문서가 실려 있으며 한국방문 기록은 제44호 p.1580-1589와 제45호 p.1651-1653에서 찾을 수 있다.,1966년 10월 17일-11월 2일 아시아순방 “대통령 일지 Ⅰ에서 옮긴 자료”,160매,08-2-0072,48,82,"MEMORANDUM FOR Mrs. Juanita Roberts from H. G. Robinson (Enclosure 1: Helicopter manifests/Enclosure 2: The complete detailed schedule for Korea/ Enclosure 3: Helicopter support plan for Presidential Visit/Enclosure 4: The auto- mobile support plan for Korea) | Weekly Compilation of PRESIDENTIAL DOCUMENTS, Monday, November 7, 1966, Volume 2, Number 44 | Weekly Compilation of PRESIDENTIAL DOCUMENTS, Monday, November 14, 1966, Volume 2, Number 45",,,
usa1-desc-존슨-3.7.6,"10/66-Asian Trip “October 17-November 2, 1966 Asian Trip-materi- als removed for the President’s Daily Diary, Ⅱ”",1966년 10월 17일-11월 2일 아시아순방 “대통령 일지 Ⅱ에서 옮긴 자료”,존슨,1966년,존슨,3.7.6,"- 존슨대통령의 아시아 순방기간동안 각 나라별 도착인사말과 순방일정 중에 대통령이 행한 연설, 오찬사, 발표문, 공동성명서 등의 백악관대변인실 발표자료들이 주를 이루 고 있다. 또한 같은 기간 미국내 업무와 관련해서 주요인사 임명추천과 관련된 문서 들과 각종 법령의 승인 발표문, 성명서, Lawrence F. O’ Brien과 Joseph A. Califano가 작 성한 89차 의회에 대한 보고서 요약문 등이 포함되어 있다.",1966년 10월 17일-11월 2일 아시아순방 “대통령 일지 Ⅱ에서 옮긴 자료”,158매,08-2-0073,48,83,"REMARKS OF THE PRESIDENT AT CITY HALL SEOUL, KOREA | REMARKS OF THE PRESIDENT ON DEPARTING KIMPO AIRPORT, SEOUL, KOREA | REMARKS OF THE PRESIDENT AT TAE AN MYUN AGRICULTURE DEMONSTRA- TION AREA SOUTH KOREA | TEXT OF THE REMARKS OF THE PRESIDENT BEFORE THE KOREAN NATIONAL ASSEMBLY, SEOUL KOREA | STATEMENT BY THE PRESIDENT ON SIGNING S. 3158(금융기관감독법), OCTOBER 6, | FINAL REPORT TO PRESIDENT LYNDON B. JOHNSON ON THE 89TH CONGRESS BY LAWRENCE f. O’BRIEN AND JOSEPH A. CALIFANO, JR.",,,
usa1-desc-존슨-3.7.7,"10/66-Asian Trip “October 17-November 2, 1966 Asian Trip-materi- als removed for the President’s Daily Diary, Ⅲ”",1966년 10월 17일-11월 2일 아시아순방 “대통령 일지 Ⅲ에서 옮긴 자료”,존슨,1966년,존슨,3.7.7,"- 아시아순방기간 각 순방국에서 존슨대통령의 도착인사말, 오찬사, 발표문 등으로 이루어져 있으며 대통령 일지II(위의 폴더)의 문서와 일부 중복된다. 한국방문관련 문서로는 1966년 11월1일 스탠리 기지(Camp Stanley)에서의 발표문과 10월31일 국빈 만찬 건배사가 있다.",1966년 10월 17일-11월 2일 아시아순방 “대통령 일지 Ⅲ에서 옮긴 자료”,158매,08-2-0073,48,84,"REMARKS OF THE PRESIDENT AT CAMP STANLEY, KOREA | TEXT OF THE PRESIDENT’S TOAST TO PRESIDENT PARK, STATE DINNER SEOUL, KOREA",,,
usa1-desc-존슨-3.7.8,3/14/67-PM Chung of Korea,1967년 3월 14일-대한민국 국무총리 정일권,존슨,1967년,존슨,3.7.8,"- 1967년 3월 14일 대한민국 국무총리 정일권의 방미와 관련된 문서들(도착 환영식 의전 준비내용, 방미일정표, 존슨대통령주재 오찬참석자명단 및 의견교환과 건배사, 한국측인사(정일권/김성은/박충훈/이후락/김현철/남궁련/윤하정/홍성철/양윤세/신성재) 이력소개, 국무부가 작성한 한국에 대한 배경지식문서, 선물에 대한 메모 등)로 이루어져 있다.",1967년 3월 14일-대한민국 국무총리 정일권,127매,08-2-0075,57,84,"MEMORANDUM FOR MARVIN WATSON FROM W.W. ROSTOW(SUBJECT: VISIT OF KOREAN PRIME MINISTER) | EXCHANGE OF REMARKS BETWEEN PRESIDENT LYNCON B. JOHNSON AND PRIME MINISTER CHUNG IL-KWON OF KOREA | EXCHANGE OF TOASTS BETWEEN PRESIDENT LYNDON B. JOHNSON AND THE PRIME MINISTER OF KOREA, CHUNG IL-KWON | PROGRAM FOR THE VISIT TO THE UNITED STATES OF AMERICA OF HIS EXCELLENCY IL KWON CHUNG PRIME MINISTER OF THE REPUBLIC OF KOREA, March 12-17, 1967/PARTY LIST/ADMINISTRATIVE ARRANGEMENT FOR THE ARRIVAL WASHINGTON, D.C. | BACKGROUNG NOTES(KOREA)",,,
usa1-desc-존슨-3.7.9,1/24/68(Pueblo),1968년 1월 24일-푸에블로호,존슨,1968년,존슨,3.7.9,"- 존슨대통령 1968년 1월 24일 일정표와 일정별(시간순) 기록이 담겨있다. 상원의원 Edward Kennedy 면담기록(남베트남정부의 부패와 난민과 민간의료문제건의), 아일랜드 대사접견(대사와 국가에 대한 배경자료첨부), Cyprus문제에 대한 국가안전보장회의 기록, 인권법 입법추진관련 대통령의 의회 발표문, 푸에블로호 사건 관련 국무부 회의 기록과 백악관 기자회견기록(2회, 답변자 George Christian) 등이 포함되어 있다.",1968년 1월 24일-푸에블로호,1968년,08-2-0076,88,85,"The President’s Schedule, Wednesday, January 24, 1968 | Meeting at the State Department on the Pueblo | MEMORANDUM OF CONVERSATION(Participants: The President, Senator Edward Kennedy, David W. Burke, William Leonhart) | MESSAGE ON CIVIL RIGHTS/THE WHITE HOUSE MADE PUBLIC TODAY THE FOLLOWING LETTER FROM THE PRESIDENT TO THE PRESIDENT OF THE SENATE AND THE SPEAKER OF THE HOUSE OF REPRESENTATIVES | NEWS CONFERENCE AT THE WHITE HOUSE WITH GEORGE CHRISTIAN (RE: PUEBLO)",,,
usa1-desc-존슨-3.7.10,1/25/68(Pueblo),1968년 1월 25일-푸에블로호,존슨,1968년,존슨,3.7.10,"- 존슨대통령 1968년 1월 25일 일정표와 일정별(시간순) 기록이 담겨있다. 주요 기록으로는 Jerre Williams의 미행정심의회(Administrative Conference of the U.S) 초대의장 취임선 서식 참석자명단을 비롯한 관련문서(대통령발표문), 만찬 진행계획 및 참석자명단과 대통령 건배사, 푸에블로호 관련 행정명령 발표(해/공군 예비군과 공군주방위대 전시 근무 명령) 및 관련 기자회견기록(2차례, 답변자 George Christian) 등이 포함되어 있다.",1968년 1월 25일-푸에블로호,133매,08-2-0077,88,86,"The President’s Schedule, Thursday, January 25, 1968 | REMARKS OF THE PRESIDENT AT THE SWEARING-IN OF JERRE WILLIAMS AS CHAIRMAN OF THE ADMINISTRATIVE CONFERENCE IN THE CABINET ROOM | TOAST OF THE PRESIDENT AT THE DINNER HONORING THE VICE PRESIDENT, THE SPEAKER OF THE HOUSE AND THE CHIEF JUSTICE | EXECUTIVE ORDER: ORDERNING CERTAIN UNITS OF THE READY RESERVE OF THE NAVAL RESERVE, AIR FORCE RESERVE AND AIR NATIONAL GUARD OF THE UNITED STATES TO ACTIVE DUTY",,,
usa1-desc-존슨-3.7.11,2/3/68(Pueblo),1968년 2월 3일-푸에블로호,존슨,1968년,존슨,3.7.11,"- 존슨대통령의 1968년 2월 3일 일정표와 일정별(시간순) 기록이 담겨있다. 주요 기록에는 세금감면과 관련된 보고연락문, Viscount Lambton과의 면담에 대한 준비자료(논의사항- 한국관련 질문예상, 이력소개, 칼럼첨부-복사상태가 흐려 글씨 알아보기 어려움), 오찬회의 기록(참석자명단, 의제-푸에블로호 귀환을 위한 조치), 법무장관 Nicholas de B. Katzenbach의 푸에블로호 사건 법적 처리문제에 대한 제안 메모 등이 있다.",1968년 2월 3일-푸에블로호,37매,08-2-0078,89,87,"The President’s Schedule, Saturday, February 3, 1968 | President’s Appointment with Viscount Lambton(Talking Points) | Lunch Meeting with the President(agenda-Military actions to induce return of the crew and Pueblo) | MEMORANDUM FOR THE PRESIDENT FROM NICHOLAS DE B. KATZENBACH (Subject: Impartial Settlement of Legal Issues Involved in the PUEBLO Seizure)",,,
usa1-desc-존슨-3.7.12,"4/16-17/68 “April 17,1968 HAWAII”",1968년 4월 17일-하와이,존슨,1968년,존슨,3.7.12,"- 존슨대통령의 1968년 4월 17일 일정표(박정희대통령과 하와이회담), 4월 17일 작성 혹은 발표된 메모, 전문, 발표문 등이 포함되어 있다. 주요 기록에는 박정희대통령과의 오찬(양국 참석자 명단 및 자리배치도, 대화논점에 대한 연락메모), 한미공동성명서, 주하와이 한국영사관에서의 존슨대통령 발표문 등으로 이루어져 있다.",1968년 4월 17일-하와이,52매,08-2-0079,96,87,"PRESIDENTIAL MOVEMENTS/PRESIDENTIAL CALLS, 17 April 1968/THE PRESIDENT’S SCHEDULE | JOINT COMMUNIQUE(KOREAN SITUATION/VIETNAM/ASIA AND THE PACIFIC) | REMARKS OF THE PRESIDENT AT THE KOREAN CONSULATE",,,
usa1-desc-존슨-3.7.13,"4/16-17/68 “April 16, 1968 HAWAII”",1968년 4월 16일-하와이,존슨,1968년,존슨,3.7.13,"- 존슨대통령의 1968년 4월16일 일정표, 대통령일정과 관련한 연락메모, 태평양지구 총사령관의 브리핑자료(베트남관련), 백악관 공보부 기자회견문(필리핀주재 미국대사 추천건, 박정희대통령 도착 및 존슨대통령의 오찬주재 예정을 알림) 으로 이루어져 있다.",1968년 4월 16일-하와이,27매,08-2-0080,96,88,"PRESIDENTIAL MOVEMENTS/PRESIDENTIAL CALLS, 16 April 1968/THE PRESIDENT’S SCHEDULE | CINCPAC(미국 태평양지구 총사령관) BRIEFING | NEWS CONFERENCE #1205-A AT THE WHITE HOUSE(Honolulu, Hawaii) WITH GEORGE CHRISTIAN(THE ARRIVAL OF PRESIDENT PARK)",,,
usa1-desc-존슨-3.7.14,"4/16-17/68 “April 15-17, 1968 HAWAII”",1968년 4월 15-17일 하와이,존슨,1968년,존슨,3.7.14,"- 존슨대통령 1968년 4월 15-17일 하와이 방문일정에 관련된 문서(일정표, 수행자 명단, 숙박명단, 숙소안내서류, 연락문중 4월 16-19일까지 박정희대통령의 하와이 공식방문에 대해 언급한 것이 있음), W.W. Rostow가 존슨대통령에게 보낸 연락문에 “This Kind of War(저자 T. R. Fehrenbach Macmillan)” 책 일부분 복사물(개성관련 내용) 등이 수록되어 있다.",1968년 4월 15-17일 하와이,42매,08-2-0081,96,88,"TRIP OF THE PRESIDENT-APRIL 15-18(SCHEDULE) | INFORMATION TO MR. PRESIDENT FROM W. W. ROSTOW (Marked passages tell the story of kaesong. From This Kind of War, by T. R. Fehrenbach, Macmillan, 1963)",,,
usa1-desc-존슨-4,National Security File(NSF),,존슨,,존슨,4,,,,,,,,,,
usa1-desc-존슨-4.1,Country File/Vietnam,,존슨,,존슨,4.1,,,,,,,,,,
usa1-desc-존슨-4.1.1,Vietnam-‘5B Second Asian Summit’,베트남-5B 제2차 아시아정상회담,존슨,1967-1968년,존슨,4.1.1,- 베트남문제를 논의하기 위한 아시아정상회담(마닐라회담) 소집과 관련된 메모 및 해당 국가 주재 미국대사관에서 국무부에 회의일정 등과 관련해서 보낸 전문들로 이루어져 있다.,베트남-5B 제2차 아시아정상회담,29매,08-2-0082,90,89,MEMORANDUM FROM DEAN RUSK TO THE PRESIDENT(SUBJECT: Dates for a Possible Summit Meeting of the Manila Nations) | TELEGRAM FROM AMEMBASSY SEOUL TO THE SECSTATE WASHDC(SUBJECT: Summit conference on Vietnam),,,
usa1-desc-존슨-4.1.2,Vietnam-‘5D(1) Allies: Troop Commitments; other Aid(General Material)’,베트남-5D(1) 동맹국: 파병; 기타 지원,존슨,1967-1968년,존슨,4.1.2,"- 베트남 추가파병과 관련하여 베트남 및 동맹국의 상황을 알아보고 파병국에 대한 미국의 지원을 검토하는 내용의 보고서, 지원과 관련하여 미국이 언론에 발표한 성명문 및 질의답변 준비서면, 주베트남 미대사관과 국무부사이의 전문들(주로 베트남전 관련 상황, SEATO 및 7개국 정상회담 개최와 관련된 일정논의들, 발표문, 공동성명), 베트남에 대한 자유세계원조 상황에 대한 계간보고서들로 이루어져 있다.",베트남-5D(1) 동맹국: 파병; 기타 지원,268매,08-2-0083,91,90,"Clifford-Taylor Report to the President (Vietnam) | MEMORANDUM FOR MR. WALT W. ROSTOW FROM Benjamin H. Read (subject: Additional Troop Contributions to Viet-Nam) | MEMORANDUM FOR THE PRESIDENT FROM W. W. ROSTOW | (SUBJECT: Statement to the press about assistance to countries contributing troops to Vietnam) | Quarterly report on the Free World Assistance to Viet-Nam Program(as of January1, 1968/April1, 1968/October1, 1968/January1, 1969)",,,
usa1-desc-존슨-4.1.3,"Vietnam-‘5D(3) Allies: Troop Commitments; other Aid(Alphabetically: Korea-United Kingdom), 1967-69(1 of 2)’","베트남-5D(1) 동맹국: 파병; 기타 지원(알파벳순: 한국-영국, 1967-69) (1/2)",존슨,1967-1968년,존슨,4.1.3,"- 1968년 4월 18일 박정희대통령과 존슨대통령의 호놀룰루 회담을 준비하는 과정에서 주한 미국대사관과 국무부사이에 주고받은 한국의 베트남 추가파병을 주제로 한 전문 및 메모, 1968년 7월 21일 호놀룰루회담에서 남베트남측의 발표문 내용을 정리한 보고서 등으로 이루어져 있다.","베트남-5D(1) 동맹국: 파병; 기타 지원(알파벳순: 한국-영국, 1967-69) (1/2)",246매,08-2-0084,91,90,MEMORANDUM FOR THE PRESIDENT FROM W. W. ROSTOW(SUBJECT: MORE KOREAN TROOPS FOR VIETNAM) | TELEGRAM FROM AMEMBASSY SEOUL TO SECSTATE WASHDC (SUBJECT: Status of additional ROK Troop dispatch Negotiations/ROK civilians to replace military personnel/Press and Government Comment on Vietnam and Honolulu Conference) | MEMORANDUM FROM EARLE G.WHEELER TO THE PRESIDENT (SUBJECT: Combat Casualties in Vietnam) | TEXT OF GOVERNMENT PRESENTATIONS AT HONOLULU CONFERENCE(Speech by General Cao Van Vien/Background Paper on Postwar Reconstruction/Presentation of the economic situation by minister of the Economy AU NGOC HO etc.) | CIA cable(subject: South Korean efforts to dissuade President Thieu from sending letter to Ho Chi Minh),,,
usa1-desc-존슨-4.1.4,"Vietnam-‘5D(3) Allies: Troop Commitments; other Aid(Alphabetically: Korea-United Kingdom), 1967-69(2 of 2)’","베트남-5D(1) 동맹국: 파병; 기타 지원(알파벳순: 한국-영국, 1967-69) (2/2)",존슨,1967-1968년,존슨,4.1.4,"- 1968년 4월 18일 호놀룰루 회담과 관련한 두번째 폴더. 여기에는 한국의 베트남전 추가파병과 관련하여 주한 미대사관과 국무부 사이에 주고받은 전문, 내부메모 및 태국정부와 태국군의 베트남전 파병을 논의하기 위해 주태국 미대사관과 국무부사이에 주고받은 전문, 메모 그리고 국무부 일일보고서 등으로 이루어져 있다.","베트남-5D(1) 동맹국: 파병; 기타 지원(알파벳순: 한국-영국, 1967-69) (2/2)",174매,08-2-0085,91,91,MEMORANDUM FOR THE PRESIDENT FROM W. W. ROSTOW (SUBJECT: Status of Additional Korean Forces for Viet-Nam) | MEMORANDUM FOR THE PRESIDENT FROM Marshall Wright(Subject: Deployment of Thai Troops to Vietnam) | Daily Staff Summary(A digest of overnight reports on important foreign develop- ments),,,
usa1-desc-존슨-4.1.5,"Vietnam-State Department-The Promise of a New Asia(US Policy in Far East as Stated by President on his Pacific Journey), 1966 베트남-국무부-새로운 아시아의 약속(대통령의 아시아 순방에서 발표한 미국의","극동 정책), 1966년",존슨,1966년,존슨,4.1.5,"- 1966년 10월 17일부터 11월 2일까지 존슨대통령의 아시아순방에서의 발표문을 일정순 으로 사진과 함께 정리하여 국무부에서 출간한 책자. 한국방문과 관련해서는 서울시청 연설, 국빈만찬 연설, 국회 연설, 스탠리기지 연설, 태안면 농업전시관 연설, 김포공항 이한 연설이 53-59쪽에 정리되어 있다.","극동 정책), 1966년",77매,08-2-0086,191,92,The Promise of The New Asia-United States Policy in the Far East as stated by President Johnson on his Pacific Journey,,,
usa1-desc-존슨-4.2,Head of State Correspondence/Korea,,존슨,,존슨,4.2,,,,,,,,,,
usa1-desc-존슨-4.2.1,"Korea, “President Park”, Volume Ⅰ, 8/30/67-10/4/68","한국, “박정희대통령” 제Ⅰ권, 1967년 8월 30일-1968년 10월 4일",존슨,1967-1968년,존슨,4.2.1,"- 1967-68년 사이에 존슨대통령과 박정희대통령이 주고받은 서신 및 전문모음. 서로간의 생일축하 및 답장, 한국 광복절 축하 및 감사답장, 북한의 청와대습격 및 푸에블로호 사건 논의를 위한 Vance 특사파견과 답장, 베트남 추가파병과 관련된 서신 등으로 이루어져 있으며 정일권총리의 2척의 추가 구축함에 대한 군사차관 승인에 대한 감사편 지도 포함되어 있다.","한국, “박정희대통령” 제Ⅰ권, 1967년 8월 30일-1968년 10월 4일",78매,08-2-0087,5,92,"Birthday Message to President from Park and President’s reply to Park | Message from Park to President re happy for loan of 2 destroyers and re additional troop deployment to Vietnam | Message from President to President Park, re: attacks on Park’s life and country by North Korea | Message from President to President Park, re: sending Cyrus Vance to Seoul to dis- cuss problems(Pueblo and North Korean aggression)",,,
usa1-desc-존슨-4.2.2,"Korea, “President Park”, Volume Ⅱ, 12/68-1/69","한국, “박정희대통령” 제Ⅱ권, 1968년 12월-1969년 1월",존슨,1968-1969년,존슨,4.2.2,"- 1968년 11월-1969년 1월 사이에 존슨대통령과 박정희대통령이 주고받은 편지모음. 편지를 인용하는 전문 및 편지를 전달하는 내부 메모 등도 포함되어 있다. 주요 내용은 최규하 외무부장관의 워싱턴 방문 시 존슨대통령 면담을 요청하는 편지와 그에 대한 답장, 아폴로 8호의 성공을 축하하는 메시지와 답장, 1969년 신년인사 카드와 답장으로 이루어져 있다.","한국, “박정희대통령” 제Ⅱ권, 1968년 12월-1969년 1월",53매,08-2-0088,5,93,Letter Addressed to the President from Korean President PARK Chun Hee Requesting an Appointment for Korean Foreign Minister Kyu Hah Choi | Holiday Greeting Card for the President and Mrs. Johnson from the President of Korea and Mrs. Park & Reply to the President’s New Year’s Greetings to President Park Chung Hee of Korea | Congratulatory message on the successful accomplishment of the Apollo 8 mission from President Park Chung Hee of the Republic of Korea to President Johnson,,,
usa1-desc-존슨-4.3,Special Head of State Correspondence,,존슨,,존슨,4.3,,,,,,,,,,
usa1-desc-존슨-4.3.1,Korea-Park Correspondence,한국-박정희대통령 서신,존슨,1964-1966년,존슨,4.3.1,"- 1964년부터 1966년 사이에 존슨대통령과 박정희대통령이 주고받은 서신모음(서신 내용을 전달하는 전신 및 내부메모 포함). 한일협정체결에 대한 축하, 생일 및 광복절 축하, 베트남전 파병 및 추가파병에 대한 미국측 감사편지, 박정희대통령의 65년 5월 방미와 관련한 초대 및 안부/감사답장 등으로 이루어져 있다.",한국-박정희대통령 서신,172매,08-2-0089,32,94,Oral Message on Korean-Japanese Negotiations to be Delivered to the Korean President from the President by Ambassador Brown | Birthday message to President Park of Korea | Letter of appreciation to President Park for additional Korean troops to Vietnam | Presidential Invitation to President Park,,,
usa1-desc-존슨-4.3.2,Korea-Park Presidential Correspondence,한국-박정희대통령 서신,존슨,1964-1966년,존슨,4.3.2,"- 1964년부터 1966년 사이에 존슨대통령과 박정희대통령이 주고받은 서신모음 (서신내용을 전달하는 전신 및 내부메모 포함). 베트남전 파병 및 추가파병에 대한 미국측의 감사편지, 박정희대통령의 65년 5월 방미와 관련한 초대 및 안부/감사편지, 우주비행사 방한, 미국 토네이도 이재민에 대한 위로, 박정희대통령 취임식에 번스 (Burns)주지사의 참석에 대한 박정희대통령의 감사답장 등으로 이루어져 있다. 맥아더 장군의 장례식에 참석한 최두순이 존슨대통령에게 보낸 편지를 제외하고 폴더내 모든 서신은 ‘Korea-Park Correspondence’폴더의 서신과 중복된다.",한국-박정희대통령 서신,112매,08-2-0090,32,94,Birthday message to President Park of Korea | Letter of appreciation to President Park for additional Korean troops to Vietnam | Presidential Invitation to President Park | Oral Message on Korean-Japanese Negotiations to be Delivered to the Korean President from the President by Ambassador Brown | Letter to the President from Choi re visit and MacArthur funeral,,,
usa1-desc-존슨-4.3.3,Korea-Volume 2,한국-제2권,존슨,1966년,존슨,4.3.3,"- (앞의 폴더에서 계속됨). 1966년 존슨대통령과 박정희대통령 사이에 주고 받은 서신모음 (서신내용을 전달하는 전신 및 내부메모 포함). 미국 부통령의 한국방문시 환대에 대한 감사편지, 김성은 국방장관을 존슨대통령에게 소개하는 편지, 베트남전 추가파병 동의안이 국회에서 통과되었음을 알리는 내용과 그에 대한 존슨대통령의 감사답장, 한국의 광복절 축하메시지, 호놀룰루 회의에 대한 인상을 전하는 존슨대통령의 편지 등으로 이루어져 있으며, 대체로 중복된 서신이 많다.",한국-제2권,108매,08-2-0091,32,95,Korean Acknowledgement of National Day Message | Letter to the President from President Park re Introducing Korean Minister(Kim sung eun) | Message to the President Park from the President re Vance trip to Vietnam | Letter to the President from President Park re additional troops to Vietnam,,,
usa1-desc-존슨-4.3.4,Korea-11-1-66-3-31-67,한국-1966년 11월 1일-1967년 3월 31일,존슨,1966-1967년,존슨,4.3.4,"- 1966년 11월부터 1967년 3월사이 존슨대통령과 한국측 인사(박정희대통령, 정일권 국무총리, 엄민영내무부장관)들과의 서신모음(서신내용을 전달하는 전신 및 내부 연락메모 포함). 1966년 11월 존슨대통령의 한국방문에 대한 박정희대통령의 감사 인사, 방문기간중 엄민영장관의 노고에 대한 존슨대통령의 감사인사, 양국정상의 신년 인사, 1967년3월 정일권국무총리의 미국방문편에 보낸 박정희대통령의 베트남전 참전 중인 한국군인에 대한 지원요청편지와 존슨대통령의 답장 및 정일권총리와 주고받은 안부메시지 등으로 이루어져 있다.",한국-1966년 11월 1일-1967년 3월 31일,123매,08-2-0092,33,96,Message from Korean President Park to President Johnson thanking him for visiting Korea | President’s Visit to Korea; Follow-up Correspondence | Letter to the President from President Park re question of Vietnam(equipment and food supplies for the Korean armed forces in Vietnam) & Response to Korean President Park’s letter | Letter to the President from Korean Prime Minister Chung,,,
usa1-desc-존슨-4.3.5,Korea-4-1-67-12-31-67,한국-1967년 4월 1일-1967년 12월 31일,존슨,1967년,존슨,4.3.5,"- 1967년 4월부터 12월까지 박정희대통령과 존슨대통령사이에 주고받은 서신모음(내용을 전달하는 전신 및 내부연락메모 포함). 1967년 박정희대통령의 재선을 축하하는 존슨 대통령의 메시지와 취임식 사절단에 대한 박정희대통령의 감사답장, 미국기업가들의 한국투자를 위한 방한 및 그에 대한 보고와 편지, 한국의 광복절축하, 양국정상 각각의 생일축하, 베트남전 추가파병과 관련하여 김성은 국방장관과 포터대사의 만남에 대한 보고 및 호주 캔버라회담이후 편지, 베트남전 증파시 한국이 당면하는 문제를 제시한 박정희대통령의 편지 등으로 이루어져 있다.",한국-1967년 4월 1일-1967년 12월 31일,207매,08-2-0093,33,97,Follow-up th the President’s Canberra meeting with Korea’s President Park | Congratulatory message to President Chung Hee Park of the Republic of Korea on his fiftieth Birthday | Letter to the President from Mr. George Ball re AID mission of industrialists in South Korea | Letter to the President Park from the President as part of Locke’s visit to Korea,,,
usa1-desc-존슨-4.3.6,Korea-1-1-68-4-30-68,한국-1968년 1월 1일-1968년 4월 30일,존슨,1968년,존슨,4.3.6,"- 존슨대통령과 박정희대통령 사이에 주고 받은 서신모음(내용을 전달하는 전신 및 내부 연락 메모 포함)으로 실제 수록된 일자는 1967년 12월부터 1968년 5월까지이다. 1967년 12월 존슨대통령의 메시지와 호주에서의 오찬에 감사하는 박정희대통령 서신, 푸에블로호 사건 이후에 양국의 협력을 확인하고 단호한 조치가 필요함을 피력하는 박정희대통령의 서신 및 밴스특사파견과 밴스 귀국보고 이후에 존슨대통령이 박정희대통령에게 보낸 서신, 호놀룰루 회담일정조정, 한국의 미국국채투자에 대해 감사하는 내용의 편지 등으로 이루어져 있다.",한국-1968년 1월 1일-1968년 4월 30일,107매,08-2-0094,33,97,Letter to the President from President Park re Pueblo Problem & security of the Republic of Korea and Response the letter | Letter to President Park from the President (SUBJECT: NEUTRALIZING US SECURITY EXPENDITURES),,,
usa1-desc-존슨-4.3.7,Korea- 5-1-68-1-20-69,한국-1968년 5월 1일-1969년 1월 20일,존슨,1968-1969년,존슨,4.3.7,"- 수록된 서신의 일자는 1967년 4월부터 1969년 2월까지이며, 이 기간동안 존슨대통령과 박정희대통령 사이에 주고 받은 서신모음(내용을 전달하는 전신 및 서신의 초안작성과 수정확인을 요청하는 내부연락메모 포함)이다. 호놀룰루 회담의 환대에 대한 감사와 답장, 양국정상의 생일축하, 한국의 광복절 축하와 답장, 새해인사, 존슨대통령의 임기말 감사편지와 퇴임축하편지 등으로 이루어져 있다.",한국-1968년 5월 1일-1969년 1월 20일,114매,08-2-0095,33,98,"Farewell message from the President to President Park, Prime Minister Jung/signed original with photographs | New Year’s Greeting from the President to President Park | Letter to the President from President Park re appreciation for the hospitality during his recent visits to American Samoa and Hawaii",,,
usa1-desc-존슨-4.4,Subject File,,존슨,,존슨,4.4,,,,,,,,,,
usa1-desc-존슨-4.4.1,Report on Accomplishments during President Johnson’s Administration (1 of 4),존슨대통령 재임기 성과에 대한 보고서(1/4),존슨,1968년,존슨,4.4.1,"- 민주당 행정부 8년간(1961-1968)의 국방분야 성과보고서, 존슨행정부의 10가지 주요 외교정책의 성과/10가지 주요 국내업적/주요 국제경제업적의 요약문과 내부연락메모 등으로 이루어져 있다. 한국과 관련한 사항은 국방분야 성과 보고서에 한국군에 대한 평가 및 베트남전 전황 등을 수록하였다.",존슨대통령 재임기 성과에 대한 보고서(1/4),116매,08-2-0096,19,99,"NATIONAL DEFENSE, EIGHT YEARS OF REMARKABLE PROGRESS, THE DEMOCRATIC ADMINISTRATION’S RECORD OF ACHIEVEMENT 1961-1968 | THE TEN MAJOR FOREIGN POLICY ACCOMPLISHMENTS OF LYNDON JOHNSON | THE TEN MAJOR DOMESTIC ACCOMPLISHMENTS OF LYNDON JOHNSON | MEMORANDUM FOR MR. BROMLEY SMITH FROM BENJAMIN H. READ (SUBJECT: Summaries of Major U. S. Accomplishments) | PRINCIPAL ACCOMPLISHMENTS IN INTERNATIONAL ECONOMIC AFFAIRS SINCE",,,
usa1-desc-존슨-4.4.2,Report on Accomplishments during President Johnson’s Administration (2 of 4),존슨대통령 재임기 성과에 대한 보고서(2/4),존슨,1968년,존슨,4.4.2,"- 1961년부터 1968년까지 존슨행정부(케네디정부 포함)의 국내부문 성과를 경제, 복지, 취업 등 항목별로 개관하는 소책자 복사물이다.",존슨대통령 재임기 성과에 대한 보고서(2/4),100매,08-2-0097,19,99,A booklet which reviewed the Administration’s achievements in major domestic areas (Economic Prosperity/Jobs/Education/Health/Housing/Cities/Civil Rights/ Children & Youth/Older Americans/New Opportunities for the Poor/Rural Poor/ Crime/American worker/Consumer/Natural Heritage/American Farmer/Veterans/ American Business),,,
usa1-desc-존슨-4.4.3,Report on Accomplishments during President Johnson’s Administration (3 of 4),존슨대통령 재임기 성과에 대한 보고서(3/4),존슨,1968년,존슨,4.4.3,- 1961년부터 1967년 8월까지 미국의 주요 외교정책의 실행과 업적에 대한 국무부 각 부처의 보고메모를 모아서 John P. Walsh가 Walt W. Rostow에게 보낸 메모에 동봉하였다. 한국과 관련한 사항은 국무부 동아시아태평양국에서 작성한 ‘Major Accomplishments in East Asia and the Pacific since 1961’편에 수록되어 있다.,존슨대통령 재임기 성과에 대한 보고서(3/4),91매,08-2-0098,19,100,"Major Accomplishments of U.S. Foreign Policy(The Progress of American Policy on Africa/Economic and Political Growth in Latin America/Major Accomplishments in East Asia and the Pacific Since 1961/Major Accomplishments of U.S. Foreign Policy in Europe, 1961-1966/Achievements in the Near East and south Asia 1961-1967/ Major U.S. Accomplishments in the United Nations Since 1961/Principal Accomplishments in international Economic Affairs since 1961/Chronology of important events in the Atoms for Peace Program December 1953-June 1967/Selected Accomplishments Under the Foreign Aid Program/Progress in Arms Control during the Johnson Administration/Principal American Arms-Control Initiatives since the Establishment of ACDA)",,,
usa1-desc-존슨-4.4.4,Report on Accomplishments during President Johnson’s Administration (4 of 4),존슨대통령 재임기 성과에 대한 보고서(4/4),존슨,1968년,존슨,4.4.4,"- 1966년 존슨대통령의 연말기자회견 대비 부처별 질문과 답변모음과 1966년 국무부의 부처별 연말보고서 및 연말총괄 검토내용, 1963년 12월부터 1967년 7월까지 존슨행정부의 주요성과에 대한 보고서 등으로 이루어져 있고 메모에 첨부하거나 전문의 형태로 전달 하고 있다.",존슨대통령 재임기 성과에 대한 보고서(4/4),158매,08-2-0099,19,101,YEAR-END SUMMARY OF ACCOMPLISHMENTS AND PROBLEMS/DEPARTMENT OF HEW Q&A/THE BUREAU OF BUDGET... ETC. | BRIEF YEAR-END REPORTS OF MAJOR ACHIEVEMENT AND FUTURE CHALLENGES | YEAR-END REGIONAL ROUNDUPS: REGIONAL DEVELOPMENTS EAST ASIA & THE PACIFIC | REPORT ON ACCOMPLISHMENTS DURING PRESIDENT JOHNSON’S ADMINISTRA- TION,,,
usa1-desc-존슨-4.4.5,Foreign Affairs Data Sheets,외교관련 데이터시트,존슨,1968년,존슨,4.4.5,- Walt Rostow가 존슨대통령에게 1963-1968년 미국의 외교관계에 대해 보고하는 메모와 Benjamin H. Read가 Bromley Smith에게 국제관계 중요 전환점에 대해 각 지역별로 작성한 자료중에서 동아시아편을 동봉하여 보낸 메모로 이루어져 있다. 여기에는 1965년 한일국교정상화에 대한 내용 및 60년대 한국의 경제발전상황에 대해 간략히 소개하고 있다.,외교관련 데이터시트,5매,08-2-0100,19,101,MEMORANDUM FOR THE PRESIDENT FROM W. W. ROSTOW(SUBJECT: U.S. Relations with Foreign Countries-1963-1968) | MEMO TO BROMLEY SMITH FROM BENJAMIN H. READ(Tab B : SIGNIFICANT TURNING POINTS IN INTERNATIONAL RELATIONS-EAST ASIA),,,
usa1-desc-존슨-4.4.6,"President’s Meetings, 11/25-29/63[Head of State](1 of 2)",대통령 면담-1963년 11월 25일-29일(국가원수 1/2),존슨,1963년,존슨,4.4.6,"- 케네디대통령 암살 후 대통령직에 취임한 존슨대통령이 1963년 11월 25-29일 사이 각국 외교사절과 가진 공식만남에 대한 메모, 대화록, 일정표 및 각국 국가원수와의 대화록 등의 문서로 이루어져 있다. 당시 박정희의장은 11월 26일 오전 11시 15분부터 약 15분간 면담이 결정되었다.",대통령 면담-1963년 11월 25일-29일(국가원수 1/2),107매,08-2-0101,42,102,MEMORANDUM FROM Benjamin H. Read TO McGeorge Bundy (subject: The President’s Conversation with Foreign Officials and Heads of Governments)/ President’s Meetings with Head of Delegations/Arrangements for Visiting Delegations/ Memorandum of Conversation (Austria/Belgium/Cambodia/Canada/Demark/Ehtiopia/ France/Germany/Greece/Iran/Ireland/Italy/Israel/Indonesia),,,
usa1-desc-존슨-4.4.7,"President’s Meetings, 11/25-29/63[Head of State](2 of 2)",대통령 면담-1963년 11월 25일-29일(국가원수 2/2),존슨,1963년,존슨,4.4.7,"- 1963년 11월 25-29일 사이에 케네디대통령 장례식에 참석한 각국 사절단 면담과 관련한 메모, 일정표 및 각국 국가원수와의 대화록 등의 문서로 이루어져 있다. 박정희의장과의 면담과 관련해서 존슨대통령이 해야 할 논의내용과 배경정보를 설명한 메모가 수록되어 있다. 여기에서 미국은 한일간 국교정상화의 성공적 추진과 감축예산 및 외화보유고 유지를 통한 한국 경제의 안정화를 강조하는 내용을 담고 있다.",대통령 면담-1963년 11월 25일-29일(국가원수 2/2),75매,08-2-0102,42,103,MEMORANDUM FOR THE PRESIDENT FROM FOBERT S. McNAMARA (SUBJECT: Visit of President PAK Chung-hui of Korea) | EXCHANGE OF REMARKS BETWEEN PRESIDENT LYNDON B. JOHNSON AND HON. ALBERTO LLERAS CAMARGO FORMER PRESIDENT OF COLOMBIA | ALLIANCE FOR PROGRESS MEETING | Memorandum of Conversation (Jamaica/Japan/Korea/Latin American/Liberia/ Morocco/Pakistan/Philippines/Turkey/United Kingdom/United Nations/USSR),,,
usa1-desc-존슨-4.4.8,Rules for Aerial Engagement in Far East: Reaction of Gulf of Tonkin Strikes,극동지역 항공교전규칙: 통킹만 폭격에 대한 반응,존슨,1964년,존슨,4.4.8,"- 1964년 8월 5일 미국무부 산하 해외정보조사국(INR, Bureau of Intelligence and Research)의 Thomas L. Hughes가 국무장관에게 통킹만 사건에 대한 해외 각국의 반응을 정리하여 보고한 메모. 한국은 존슨대통령의 성명을 지지하며, 통킹만 폭격이 북베트남의 공세적 정책을 포기하도록 만들기를 희망한다고 하였다.",극동지역 항공교전규칙: 통킹만 폭격에 대한 반응,6매,08-2-0103,44,103,MEMORANDUM FOR The Secretary FROM INR-Thomas L. Hughes(SUBJECT: Reactions Abroad to the US Strike),,,
usa1-desc-존슨-4.5,Agency File,,존슨,,존슨,4.5,,,,,,,,,,
usa1-desc-존슨-4.5.1,Department of Defence-Military Assistance Reappraisal(1 of 2),국방부-군사원조 재평가(1/2),존슨,1965년,존슨,4.5.1,- 1965년 6월 미 국방부가 작성한 1967-1971년도 대외군사원조 재평가 보고서 초안 중 한국관련 부속문서. 남북한 군전력에 대한 병력·장비·단위부대수 등 기본 정보를 수록하였다.,국방부-군사원조 재평가(1/2),26매,08-2-0104,20,104,"MILITARY ASSISTANCE REAPPRAISAL FY 1967-1971 Volume I-A ANNEXES : Draft Report on Taiwan, Korea, Thailand, Philippines",,,
usa1-desc-존슨-4.5.2,Department of Defence-Military Assistance Reappraisal(2 of 2),국방부-군사원조 재평가(2/2),존슨,1965년,존슨,4.5.2,"- 1965년 6월 미국방부 1967-1971년 군사원조 프로그램 대비 해외군사원조 재평가 보고서 (초안) 중에서 서문(제1장), 지역요소(제2장), 한국편(제4장-배경/위협요소에 대한 분석/ 한국군 배치/한국과의 관계에서 미군 배치/연합작전능력/군사원조/결론)부분으로 이루어져 있다.",국방부-군사원조 재평가(2/2),106매,08-2-0105,220,104,MILITARY ASSISTANCE REAPPRAISAL FY1967-1971 Volume I REPORT : CHAPTER I PREFACE/CHAPTER II REGIONAL FACTORS/CHAPTER IV KOREA(BACKGROUND /THREAT ANALYSIS/ROK MILITARY POSTURE/US MILITARY POSTURE IN RELATION TO KOREA/NET CAPABILITIES/MILITARY ASSISTANCE/CONCLUSION),,,
usa1-desc-존슨-4.6,Name File,,존슨,,존슨,4.6,,,,,,,,,,
usa1-desc-존슨-4.6.1,"Vice President, Vol 1[2 of 3]","부통령, 제1권(2/3)",존슨,1966년,존슨,4.6.1,"- 베트남전 지원과 관련하여 일본, 필리핀, 타이완, 한국 지도자와 가진 대화요약문과 험프리부통령이 베트남전 추가지원과 관련하여 박정희대통령과의 대화에 대한 메모로 이루어져 있다.","부통령, 제1권(2/3)",7매,08-2-0106,4,105,"Summary of conversations with the leadership of Japan, Philippines, Republic of China, and Korea. December 28, 1965, to January 2, 1966 | Memorandum from the Vice President to the President related to the Korea",,,
usa1-desc-존슨-4.6.2,"Vice President, Vol 2[1 of 2]","부통령, 제2권(1/2)",존슨,1966년,존슨,4.6.2,"- 험프리 부통령이 제6대 대한민국 대통령취임식(1967년)에 방한하여 한국 및 주변국 주요인사들과 나눈 대화와 인상, 몇가지 권고사항 등에 관해 짧게 정리하여 존슨에게 보고하는 메모로 이루어져 있다. 권고조치로는 한국에 보안 및 통신장비 지원, 한국군의 베트남 추가파병 시 경제·기술 지원 필요, 한국과학기술연구소에 대한 지속적 지원 필요 등을 제시하고 있다.","부통령, 제2권(1/2)",24매,08-2-0107,4,105,MEMORANDUM TO The President FROM The Vice President(SUBJECT: Korean Inauguration),,,
usa1-desc-존슨-4.6.3,Jorden Memos,조던의 메모,존슨,1966년,존슨,4.6.3,- William J. Jorden이 Walt W. Rostow에게 보낸 2건의 메모로 1966년 6월 24일자 ‘아시아에서 발전요소’와 1966년 8월 27일자 ‘극동지역의 발전’으로 이루어져 있다. 과거 아시아 제국가의 문제점을 현재와 간단히 비교한 메모와 ’66년 8월 27일 당시 한국문제 현안을 다룬 메모이다.,조던의 메모,9매,08-2-0108,5,106,Memorandum for Rostow from William J. Jorden ‘Elements of Progress in Asia’ | Memorandum for Rostow from William J. Jorden ‘Far East Developments’,,,
usa1-desc-존슨-4.6.4,Ropa Memos,로파의 메모,존슨,1966년,존슨,4.6.4,"- D. W. Ropa가 Walt W. Rostow와 Mr.Bundy에게 보낸 2건의 메모로 1966년 2월 24일자 ‘아시아국가(일본, 한국, 필리핀, 대만)의 안정에 미국의 원조와 주둔이 미치는 영향’과 1966년 4월 19일자 ‘극동지역의 발전(일본, 한국, 대만, 버마, 캄보디아, 라오스, 태국, 호주, 뉴질랜드, 필리핀)’으로 이루어져 있다.",로파의 메모,20매,08-2-0109,7,106,Memorandum for Rostow from D. W. Ropa ‘Developments in the Far East’ | Memorandum for Mr. Bundy from D. W. Ropa ‘The impact of U. S. aid and pres- ence on the stability of select Asian countries’,,,
usa1-desc-존슨-4.7,Intelligence File,,존슨,,존슨,4.7,,,,,,,,,,
usa1-desc-존슨-4.7.1,"Pueblo, 1/68","푸에블로호, 1968년 1월",존슨,1968년,존슨,4.7.1,"- 푸에블로 위원회의 보고서, Tom Johnson이 존슨대통령에게 보낸 푸에블로호 관련 메모, Richard Helms가 Walt Rostow에게 보낸 메모와 그에 첨부된 부커(Bucher)함장의 진술에 대한 심리적 정치적 분석으로 이루어져 있다.","푸에블로호, 1968년 1월",32매,08-2-0110,11,107,PUEBLO COMMITTEE REPORT TO PRESIDENT | MEMO FROM TOM JOHNSON TO THE PRESIDENT | MEMO FROM RICHARD HELMS TO WALT ROSTOW(Attachment-“A Psychological and Political Analysis of Commander Bucher’s Statements”,,,
usa1-desc-존슨-4.8,National Intelligence Estimates,,존슨,,존슨,4.8,,,,,,,,,,
usa1-desc-존슨-4.8.1,"14.2, North Korea","14.2, 북한",존슨,"1961, 1967, 1968년",존슨,4.8.1,"- CIA를 비롯한 미국방부, 육군, 해군, 공군, 합동참모본부의 정보부서에서 합동으로 마련한 4개의 국가정보평가서(National Intelligence Estimate)로 구성되어 있다. 첫 번째 보고서인 14.2/42-61은 한국의 전망(outlook for Korea)으로 북한의 무력위협·체제전복 위협·통일선전 등과 남한의 정치적 안정성·경제개발현황·국방 준비태세·대외관계에 대한 분석자료로 이루어져 있다. 두 번째 보고서인 14.2-67은 남한군의 베트남전 파병에 따른 북한의 대남전술 변화, 휴전선에서의 적대적 행위의 지속, 무장공비의 남파 등 북한의 동향과 의도를 분석한 자료이다. 세 번째 보고서인 14.2-67는 두 번째 보고서에 대한 보충적 내용을 담고 있으며, 1·21청와대습격사건의 의도를 분석하고 있다. 마지막 보고서인 14.2-68은 1968년 5월 16일에 작성된 것으로 북한이 전쟁을 일으킬 것으로 보지는 않지만, 무장공비의 남파와 휴전선에서의 적대행위를 계속할 것으로 판단하고 있다.","14.2, 북한",48매,08-2-0111,5,108,NATIONAL INTELLIGENCE ESTIMATE NUMBER 14.2/42-61 : THE OUTLOOK FOR KOREA | SPECIAL NATIONAL INTELLIGENCE ESTIMATE NUMBER 14.2-67: North Korean Intentions and Capabilities With Respict to South Korea | MEMORANDUM TO HOLDERS SPECIAL NATIONAL INTELLIGENCE ESTIMATE NUMBER 14.2-67:North Korean Intentions and Capabilities With Respect to South Korea | SPECIAL NATIONAL INTELLIGENCE ESTIMATE NUMBER 14.2-68:The Likelihood of Major Hostilities in Korea,,,
usa1-desc-존슨-4.8.2,"40, Far East","40, 극동",존슨,1966년,존슨,4.8.2,"- 1966년 10월 13일에 작성된 국가정보평가서로 존슨대통령의 서태평양 지역 5개국 (호주, 뉴질랜드, 태국, 말레이시아, 남한) 방문에 앞서 이들 국가의 경호관련 치안상황에 대해 작성한 보고서이다.","40, 극동",10매,08-2-0112,6,109,SPECIAL NATIONAL INTELLIGENCE ESTIMATE NUMBER 40/50-66 : SECURITY CONDITIONS IN FIVE COUNTRIES OF THE WESTERN PACIFIC AREA,,,
usa1-desc-존슨-4.8.3,"42, South Korea","42, 남한",존슨,"1962, 1965년",존슨,4.8.3,"- 남한에 대한 국가정보평가서로 3부가 작성되었다. 첫 번째 보고서인 42-62는 1962년 4월 4일에 작성된 것으로 남한의 정치·경제·북한의 위협·한미관계 전망 등을 담고 있다. 두 번째 보고서인 42-2-62는 1962년 9월 7일에 작성되었으며 군사정부내 갈등에 대한 전망을 수록하였다. 마지막 보고서인 42/14.2-65는 1965년 1월 22일에 작성되었 으며, 김종필·공화당내 분열 문제·경제상황·북한의 의도 등을 담고 있다.","42, 남한",52매,08-2-0113,6,109,SPECIAL NATIONAL INTELLIGENCE ESTIMATE Number 42-62: The Outlook for South Korea | SPECIAL NATIONAL INTELLIGENCE ESTIMATE Number 42-2-62: Short-Term Outlook for South Korea | NATIONAL INTELLIGENCE ESTIMATE NUMBER 42/14.2-65: The Korean Problem | SPECIAL ANNEX TO NATIONAL INTELLIGENCE ESTIMATE NUMBER 42/14.2-65: The Korean Problem,,,
usa1-desc-존슨-4.9,Files of McGeorge Bundy,,존슨,,존슨,4.9,,,,,,,,,,
usa1-desc-존슨-4.9.1,Non-Committee,위원회 外,존슨,1964-1966년,존슨,4.9.1,"- 존슨대통령의 안보담당 특별보좌관 McGeorge Bundy가 수발신한 해외원조와 관련된 메모 및 보고서. 여기에는 David E. Bell이 존슨대통령에게 한국의 프로젝트 차관에 대해 보고한 메모, 해외원조법 개정에 대한 의회보고서(결의서) 등 각종 해외원조업무 관련 보고서 등으로 이루어져 있으며 원조프로그램에 관한 극동보고서에 한국편이 실려 있다.",위원회 外,270매,08-2-0114,15,110,"MEMORANDUM FOR McGeorge Bundy FROM Ed Hamilton(SUBJECT: Next Step on Foreign Aid) | MEMORANDUM FOR THE PRESIDENT FROM DAVID BELL RE Project Loans for Korea(Seoul Area Thermal Power Plant, Seoul City Waterworks Expansion, Hyun Dai Cement Plant Expansion) | Report: COUNTRIES RECEIVING AID FROM THE UNITED STATES IN FISCAL YEARS 1965, 1966 AND 1967(ASSISTANCE PROGRAMS: Near East and South Asia/Latin America/Far East/Africa/Oceania/Europe) | Report: Public Law 89-273 89th Congress, H.R.10871: Title Foreign Assistance | Report: The Foreign Assistance Act of 1961, As Amended | Report: Committee on Foreign Affairs-What is wrong with Foreign AID?",,,
usa1-desc-존슨-4.9.2,Non-Committee(on foreign aid) Reports and Letters,해외원조 관련 위원회 外-보고서 및 서한,존슨,1965년,존슨,4.9.2,"- 안보담당 특별보좌관 McGeorge Bundy가 수발신한 해외원조와 관련된 메모 및 보고서, 보고서 검토 요청메모 및 검토 후 답장, 해외원조법 개정에 대한 의회보고서(결의서) 등으로 이루어져 있다.",해외원조 관련 위원회 外-보고서 및 서한,205매,08-2-0115,19,111,"MEMORANDUM FOR MEMBERS OF THE NON-COMMITTEE | MEMORANDUM FOR THE PRESIDENT FROM McGeorge Bundy(SUBJECT: Review of the Foreign Aid Program) | Public Law 480-83d Congress Chapter 469-2 Session S.2475 An Act | Public Law 89-273 89th Congress, H.R.10871 October 20, 1965. An Act | The Foreign Aid Committee Report",,,
usa1-desc-존슨-4.9.3,Daily Regional Staff Report to the President,지역담당관의 대통령 정기보고서,존슨,1965년,존슨,4.9.3,"- 1965년 9월부터 11월까지 대통령에게 보낸 각 지역별(근동, 유럽, 라틴아메리카, 아프리카, 극동) 주간보고서 모음으로 한국과 관련해서는 1965년 9월 23일에 작성된 극동편에 수록되어 있으며, 한일회담관련 학생운동 동향 등을 담고 있다. ’65년 9월 23일자 보고서외 한국관련 문서는 없다.",지역담당관의 대통령 정기보고서,98매,08-2-0116,19,111,MEMORANDUM FOR THE PRESIDENT FROM McGeorge Bundy(SUBJECT: The Week’s Developments in Asia) | Development in the Far East/Week’s Developments in the Near East/Possible Topics for Presidential Commentary on the week in Europe/Latin American Developments/ Developments in Africa,,,
usa1-desc-존슨-4.10,Files of Walt Rostow,,존슨,,존슨,4.10,,,,,,,,,,
usa1-desc-존슨-4.10.1,"The President’s File for Korea, Vietnam(Briefings)","한국, 베트남에 대한 대통령 파일(브리핑자료)",존슨,1968년,존슨,4.10.1,"- 1968년 1월 29일-1월 31일사이 대통령에게 보고된 베트남전 상황 및 푸에블로호 사건 대응조치 관련 브리핑 자료들. 주로 Rostow가 대통령에게 전달한 메모, 베트남에서 온 전문, 회의의제, 대언론지침 및 질의응답서 등으로 이루어져 있다.","한국, 베트남에 대한 대통령 파일(브리핑자료)",46매,08-2-0117,10,112,"MEMORANDUM FOR THE PRESIDENT FROM JOE CALKFANO RE SITUATION ON VIETNAM AND PUEBLO PROBLEM | MEETING WITH THE PRESIDENT, Tuesday, January 30, 198,8:30 a.m., Presentation to Congressional Leadership: the PUEBLO case | Report on Meeting of Advisory Group, January 29, 1968 (11possible courses of ac- tion to the North Korea) | Telegram from Ambassador Bunker to Walt Rostow re a Military wrap-up of the Vietnam situation | Telegram from Sharp to Wheeler, CJCS re Brief on S. Vietnam | Draft Press Guidance(Pueblo)",,,
usa1-desc-존슨-4.10.2,"Material re: Vietnam and Pueblo, 1-2/68","베트남 및 푸에블로호 관련 자료, 1968년 1-2월",존슨,1968년,존슨,4.10.2,"- 1968년 1월-2월 사이 한국문제와 베트남 상황에 대해 존슨대통령에게 보고하는 Rostow의 메모와 보고서를 비롯하여 미국 카네기평화연구소의 베트남상황에 대한 권고문, 웨스트모어장군의 전문, 코시긴에게 보내는 편지 초안 등 주로 한국과 베트남 상황을 다루고 있는 메모, 보고서, 전문, 편지 등으로 이루어져 있다.","베트남 및 푸에블로호 관련 자료, 1968년 1-2월",50매,08-2-0118,10,113,"MEMORANDUM FOR THE PRESIDENT FROM W. W. ROSTOW(SUBJECT: Misgivings about Vietnam felt by VIP group) | LETTER TO THE PRESIDENT(W. ROSTOW) FROM Joseph E. Johnson(attached MEMORANDUM ON VIETNAM) | Carnegie Endowment for International Peace Panel Discussion on Vietnam 1-3 December 1967(List of Participants) | Memorandum Luncheon with the President, Tuesday, January 30, 1968 (Agenda- Korea: Panmunjom Problem etc.) | TEXT OF CABLE FROM GENERAL WESTMORELAND(MAC 11956) | DRAFT LETTER TO KOSYGIN 2/1/68",,,
usa1-desc-존슨-4.10.3,Pueblo and Vietnam,푸에블로호 및 베트남,존슨,1968년,존슨,4.10.3,"- 베트남 지역별 전황 메모모음과 항공정찰, 원산항 봉쇄, 푸에블로호와 동일한 함정의 북한 근해 파견 등 푸에블로호 사건에 대응하는 미국의 10가지 대북조치에 관한 보고서가 수록되어 있다.",푸에블로호 및 베트남,36매,08-2-0119,10,113,Memo(TUY HOA/HOI AN/TAN CANH/CAM RANH BAY/DA NANG/NHA TRANG/ BAN ME THOUT/PLEIKU/KONTOM/QUI NHON) | REPORT-Action No.1 ADVISING SOVIETS OF ACTUAL AND POSSIBLE MILITARY MOVES/Action No.2 CONDUCT AIRBORNE RECONNAISSANCE/Action No.3 SAIL USS BANNER INTO THE AREA WHERE THE USS PUEBLO WAS SEIZED/- Action 10. FREE WORLD ECONOMIC PRESSURES ON NORTH KOREA,,,
usa1-desc-존슨-4.10.4,Vance Report-Korea(Pueblo),밴스 보고서-한국(푸에블로호),존슨,1968년,존슨,4.10.4,"- 푸에블로호 사건과 관련하여 1968년 2월 존슨대통령 특사로 한국을 방문했던 사이러스 밴스의 보고서와 보고서에 첨부된 한미공동성명, 한국 최규하 외무부장관에게 보낸 밴스의 편지와 한국측의 요구사항에 대한 논평 및 권고사항을 정리한 보고서로 이루어져 있다. 밴스의 보고서는 특사방문의 목적, 박대통령의 입장, 향후 조치사항에 대한 권고로 이루어져 있다.",밴스 보고서-한국(푸에블로호),20매,08-2-0120,10,114,"MEMORANDUM FOR THE PRESIDENT FROM CYRUS R. VANCE (THE OBJECTIVES OF VANCE MISSION) | KOREAN-U.S.JOINT COMMUNIQUE, Issued at Seoul February 15, 1968 | LETTER TO Kyu Hah Choi FROM Cyrus. R. Vance | Comments and Recommendations in Respect to the Korean Requests of February 15, 1968",,,
usa1-desc-존슨-4.11,National Security Council Histories,,존슨,,존슨,4.11,,,,,,,,,,
usa1-desc-존슨-4.11.1,"Pueblo Crisis 1968, Vol. 1 Basic Study and Presidential Decisions","푸에블로호 사건 1968년, 제1권 기초연구 및 대통령 결정",존슨,1968년,존슨,4.11.1,- 1968년 1월 5일 일본 사세보항에 정박중인 푸에블로호의 출항명령이 내려진 때부터 10월 5일까지의 주요 사건을 시간순으로 정리한 보고서.,"푸에블로호 사건 1968년, 제1권 기초연구 및 대통령 결정",126매,08-2-0121,27,115,Report re: THE USS PUEBLO INCIDENT/Report re: PUEBLO CRISIS-PRESIDENTIAL DECISIONS AND SUPPLEMENTARY CHRONOLOGY | MEMORANDUM FOR MR. ROSTOW FROM Alfred Jenkins (SUBJECT: PUEBLO Study-HOLES IN THE PUEBLO STUDY) | MEMORANDUM: Chronology of Events Concerning the Seizure of the USS Pueblo | INTELLIGENCE MEMORANDUM: Details of the Pueblo’s Seizure | CHRONOLOGY OF ACTION REGARDING THE PUEBLO,,,
usa1-desc-존슨-4.11.2,"Pueblo Crisis 1968, Vol. 1 Chron, Part 1","푸에블로호 사건 1968년, 제1권 시간순 기록 제1편",존슨,1968년,존슨,4.11.2,- 1968년 1월 5일부터 2월 1일까지 푸에블로호 사건 관련 주요 활동을 미 국무부 공보실 에서 편집하여 기록한 보고서로 해당 일자의 활동에 대한 근거 문서 번호를 부기하였다.,"푸에블로호 사건 1968년, 제1권 시간순 기록 제1편",179매,08-2-0122,27,115,"CHRONOLOGY OF DIPLOMATIC ACTIVITY IN THE PUEBLO CRISIS[PART 1], Research Project No. 924, October 1968",,,
usa1-desc-존슨-4.11.3,"Pueblo Crisis 1968, Vol. 2 Chron, Part 2[Feb.2-19]","푸에블로호 사건 1968년, 제2권 시간순 기록 제2편[2월 2-19일]",존슨,1968년,존슨,4.11.3,"- 1968년 2월 2일부터 2월 19일까지 푸에블로호 사건 관련 주요 활동을 미 국무부 공보실 에서 편집하여 기록한 보고서. 군사정전위에서 협상과정, 미국의 입장, 남한측의 강경 대응 요구 등이 보고서 속에 담겨 있다.","푸에블로호 사건 1968년, 제2권 시간순 기록 제2편[2월 2-19일]",179매,08-2-0123,27,116,"CHRONOLOGY OF DIPLOMATIC ACTIVITY IN THE PUEBLO CRISIS[PART 1], Research Project No. 924, October 1968",,,
usa1-desc-존슨-4.11.4,"Pueblo Crisis 1968, Vol. 2 Chron, Part 2[Feb.20-Sept.20]","푸에블로호 사건 1968년, 제2권 시간순 기록 제2편[2월20일-9월20일]",존슨,1968년,존슨,4.11.4,- 1968년 2월 20일부터 9월 20일까지 푸에블로호 사건과 관련하여 미국의 외교적 활동을 서술하여 기록한 일일보고서 자료. 4월과 5월의 기록은 없고 6월부터 9월까지는 일일 기록이 모두 남겨져 있는 것은 아니다.,"푸에블로호 사건 1968년, 제2권 시간순 기록 제2편[2월20일-9월20일]",222매,08-2-0124,27,116,CHRONOLOGY OF DIPLOMATIC ACTIVITY IN THE PUEBLO CRISIS[PART 2],,,
usa1-desc-존슨-4.11.5,"Pueblo Crisis 1968, Vol. 3 Day-by-Day Documents Part 1","푸에블로호 사건 1968년, 제3권 일일문서 제1편",존슨,1968년,존슨,4.11.5,"- 1968년 1월 23일 작성된 푸에블로호 사건 관련 메모, 브리핑자료, 기자회견문, 질의 응답서, 상황보고서로 이루어져 있다. 주요 기록으로는 1월 22-23일에 걸친 푸에블로호- 북한-미 야전군사령부-미 국방부-백악관 상황을 시간대별로 작성한 도표 및 그 이전에 작성된 첩보함의 북한앞바다 순찰에 대한 보고서(1월 8일)와 청와대 무장습격에 대한 시간대별 보고서(1월 19일) 등으로 이루어져 있다.","푸에블로호 사건 1968년, 제3권 일일문서 제1편",83매,08-2-0125,28,117,Situation Room Report: U. S. SIGINT SHIP TO PATROL WATERS OFF NORTH KOREA | Chronology of events concerning recent North Korean Agent Activity in Seoul Area | INTELLIGENCE MEMORANDUM: PUEBLO SITREP | Briefing for senator fullbright(North Korean Capture of USS Pueblo) | National Military Command Center(NMCC) Memorandum for record(subject: USS Pueblo Encounter sith North Korean Patrol Boats),,,
usa1-desc-존슨-4.11.6,"Pueblo Crisis 1968, Vol. 3 Day-by-Day Documents Part 2","푸에블로호 사건 1968년, 제3권 일일문서 제2편",존슨,1968년,존슨,4.11.6,"- 1968년 1월 24일과 25일 양일간에 있었던 푸에블로호 사건에 대한 기자회견문, 뉴스 브리핑 기록, CIA에서 작성한 상황 보고서, Leonard C. Meeker가 국무장관에게 보고한 메모 및 Goldberg 유엔대사가 안보위원회 의장에게 보내는 편지, 예비군의 전시근무를 명하는 행정명령 등으로 이루어져 있다.","푸에블로호 사건 1968년, 제3권 일일문서 제2편",111매,08-2-0126,28,117,"MEMORANDUM FOR THE SECRETARY FROM LEONARD C. MEEKER(SUBJECT: NORTH KOREAN SEIZURE OF USS PUEBLO) | CIA INTELLIGENCE MEMORANDUM(CONFRONTATION IN KOREA) | REMARKS OF SECRETARY RUSK TO NEWSMEN AFTER APPEARING BEFORE THE HOUSE FOREIGN AFFAIRS COMMITTEE | NEWS CONFERENCE(#1106-A, #1107-A, #1108-A, #1109-A) | ON THE RECORD UNLESS OTHERWISE INDICATED TRANSCRIPT OF PRESS AND RADIO NEWS BRIEFING | LETTER TO SECURITY COUNCIL PRESIDENT FROM ARTHUR J. GOLDBERG RE KOREA | EXECUTIVE ORDER: ORDERING CERTAIN UNITS OF THE READY RESERVE OF THE NAVAL RESERVE, AIR FORCE RESERVE AND AIR NATIONAL GUARD OF THE UNITED STATES TO ACTIVE DUTY",,,
usa1-desc-존슨-4.11.7,"Pueblo Crisis 1968, Vol. 3 Day-by-Day Documents Part 3","푸에블로호 사건 1968년, 제3권 일일문서 제3편",존슨,1968년,존슨,4.11.7,"- 1968년 1월 26일에 작성된 청와대 습격 및 푸에블로호 사건과 관련된 문서들 모음. 청와대 습격 및 푸에블로호 사건에 관한 메모, 국무부 상황보고서, 대통령 성명서, 상원 외교관계 위원회 발언록, 브리핑자료, 한국문제 실무그룹 및 대책본부(task force) 편성에 관한 메모들, 한국에 대한 배경지식 자료, 유엔안보위원회 회의록과 남한정부 입장을 전하는 메모, CIA 국가 평가부서에서 작성한 한국의 사건전개상황에 대한 보고서 및 미국의 대응조치에 대한 공산주의자들의 반응에 대한 보고서, 기자회견문, 푸에블로호 부커함장의 인터뷰자료 등으로 이루어져 있으며, CIA자료는 부분비공개 자료이다.","푸에블로호 사건 1968년, 제3권 일일문서 제3편",137매,08-2-0127,28,118,"DRAFT STATEMENT AND ACTIONS ON KOREA TO BE ANNOUNCED/STATEMENT BY THE PRESIDENT | MEMORANDUM FOR THE KOREA WORKING GROUP FROM SAMUEL.D.BERGER (SUBJECT: FORMATION OF KOREAN WORKING GROUP AND TASK FORCE, AND DESIGNATIONS OF RESPONSIBILITY/DISTRIBUTION LIST OF KOREAN WORKING GROUP/COMPOSION OF THE KOREAN WORKING GROUP) | MEMORANDUM TO MR. ROSTOW FROM Nathaniel Davis(subject: The Security Council Meeting of January 26) | AIRGRAM FROM USUN TO Department of State(Subject: South Korean Government Memorandum) | CIA OFFICE OF NATIONAL ESTIMATES MEMORANDUM FOR THE DIRECTOR (SUBJECT:Possible Developments in the Korean Situation) | BUCHER INTERVIEW/MEMORANDUM FOR RECORD(SUBJECT: Promotion Status of Commander Bucher(Pronounced Byaker), CO, PUEBLO)",,,
usa1-desc-존슨-4.11.8,"Pueblo Crisis 1968, Vol. 4 Day-by-Day Documents Part 4","푸에블로호 사건 1968년, 제4권 일일문서 제4편",존슨,1968년,존슨,4.11.8,"- 1968년 1월 27일과 28일에 작성된 푸에블로호 사건 관련 문서들. 문서종류는 메모, 전신, 보고서로 되어 있으며 정보 관련 문서의 경우 부분비공개이거나 비공개인 문서가 포함되어 있다. 국무부 한국팀의 상황보고서, CIA 푸에블로호 상황보고서, 사건전개 상황에 대한 연락메모, 대사관 전문, Goldberg 유엔 미국대사의 발표문, 사건관련 외국의 입장에 대한 보고서들, 유엔안보위 회의록, 미국의 조치에 대한 북한/소련/중국의 반응에 대한 보고서 등으로 이루어져 있다.","푸에블로호 사건 1968년, 제4권 일일문서 제4편",145매,08-2-0128,28,119,"DEPARTMENT OF STATE Korean task Force Situation Report | CENTRAL INTELLIGENCE AGENCY INTELLIGENCE MEMORANDUM: Pueblo Sitrep | Memorandum to the President from W.W.Rostow re: Movement of Combat Aircraft to “Korea” Following Pueblo Incident | MEMORANDUM FOR THE KOREAN WORKING GROUP FROM Samuel D. Berger (SUBJECT: Minutes of the Korean Working Group Meeting) | TELEGRAM from AMEBASSY MOSCOW TO SECSTATE WASHDC RE KOSYGIN’S REPLY TO PRESIDENT’S MESSAGE | Statement by Ambassador Arthur J.Goldberg, United States Representative to the United Nationas, in the Security Council on Korea, January 27, 1968 | UNITED STATES INFORMATION AGENCY TALKING PAPER OFFICE OF POLICY AND RESEARCH: THE NORTH KOREAN THREAT TO PEACE | MEMORANDUM TO The Under Secretary FROM Samuel D. Berger(Subject: Japanese Proposal for a Tripartite Commission on the Case of the U.S.S. Pueblo) | CIA/DIA/STATE MEMORANDUM(SUBJECT: Reations to Certain US Actions) | CIA INTELLIGENCE MEMORANDUM RE Merchant Shipping in North Korean Ports and En Route | MEDIA REACTION ANALYSIS: NORTH KOREAN SEIZURE OF U.S. SHIP",,,
usa1-desc-존슨-4.11.9,"Pueblo Crisis 1968, Vol. 4 Day-by-Day Documents Part 5","푸에블로호 사건 1968년, 제4권 일일문서 제5편",존슨,1968년,존슨,4.11.9,"- 1968년 1월 29일 작성된 푸에블로호 사건 관련 문서모음. 국무부 상황보고서, CIA 푸에블로호 상황보고서, 미국의 대응조치 보고서, 자문단 회의록, 북한에 대한 BLACK SHIELD MISSION 6847에 대한 초기 평가 보고서, 푸에블로호 사건에 대한 상원 회의록, 기자회견문 등으로 이루어져 있다.","푸에블로호 사건 1968년, 제4권 일일문서 제5편",91매,08-2-0129,28,120,"DEPARTMENT OF STATE Korean task Force Situation Report | CENTRAL INTELLIGENCE AGENCY INTELLIGENCE MEMORANDUM: Pueblo Sitrep | Report on Meeting of Advisory Group, January 29, 1968 | Memorandum(subject: Preliminary Assessment of BLACK SHIELD MISSION 6847 over North Korea) | A Psychological and Political Analysis of Commander Bucher’s Statements | Congressional Record-SENATE(THE U.S.S. “PUEBLO” INCIDENT) | Memorandum of Conversation (SUBJECT: Japanese Proposal on Korea) | NEWS CONFERENCE #1112-A, #1113-A",,,
usa1-desc-존슨-4.11.10,"Pueblo Crisis 1968, Vol. 4 Day-by-Day Documents Part 6","푸에블로호 사건 1968년, 제4권 일일문서 제6편",존슨,1968년,존슨,4.11.10,"- 1968년 1월 30일 작성된 푸에블로호 사건 관련 문서모음. 국무부 상황보고서, CIA 푸에블로호 상황보고서, 푸에블로호 사건에 대한 소련의 정책을 평가한 국무부 정보 조사국의 첩보 보고서, 푸에블로호 사건에 대한 외교상 조치에 대해 Benjamin H. Read가 Rostow에게 보낸 메모, 기자회견 및 언론 발표문 등으로 이루어져 있다.","푸에블로호 사건 1968년, 제4권 일일문서 제6편",54매,08-2-0130,28,121,"DEPARTMENT OF STATE Korean task Force Situation Report | CENTRAL INTELLIGENCE AGENCY INTELLIGENCE MEMORANDUM: Pueblo Sitrep | Meeting with the President, Tuesday, January 30, 1968, 8:30 a.m. Presentation to Congressional Leadership: the PUEBLO case | Intelligence Report from INR-Thomas L. Hughes to The secretary(SUBJECT: The Emerging Soviet Line on the Pueblo Incident) | MEMORANDUM FOR MR. WALT W. ROSTOW FROM Benjamin H. Read(Subject: Response to Our Demarches Concerning the Pueblo Incident) | NEWS CONFERENCE #1114-A",,,
usa1-desc-존슨-4.11.11,"Pueblo Crisis 1968, Vol. 5 Day-by-Day Documents Part 7","푸에블로호 사건 1968년, 제5권 일일문서 제7편",존슨,1968년,존슨,4.11.11,"- 1968년 1월 31일 작성된 푸에블로호 사건 관련 문서모음. 국무부 상황보고서, CIA 푸에블로호 상황보고서, 내부 연락메모, 미국의 가능한 조치들에 대한 보고서, FBIS (CIA 외국방송청취팀)의 평양 선전문 분석보고서, 한국에 대한 보고서, 기자회견 및 언론브리핑 질의응답자료 등으로 이루어져 있다.","푸에블로호 사건 1968년, 제5권 일일문서 제7편",71매,08-2-0131,29,122,"DEPARTMENT OF STATE Korean task Force Situation Report | CENTRAL INTELLIGENCE AGENCY INTELLIGENCE MEMORANDUM: Pueblo Sitrep | MEMORANDUM FOR THE PRESIDENT FROM Joe Califano | MEMORANDUM (SUBJECT: The Korean-Polish Ship Brokers’ Company) | MEMORANDUM FOR THE PRESIDENT(SUBJECT: Possible Emergency Actions) | PYONGYANG PROPAGANDA CHARGES OF U.S.-ROK NAVAL “INTRUSIONS” | GEORGE CHRISTIAN NEWS CONFERENCE JANUARY 31, 1968 12:12 p.m./ McCLOSKEY PRESS BRIEFING(KOREA EXCERPTS)",,,
usa1-desc-존슨-4.11.12,"Pueblo Crisis 1968, Vol. 5 Day-by-Day Documents Part 8","푸에블로호 사건 1968년, 제5권 일일문서 제8편",존슨,1968년,존슨,4.11.12,"- 1968년 2월 1일-3일에 작성된 푸에블로호 사건 관련 문서 모음. 국무부 상황보고서, CIA 푸에블로호 상황보고서, 법적해결문제를 다룬 메모, 기자회견문, 언론브리핑자료, 협상틀 관련 보고서, 추가적 군사압박과 관련한 메모, 제3국을 통한 접근가능성을 분석한 보고서, 제1차 판문점회담에 대한 평가 보고서 등으로 이루어져 있다.","푸에블로호 사건 1968년, 제5권 일일문서 제8편",85매,08-2-0132,29,122,"DEPARTMENT OF STATE Korean task Force Situation Report | CENTRAL INTELLIGENCE AGENCY INTELLIGENCE MEMORANDUM: Pueblo Sitrep | MEMORANDUM FOR THE PRESIDENT FROM Nicholas deB.Katzenbach (Subject: Impartial Settlement of Legal Issues Involved in the PUEBLO Seizure) | MEMORANDUM FOR MR. ROSTOW FROM Alfred Jenkins(SUBJECT: Next Korean Moves/Assessment of First Panmunjom Meeting) | BALL COMMITTEE ON THE USS PUEBLO INCIDENT(Terms of Reference) | MEMORANDUM TO The Under Secretary From Samuel D. Berger(Subject: An Additional Military Pressure Option) | MEMORANDUM (Subject: Third Country Approacher to North Korea on the Pueblo Incident) | MEMORANDUM TO The Secretary From Samuel D. Berger(Subject: UNC-North Korean Meeting on Pueblo Incident) | Press Conference No. 118 of the President of the United States 12:05 p.m. EST February 3, 1968(Korea Excerpts)",,,
usa1-desc-존슨-4.11.13,"Pueblo Crisis 1968, Vol. 5 Day-by-Day Documents Part 9","푸에블로호 사건 1968년, 제5권 일일문서 제9편",존슨,1968년,존슨,4.11.13,"- 1968년 2월 3일 작성된 푸에블로호 사건관련 문서 모음. 국무부 상황보고서, CIA 푸에 블로호 상황보고서, 2월 2-3일 일지(chronology), 제2차 판문점 회담에 대한 보고서, 코시긴이 존슨대통령에게 보내는 전문메시지, 대통령 의회발표문 초안 및 관련 메모, 배너호에 관한 보고서 등으로 이루어져 있다.","푸에블로호 사건 1968년, 제5권 일일문서 제9편",74매,08-2-0133,29,123,DEPARTMENT OF STATE Korean task Force Situation Report | CENTRAL INTELLIGENCE AGENCY INTELLIGENCE MEMORANDUM: Pueblo Sitrep | MEMORANDUM FOR THE PRESIDENT (SUBJECT: Second Meeting at Panmunjom)/ DEVELOPMENTS BEYOND THE NEXT MEETING IN PANMUNJOM | TELEGRAM FROM AMEMBASSY MOSCOW TO SECSTATE WASHDC RE: MESSAGE FROM KOSYGIN TO PRESIDENT | SAIL USS BANNER INTO THE AREA WHERE THE USS PUEBLO WAS SEIZED | DRAFT: TO THE CONGRESS OF THE UNITED STATES,,,
usa1-desc-존슨-4.11.14,"Pueblo Crisis 1968, Vol. 6 Day-by-Day Documents Part 10","푸에블로호 사건 1968년, 제6권 일일문서 제10편",존슨,1968년,존슨,4.11.14,"- 1968년 2월 4일-6일까지 작성된 푸에블로호 사건 관련 문서 모음. 국무부 상황보고서, CIA 한국상황보고서, 코시긴과 존슨대통령간의 전문, 기자회견문, 한국문제 실무그룹의 2월 5일자 회의록, CIA 푸에블로호 사건 보고서, 남북한에 관한 의회 브리핑자료, 언론브리핑 질의응답자료 등으로 이루어져 있다.","푸에블로호 사건 1968년, 제6권 일일문서 제10편",111매,08-2-0134,29,124,"DEPARTMENT OF STATE Korean task Force Situation Report | CENTRAL INTELLIGENCE AGENCY INTELLIGENCE MEMORANDUM: Late Develop- ments in Korean Situation) | TELEGRAM FROM AMEMBASSY MOSCOW TO SECSTATE WASHDC(Text of Kosygin Message)/Draft response from the President to Kosygin | KOREAN EXCERPTS FROM “MEET THE PRESS” INTERVIEW SECRETARY RUSK, SECRETARY McNAMARA, FEBRUARY 4, 1968 | MEMORANDUM FOR THE KOREAN WORKING GROUP FROM Samuel D. Berger (SUBJECT: Minutes of the Korean Working Group Meeting, 9:00 a.m., February 5, 1968) | The Pueblo Incident Briefing Materials for Ambassador Ball’s Committee | ROK ASSEMBLY RESOLUTION/NEWS CONFERENCE #1122-A",,,
usa1-desc-존슨-4.11.15,"Pueblo Crisis 1968, Vol. 6 Day-by-Day Documents Part 11","푸에블로호 사건 1968년, 제6권 일일문서 제11편",존슨,1968년,존슨,4.11.15,"- 1968년 2월 7일-11일까지 작성된 푸에블로호 사건 관련 문서 모음. 국무부 상황보고서, 기자회견문 및 언론 브리핑자료, 국방부 언론발표문, 의원들과 푸에블로호 사건을 논의한 회의에 대한 미 합동참모본부 보고서, 푸에블로호 사건관련 하원기록, 2월 5일자 박정희대통령 편지, 2월 1-5일까지 푸에블로호 사건처리 기록, 밴스특사 임무에 대한 자료, 밴스 특사파견과 관련한 포터대사의 전문(박정희대통령 편지내용포함) 등이 포함되어 있다.","푸에블로호 사건 1968년, 제6권 일일문서 제11편",70매,08-2-0135,29,125,"DEPARTMENT OF STATE Korean task Force Situation Report/DEPARTMENT OF DEFENSE NEWS RELEASE | MEMORANDUM FOR RECORD(SUBJECT: Meeting with Senator Russell on PUEBLO Incident/Discussion with Senator Margaret Chase Smith re PUEBLO/Discussion with Mr. David Martin, Special Assistant to Senator Dodd) | Message from President Johnson to the Congress(Excerpt) February 8, 1968 | CONGRESSIONAL RECORT-HOUSE | MISSION OF CYRUS R. VANCE(Special Instruction) | TEXT OF CABLE FROM AMBASSADOR PORTER(Seoul 4131)/(Seoul 4121)-subject: Korean Government Plans for Vance Visit",,,
usa1-desc-존슨-4.11.16,"Pueblo Crisis 1968, Vol. 6 Day-by-Day Documents Part 12","푸에블로호 사건 1968년, 제6권 일일문서 제12편",존슨,1968년,존슨,4.11.16,"- 1968년 2월 12일-16일까지 작성된 푸에블로호 사건 관련 문서 모음. 국무부 상황보고서, 북한침입과 푸에블로호 사건에 대한 장래 전략문서, 군사적 압박책, 밴스특사와 Rostow사이에 주고받은 전문, 밴스의 특사 임무 및 귀국보고, 평양의 보도문, 소련의 입장 및 초기대응에 대한 보고서, 의회기록 등으로 이루어져 있다.","푸에블로호 사건 1968년, 제6권 일일문서 제12편",83매,08-2-0136,29,125,"DEPARTMENT OF STATE Korean task Force Situation Report | NORTH KOREAN AGGRESSION AND THE PUEBLO INCIDENT, POSSIBLE FUTURE STRATEGIES | Pueblo Seizure-Possible Military Pressure Options | TELEGRAM FROM MR.CYRUS VANCE KOREA TO MR. WALT ROSTOW SHITE HOUSE | Korean-U.S. Joint Communique/PRESS CONFERENCE OF CYRUS VANCE ON HIS RETURN FROM SOUTH KOREA | MEMORANDUM TO The Secretary From George C. Denney, Jr.(Subject: Soviet Interests and the Pueblo Incident) | CONGRESSIONAL RECORD-Extensions of Remarks February 16, 1968",,,
usa1-desc-존슨-4.11.17,"Pueblo Crisis 1968, Vol. 7 Day-by-Day Documents Part 13","푸에블로호 사건 1968년, 제7권 일일문서 제13편",존슨,1968년,존슨,4.11.17,"- 1968년 2월 17일-26일까지 작성된 푸에블로호 사건 관련 문서 모음. 국무부 상황보고서, 언론발표문, ROSTOW가 대통령에게 푸에블로호 사건 상황에 대해 보고하는 메모, 북한에 대한 공군정찰활동 비상계획 초안설명 메모, 근동에서 푸에블로호와 베트남의 영향에 대한 보고메모, 밴스 특사의 보고서, 공동성명, 판문점회담에 대한 보고메모, 국방부전신, 코시긴의 메시지 전문 등이 날짜순으로 정리되어 있다.","푸에블로호 사건 1968년, 제7권 일일문서 제13편",129매,08-2-0137,30,126,"DEPARTMENT OF STATE Korean task Force Situation Report/Statement by the Department of State Spokesman February 18, 1968 | MEMORANDUM FOR THE PRESIDENT FROM W.W.ROSTOW(SUBJECT: Status of Pueblo Case) | MEMORANDUM FOR William C. Trueheart FROM R.J.SMITH(SUBJECT: Comments on Draft Contingency Plan for Airborne Reconnaissance of North Korea) | Intelligence Information Cable(SUBJECT: CHINESE DIPLOMAT’S COMMENTS ON NEW RAPPROCHEMENT BETWEEN SOVIET UNION AND COMMUNIST CHINA ON THE VIETNAM CRISIS) | MEMORANDUM FOR WALT ROSTOW FROM Hal Saunders(SUBJECT: Effect of Pueblo and Vietnam on the Near East) | VANCE MISSION TO KOREA (FINAL REPORT)/JOINT COMMUNIQUE | TEXT OF CABLE FROM SEOUL RE MEETING WITH THE NORTH KOREANS AT PANMUNJOM | MEMO(Intelligence Note) from Thomas L. Hughes to the Secretary(subject: Pueblo Crew’s Apology Reflects Pyongyang’s Position) | Cable from Walt Rostow To The President re: message from Kosygin to Wilson on the Pueblo",,,
usa1-desc-존슨-4.11.18,"Pueblo Crisis 1968, Vol. 7 Day-by-Day Documents Part 14","푸에블로호 사건 1968년, 제7권 일일문서 제14편",존슨,1968년,존슨,4.11.18,"- 1968년 2월 27일-3월 30일까지 작성된 푸에블로호 사건관련 문서모음. 국무부 상황 보고서 중심으로 이루어져 있으며, 그밖에 주한미대사관에서 국무부에 보낸 밴스특사 임무에 관한 전문, Alfred Jenkins가 Rostow에게 보낸 푸에블로호 사건 전술에 대한 보고 메모, 북한의 공격과 푸에블로호 사건에 가능한 대응전략 보고서, Winthrop G. Brown 이 국무부차관에게 보낸 근일 한국에서의 전략에 대한 정보메모 등으로 이루어져 있다.","푸에블로호 사건 1968년, 제7권 일일문서 제14편",122매,08-2-0138,30,127,DEPARTMENT OF STATE Korean task Force Situation Report | AIRGRAM FROM Amembassy Seoul To Department of State(SUBJECT: ROKG-Owned Paper Analyzes Vance Mission/Summary of Panel Disscussion: Outcome of Korea- U.S. High-Level Talks) | MEMORANDUM FOR MR. ROSTOW FROM Alfred Jenkins(SUBJECT: Tactics in the Pueblo Case) | NORTH KOREAN AGGRESSION AND THE PUEBLO INCIDENT POSSIBLE STRATEGIES | MEMO FROM Winthrop G. Brown TO The Under Secretary(Subject: Near-term Strategy in Korea),,,
usa1-desc-존슨-4.11.19,"Pueblo Crisis 1968, Vol. 8 Day-by-Day Documents Part 15","푸에블로호 사건 1968년, 제8권 일일문서 제15편",존슨,1968년,존슨,4.11.19,"- 1968년 4월 3일-5월 19일 사이에 작성된 푸에블로호 사건 관련 문서모음. 국무부 상황 보고서, 주한미대사관의 전문, 박정희-존슨대통령간의 회의 대화록, 푸에블로호 사건에 대한 성명서, 판문점 회담에 대한 보고 전문, 국무부차관이 대통령에게 보내는 푸에블로호 사건 조치들에 대한 보고 메모 및 기타 연락메모(수기로 작성된 것도 포함됨) 등으로 이루어져 있다.","푸에블로호 사건 1968년, 제8권 일일문서 제15편",101매,08-2-0139,30,128,DEPARTMENT OF STATE Korean task Force Situation Report | MEMORANDUM OF CONVERSATION/JOINT COMMUNIQUE | MEMORANDUM FOR WALT ROSTOW FROM Lou Schwartz(SUBJECT: A Presidential Option-Statement on the USS Pueblo) | MESSAGE TO AMBASSADORS PORTER(SEOUL) AND jOHNSON(TOKYO) VIA CIA CHANNELS(SUBJECT: Seventeenth Closed Meeting at Panmunjom) | MEMORANDUM FOR THE PRESIDENT FROM The Under Secretary(Subject: Next Steps on PUEBLO),,,
usa1-desc-존슨-4.11.20,"Pueblo Crisis 1968, Vol. 8 Day-by-Day Documents Part 16","푸에블로호 사건 1968년, 제8권 일일문서 제16편",존슨,1968년,존슨,4.11.20,"- 1968년 5월 20일-9월 25일 사이에 작성된 푸에블로호 사건 관련 문서모음. Rostow의 대통령 보고메모, 판문점회담에 관련된 국무부전문, Mrs. Bucher와 대통령간의 대화기록, 푸에블로호 사건 회의를 위한 의제 정리문, 판문점 회담 상황을 전하는 보고메모, 푸에 블로호 사건을 다루는 전술에 대한 공개여론조사 결과보고, 푸에블로호 사건 브리핑 자료, 푸에블로호 선원 인터뷰원고 등으로 이루어져 있다.","푸에블로호 사건 1968년, 제8권 일일문서 제16편",70매,08-2-0140,30,129,"NOTE FOR MR. ROSTOW FROM Alfred Jenkins (SUBJECT: Instructions for 17th Meeting on Pueblo) | TELEGRAM : SUBJECT-Instructions for Seventeenth Closed Meeting | Memorandum of Conversation: Subject-USS Pueblo | MEMORANDUM FOR THE PRESIDENT FROM W.W. Rostow(SUBJECT: Appointment with Robert Taft, Jr., Thursday, July25, 5:30 P.M.)/THE PUEBLO CASE(Talking Points)/Public Opinion Poll on PUEBLO Tactics | MEMO FROM Winthrop G. Brown TO The Secretary(SUBJECT: Status of Pueblo Talks at Panmonjom) | DCI DEFENSE APPROPRIATION BRIEFING: THE PUEBLO | MEMORANDUM FOR Mr.George Christian from Dixon Donnelley(SUBJECT: Transcripts of Pueblo Crew News Conference seen on CBS and NBC News, September 24)",,,
usa1-desc-존슨-4.11.21,"Pueblo Crisis 1968, Vol. 8 Day-by-Day Documents Part 17","푸에블로호 사건 1968년, 제8권 일일문서 제17편",존슨,1968년,존슨,4.11.21,"- 1968년 9월 26일-12월 20일 사이에 작성된 푸에블로호 사건 관련 문서모음. 푸에블로호 관련 여론조사결과에 대한 상원기록, 신문기사 스크랩, 군사정전위원회와 북측간의 판문점 회담에 대한 주한미대사관의 전문, 판문점회담 관련 실행각서, 언론성명서 초안, 푸에블로호 선원의 청원, 포커스 레티나 훈련에 대한 보고 메모, 푸에블로호 협상에 관한 국무부 내부메모, 푸에블로호 선원 귀환 서명시 대통령 성명서, 언론발표문 등으로 이루어져 있다.","푸에블로호 사건 1968년, 제8권 일일문서 제17편",86매,08-2-0141,30,130,"CONGRESSIONAL RECORD-SENATE | Robert J. Conovan’s Piece in LOS ANGELES TIMES, Friday, Sept. 27,1968, “How U.S. Plans to Handle PUEBLO Crew on Release” | TELEGRAM FROM AMEMBASSY SOEUL TO SECSTATE WASHDC(SUBJECT: TWENTY- SECOND SENIOR MAC MEMBERS MEETING AT PANMUNJOM, SEPT 30, 1968) | MEMORANDUM FOR THE PRESIDENT (SUBJECT: PUEBLO-ACTION MEMORANDUM) | PUEBLO CREW PETITION | MEMORANDUM FOR THE PRESIDENT(SUBJECT: Exercise FOCUS RETINA) | MEMO FROM The Under Secretary TO The Secretary(subject: USS Pueblo Negotiations)/ Presidential Statement at Time of Signature/Draft Statement | TEXT OF THE PRESIDENT’S MESSAGE TO THE OFFICERS AND MEN OF THE PUEBLO",,,
usa1-desc-존슨-4.12,International meetings and Travel File,,존슨,,존슨,4.12,,,,,,,,,,
usa1-desc-존슨-4.12.1,"7 Nation Conference, POTUS Trip, Vol Ⅱ, Oct 7, 1966(5 of 6)","베트남 참전 7개국 정상회담, 대통령순방, 제2권, 1966년 10월 7일(5/6폴더)",존슨,1966년,존슨,4.12.1,- 1966년 10월 9일-15일 사이에 주한미대사관과 국무부장관사이에 수발신된 7개국 정상 회담 준비와 관련된 전문들로 이루어져 있다.,"베트남 참전 7개국 정상회담, 대통령순방, 제2권, 1966년 10월 7일(5/6폴더)",56매,08-2-0142,3,130,TELEGRAM FROM AMEMBASSY SEOUL TO SECSTATE WASHDC RE SEVEN NATIONS CONFERENCE,,,
usa1-desc-존슨-4.12.2,"Seven Nation Conference, POTUS Trip, Vol ⅡA, Oct 7, 1966(1 of 2)","베트남 참전 7개국 정상회담, 대통령순방, 제2A권, 1966년 10월 7일(1/2폴더)",존슨,1966년,존슨,4.12.2,"- 1966년 11월 1일 존슨대통령과 박정희대통령간의 서울 회담 기록, 한국 재무장관과 Rostow간 회담에 대한 비공식 메모기록, 1966년 10월 23일 필리핀 마르코스 대통령의 존슨대통령 방문 및 같은 날 박정희-존슨대통령간의 회담에 대한 보고기록으로 이루어져 있다.","베트남 참전 7개국 정상회담, 대통령순방, 제2A권, 1966년 10월 7일(1/2폴더)",13매,08-2-0143,3,131,"[Memorandum 11-7-1966] Meeting between President Johnson and President Park in Seoul, November 1, 1966 | Memocon from Rostow to Read re Korean Minister of Finance and WWR, Nov.1 | Visit of President Marcos to the President October 23, 1966 6:30p.m./Meeting of the President with President Park of Korea October 23, 1966, 7:15 to 8:00 p.m./SUMMARY PROPOSAL FOR ECONOMIC DEVELOPMENT OF KOREA",,,
usa1-desc-존슨-4.12.3,"Seven Nation Conference, POTUS Trip, Vol Ⅲ, Oct 16, 1966(1 of 4)","베트남 참전 7개국 정상회담, 대통령순방, 제3권, 1966년 10월 16일(1/4폴더)",존슨,1966년,존슨,4.12.3,"- 서태평양 6개국의 안보상황에 대한 CIA 정보보고서, 존슨대통령의 아시아순방시의 공식 외교발표문 초안, 국무부장관이 뉴질랜드 주재 미대사관으로 보낸 베트남전 상황 등의 소식을 알리는 전문, 존슨대통령의 한국방문 및 한국의 베트남전 참전에 관한 CIA전문 으로 이루어져 있다.","베트남 참전 7개국 정상회담, 대통령순방, 제3권, 1966년 10월 16일(1/4폴더)",32매,08-2-0144,3,131,"[INTELLIGENCE MEMORANDUM] SECURITY CONDITIONS IN SIX WESTERN PACIFIC COUNTRIES | PRESIDENT’S ASIAN TRIP October-November1966: COVER NOTE TO REVISED DRAFT COMMUNIQUE | TELEGRAM FROM SECTATE WASHDC TO ZEN/AMEMBASSY WELLINGTON: SPECIAL SUMMARY NO.3(REVIEW OF THE VIETNAM SITUATION) | CIA Intelligence Information Cable(SUBJECT: GENERALLY FAVORABLE VIEWS OF KOREANS TOWARDS MANILA CONFERENCE, PRESIDENT JOHNSON’S VISIT TO KOREA, AND KOREAN PARTICIPATION IN VIETNAM WAR)",,,
usa1-desc-존슨-4.12.4,"Seven Nation Conference, POTUS Trip, Vol Ⅲ, Oct 16, 1966(4 of 4)","베트남 참전 7개국 정상회담, 대통령순방, 제3권, 1966년 10월 16일(4/4폴더)",존슨,1966년,존슨,4.12.4,- 7개국 정상회담 관련하여 1966년 10월 16일부터 19일 사이 주한미대사관과 국무장관 사이에 수발신된 전문들과 1966년 10월 19일 전(全) 대외공관에 발송한 주간 베트남 현황보고로 이루어져 있다.,"베트남 참전 7개국 정상회담, 대통령순방, 제3권, 1966년 10월 16일(4/4폴더)",35매,08-2-0145,4,132,TELEGRAM FROM AMEMBASSY SEOUL TO SECSTATE WASHDC RE SEVEN NATIONS CONFERENCE | TELEGRAM TO ALL AMERICAN DIPLOMATIC MISSIONS (STATE 69423 CIRCULAR)- SUBJECT: Viet-Nam Weekly Highlights,,,
usa1-desc-존슨-4.12.5,"Seven Nation Conference, POTUS Trip, Vol Ⅳ, Oct 20, 1966(1 of 3)","베트남 참전 7개국 정상회담, 대통령순방, 제4권, 1966년 10월 20일(1/3폴더)",존슨,1966년,존슨,4.12.5,"- 1966년 10월 25일 마닐라 정상회담 공동성명서 및 마닐라 회담에서 발표된 아시아 태평양지역 평화와 발전에 관한 선언문, 존슨대통령의 10월 17일부터 11월 2일까지의 아시아 순방일정표, 방문국 안보 상황에 대해 CIA에서 작성한 10월 25일부터 10월 27일 까지의 보고서(부분비공개)로 이루어져 있다.","베트남 참전 7개국 정상회담, 대통령순방, 제4권, 1966년 10월 20일(1/3폴더)",61매,08-2-0146,4,133,"TEXT OF THE JOINT COMMUNIQUE ISSUED AT THE MANILA SUMMIT CONFERENCE, MANILA, THE PHILIPPINES | TEXT OF THE DECLARATION ON PEACE AND PROGRESS IN ASIA AND THE PACIFIC ISSUED AT THE MANILA CONFERENCE | TRIP OF THE PRESIDENT October 17-November 2 | [INTELLIGENCE MEMORANDUM]SECURITY CONDITIONS IN WESTERN PACIFIC COUNTRIES TO BE VISITED BY THE PRESIDENT",,,
usa1-desc-존슨-4.12.6,"Seven Nation Conference, POTUS Trip, Vol Ⅳ, Oct 20, 1966(3 of 3)","베트남 참전 7개국 정상회담, 대통령순방, 제4권, 1966년 10월 20일(3/3폴더)",존슨,1966년,존슨,4.12.6,- 1966년 10월 20일부터 25일 사이 주한미대사관과 워싱턴 국무장관 사이에 7개국 정상 회담과 관련하여 수발신된 전문들로 이루어져 있다.,"베트남 참전 7개국 정상회담, 대통령순방, 제4권, 1966년 10월 20일(3/3폴더)",23매,08-2-0147,4,133,TELEGRAM FROM AMEMBASSY SEOUL TO SECSTATE WASHDC RE SEVEN NATIONS CONFERENCE,,,
usa1-desc-존슨-4.12.7,"Seven Nation Conference, POTUS Trip, Security Cable 1 of 5","베트남 참전 7개국 정상회담, 대통령순방, 비밀전문(1/5폴더)",존슨,1966년,존슨,4.12.7,"- CIA의 존슨대통령 방문국 안보상황에 대한 첩보 보고서(1966년 10월 22일 및 23일), CIA에서 백악관 상황실로 보낸 10월 30일-11월 1일 사이의 전문들로 이루어져있다.","베트남 참전 7개국 정상회담, 대통령순방, 비밀전문(1/5폴더)",31매,08-2-0148,5,134,Intelligence Memorandum-Security Conditions in Western Pacific Countries to be Visited by the President | Cable from CIA to WHITE HOUSE SITUATION ROOM(SUBJECT: SEOUL SITUATION REPORT/WEATHER INFORMATION/SECURITY SITUATION),,,
usa1-desc-존슨-4.12.8,"Seven Nation Conference, POTUS Trip, Security Cable 4 of 5","베트남 참전 7개국 정상회담, 대통령순방, 비밀전문(4/5폴더)",존슨,1966년,존슨,4.12.8,- 1966년 CIA에서 백악관으로 보낸 전문(대통령 순방국 상황보고서)과 대한민국 대통령 경호부대에 대해 기술하고 있는 전문으로 이루어져 있다.,"베트남 참전 7개국 정상회담, 대통령순방, 비밀전문(4/5폴더)",6매,08-2-0149,5,134,Cable from CIA/OCI to WHITE HOUSE(SUBJECT: SOUTH KOREA/DESCRIPTION OF THE REPUBLIC OF KOREA PRESIDENTIAL PROTECTIVE FORCE,,,
usa1-desc-존슨-4.12.9,"Seven Nation Conference, POTUS Trip, Security Cable 5 of 5","베트남 참전 7개국 정상회담, 대통령순방, 비밀전문(5/5폴더)",존슨,1966년,존슨,4.12.9,- 주한 미해군사령관이 미태평양함대 사령관에게 보내는 국방부전문으로 존슨대통령의 방한에 따른 정찰 보고서,"베트남 참전 7개국 정상회담, 대통령순방, 비밀전문(5/5폴더)",5매,08-2-0150,5,135,[Defense Cables] FROM COMNAV FOR KOREA TO RUHLHL/CINCPACFLT (SURVEILLANCE ASSISTANCE),,,
usa1-desc-존슨-4.12.10,"Seven Nation Conference, POTUS Trip, Vol. Ⅴ Oct. 28. 1966(1 of 2)","베트남 참전 7개국 정상회담, 대통령순방, 제5권, 1966년 10월 28일(1/2폴더)",존슨,1966년,존슨,4.12.10,"- 미닐라 회담 공식 의견에 대한 예비보고서 및 상세보고서 및 1966년 10월 29일자 CIA의 대통령방문국 안보상황에 대한 첩보 보고서, 마닐라회담과 관련한 국무부의 전문으로 이루어져 있다.","베트남 참전 7개국 정상회담, 대통령순방, 제5권, 1966년 10월 28일(1/2폴더)",43매,08-2-0151,5,135,PRELIMINARY REPORT ON OFFICIAL REACTION TO THE MANILA CONFERENCE | DETAILED REPORT ON OFFICIAL REACTIONS TO THE MANILA CONFERENCE | [INTELLIGENCE MEMORANDUM]SECURITY CONDITIONS IN WESTERN PACIFIC COUNTRIES TO BE VISITED BY THE PRESIDENT | Outgoing Telegram to All Diplomatic Posts(subject: Manila Conference and Withdrawal of Forces From Viet-Nam),,,
usa1-desc-존슨-4.12.11,"Seven Nation Conference, MANILA Oct. 24. 1966(1 of 2)","베트남 참전 7개국 정상회담, 마닐라 1966년 10월 24일(1/2폴더)",존슨,1966년,존슨,4.12.11,"- 1966년 10월 24일 마닐라에서 열린 7개국 회의 관련 문서모음. 회의일정, 의제, 논점, 베트남과 관련된 군사전략/미군배치/군사원조전망 등에 관한 공식보고서들이 첨부되어 있다.","베트남 참전 7개국 정상회담, 마닐라 1966년 10월 24일(1/2폴더)",113매,08-2-0152,6,136,"SEVEN-NATION CONFERENCE MANILA October 24, 1966 (CONFERENCE AGENDA/ AGENDA TALKING POINTS) | FACT SHEET(SUBJECT: Current US Military Strategy for Vietnam/Deployment of US Forces to SVN/Prospects for Additional Free World Military Assistance/Military Role in Pacification/Revolutionary Development) | PRESIDENT’S ASIAN TRIP October-November, 1966 (ANTICIPATED KOREAN POSITIONS AT THE SEVEN NATION CONFERENCE/INTERNAL POLITICAL SITUATION) | PRESIDENT’S TALKING POINTS: ECONOMIC STABILIZATION/SAIGON PORT CONGESTION/POSTWAR ECONOMIC PLANNING",,,
usa1-desc-존슨-4.12.12,"Seven Nation Conference, MANILA Oct. 24. 1966(2 of 2)","베트남 참전 7개국 정상회담, 마닐라 1966년 10월 24일(2/2폴더)",존슨,1966년,존슨,4.12.12,"- 1966년 10월-11월 존슨대통령의 아시아 순방 및 마닐라정상회담 관련 문서모음. 베트남전, 아시아 경제협력 등과 관련된 보고서 및 회의내용을 순방국 주재 미대사관에 보내는 전문, 주요인사에 대한 정보 및 각 국가별 방문시 대화주제를 정리한 문서 등으로 이루어져 있다.","베트남 참전 7개국 정상회담, 마닐라 1966년 10월 24일(2/2폴더)",120매,08-2-0153,6,136,"PRESIDENT’S ASIAN TRIP October-November,1966(History of Peace Efforts/Background Paper/United States Negotiation Position/The Situation in North Vietnam/ Discussion of Peaceful Settlement Issues in Context of Manila Conference/Regional Economic Cooperation in Asia: Programs and Institutions) | TELEGRAM from Department of State to Amembassy SAIGON, MANILA, BANGKOK, SEOUL, WELLINGTON, CANBERRA RE: CONFERENCE-SUBSTANCE | BIOGRAPHIC INFORMATION(Ferdinand E. Marcos/Thanom Kittikachorn/Chung Hee Park/Nguyen Van Thieu/Nguyen Cao KY) | APPROACHES-TOPICS OF CONVERSATION(Philippines/Thailand/Viet-Nam/Korea)",,,
usa1-desc-존슨-4.12.13,"President’s Asian Trip, Briefing Book, Vol. Ⅰ(1 of 2)","대통령의 아시아순방, 브리핑북 제1권(1/2폴더)",존슨,1966년,존슨,4.12.13,"- 존슨대통령의 아시아 순방에 관련 문서(보고서, 메모, 전신, 브리핑북) 모음. 수행원 명단, 대통령전용기 탑승자 명단, 마닐라 선언, 순방일정(1966년 10월 17일-11월 2일), 순방국 관련 브리핑 내용으로 이루어져 있다.","대통령의 아시아순방, 브리핑북 제1권(1/2폴더)",195매,08-2-0154,8,137,"PROGRAM FOR PRESIDENT AND MRS. LYNDON B. JOHNSON WEDNESDAY, 26 OCTOBER 1966 | DECLARATION OF MANILA/TELEGRAM RE CONFERENCE-SUBSTANCE | PRESIDENT’S ASIAN TRIP OCTOBER-NOVEMBER 1966(SCHEDULE/GENERAL PAPERS/ PRESIDENT’S TALKING POINTS/SECRETARY’S TALKING POINTS/BACKGROUND PAPERS)",,,
usa1-desc-존슨-4.12.14,"President’s Asian Trip, Briefing Book, Vol. Ⅰ(2 of 2)","대통령의 아시아순방, 브리핑북 제1권(2/2폴더)",존슨,1966년,존슨,4.12.14,- 존슨대통령의 아시아 순방 브리핑 및 베트남전 관련 공식보고서로 이루어져 있다.,"대통령의 아시아순방, 브리핑북 제1권(2/2폴더)",118매,08-2-0155,8,138,"PRESIDENT’S ASIAN TRIP OCTOBER-NOVEMBER, 1966 (TALKING PAPER/SECRETARY’S TALKING POINTS-Republic of Korea/BACKGROUND PAPERS/Prisoners of War-US and Enemy) | FACT SHEET: Current US Military Strategy for Vietnam/Deployment of US Forces to SVN/Prospects for Additional Free World Military Assistance/Military Role in Pacification/Revolutionary Development)",,,
usa1-desc-존슨-4.12.15,"President’s Asian Trip, Briefing Book, Vol. Ⅱ(1 of 2)","대통령의 아시아순방, 브리핑북 제2권(1/2폴더)",존슨,1966년,존슨,4.12.15,- 존슨대통령의 아시아 순방 브리핑 문서로 베트남/라오스/캄보디아와 관련된 국가별 자료로 이루어져 있다.,"대통령의 아시아순방, 브리핑북 제2권(1/2폴더)",119매,08-2-0156,8,138,"PRESIDENT’S ASIAN TRIP OCTOBER- NOVEMBER, 1966 (BACKGROUND PAPERS: Vietnam/Laos/Cambodia)",,,
usa1-desc-존슨-4.12.16,"President’s Asian Trip, Briefing Book, Vol. Ⅱ(2 of 2)","대통령의 아시아순방, 브리핑북 제2권(2/2폴더)",존슨,1966년,존슨,4.12.16,"- 존슨대통령의 아시아 순방 브리핑 자료로 중국, 대만, 태국, 인도네시아, 말레이시아, 싱가포르에 대한 국가별 자료가 수록되어 있다.","대통령의 아시아순방, 브리핑북 제2권(2/2폴더)",131매,08-2-0157,8,139,"PRESIDENT’S ASIAN TRIP OCTOBER-NOVEMBER, 1966 (BACKGROUND PAPERS: COMMUNIST CHINA/TAIWAN/THAILAND/INDONESIA/MALAYSIA/SINGAPORE)",,,
usa1-desc-존슨-4.12.17,"President’s Asian Trip, Briefing Book, Vol. Ⅲ(1 of 2)","대통령의 아시아순방, 브리핑북 제3권(1/2폴더)",존슨,1966년,존슨,4.12.17,- 존슨대통령의 아시아 순방 브리핑 자료로 대한민국 및 그 외 국가별 자료가 수록되어 있다.,"대통령의 아시아순방, 브리핑북 제3권(1/2폴더)",148매,08-2-0158,9,139,"President’s Visit to Korea October 31-November 2, 1966 (SCHEDULE/MEMORANDUM FOR THE PRESIDENT FROM DEAN RUSK) | KOREA: Political and Economic Situation in Korea/Anticipated Korean Positions at the Seven Nation Conference/Korean Military Assistance to the Republic of Viet-Nam/ Korean Question at the UN/Korean Institute of Science and Technology/ Modernization of ROK Forces/ROK Force Levels/Military Assistance Program | OTHER COUNTRIES: France’s Role in Asia/The UK’s Diminishing Fole in Asia/ Japan’s Role in Asia/New Zealand/Australia",,,
usa1-desc-존슨-4.12.18,"President’s Asian Trip, Briefing Book, Vol. Ⅲ(2 of 2)","대통령의 아시아순방, 브리핑북 제3권(2/2폴더)",존슨,1966년,존슨,4.12.18,"- 존슨대통령의 아시아 순방 브리핑 자료로 아시아 지역 프로그램 개요, 뉴질랜드/호주/ 말레이시아/베트남/필리핀 및 대한민국 방문 자료, 그리고 대한민국의 주요 인사에 대한 기록(정일권, 박정희, 이효상, 이동원 등)으로 이루어져 있다.","대통령의 아시아순방, 브리핑북 제3권(2/2폴더)",100매,08-2-0159,9,140,"ASIAN REGIONAL PROGRAMS: Status of Southeast Asia Program/Regional Economic Cooperation in Asia: Programs and Institutions/The Growth of Regional Political Understanding-The Search for an Asian Identity | President’s Asian Trip October-November, 1966(New Zealand/Australia/Malaysia/ Vietnam/Republic of Korea, Philippines)",,,
usa1-desc-존슨-4.12.19,"President’s Asian Trip, Briefing Book, Vol. Ⅳ(1 of 2)","대통령의 아시아순방, 브리핑북 제4권(1/2폴더)",존슨,1966년,존슨,4.12.19,- 존슨대통령의 아시아 순방국 주요 인사에 관한 인물정보 및 사진을 첨부한 브리핑자료로 이루어져 있다.,"대통령의 아시아순방, 브리핑북 제4권(1/2폴더)",66매,08-2-0160,9,140,"BIOGRAPHIC DATA: NEW ZEALAND (HOLYOAKE, KEITH JACKA. PRIME MINISTER), AUSTRALIA(CASEY, LORD. GOVERNOR GENERAL/HOLT, HAROLD E. PRIME MINISTER), PHILIPPINE ISLANDS(RAMOS, NARCISE. SECRETARY OF FOREIGN AFFAIRS) | INTELLIGENCE MEMORANDUM (The Situation in the Philippines)",,,
usa1-desc-존슨-4.12.20,"President’s Asian Trip, Briefing Book, Vol. Ⅳ(2 of 2)","대통령의 아시아순방, 브리핑북 제4권(2/2폴더)",존슨,1966년,존슨,4.12.20,- 존슨대통령의 아시아 순방국(태국/말레이시아/대한민국)에 대한 기본정보 및 주요 인사 정보(사진첨부)로 이루어져 있다.,"대통령의 아시아순방, 브리핑북 제4권(2/2폴더)",58매,08-2-0161,9,141,"INTELLIGENCE MEMORANDUM (The Situation in Thailand/Malaysia/Republic of Korea) | BIOGRAPHIC DATA: THAILAND(PHUMIPHON ADUMDET, KING), FEDERATION OF MALAYSIA(SHAH, ISMAIL NASRUDDIN. DEPUTY PARAMOUNT RULER/RAHMAN, ABDUL, PRIME MINISTER), KOREA(PAK CHONG-HUI. PRESIDENT/CHONG IL-KWON. PRIME MINISTER), SOUTH VIETNAM(NGUYEN VAN THIEU, MAJ. GEN. ARMY)",,,
usa1-desc-존슨-4.12.21,"President’s Itinerary Asian Trip, 10-11 1966(2 of 2)","대통령의 아시아순방 일정, 1966년 10월-11월(2/2폴더)",존슨,1966년,존슨,4.12.21,"- 존슨대통령의 아시아 순방 일정 중 서울 체류일정에 관한 문서. 일정을 전달하는 전문, CIA에서 작성한 한국 상황에 대한 메모 및 방문국(서태평양 국가) 안보상황에 대한 10월 16일-10월 29일까지의 보고서로 이루어져 있다.","대통령의 아시아순방 일정, 1966년 10월-11월(2/2폴더)",56매,08-2-0162,9,141,"Seoul Stop: MAP, TELEGRAM FROM AMEMBASSY SEOUL TO SECSTATE WASHDC | INTELLIGENCE MEMORANDUM: THE SITUATION IN THE REPUBLIC OF KOREA/ SECURITY CONDITIONS IN WESTERN PACIFIC COUNTRIES TO BE VISITED BY THE PRESIDENT",,,
usa1-desc-존슨-4.12.22,"President’s Asian Trip, Miscellaneous material, 10-11 1966(2 of 3)","대통령의 아시아순방, 기타자료, 1966년 10월-11월(2/3폴더)",존슨,1966년,존슨,4.12.22,"- 주한미대사관에서 국무부에 보낸 전문 모음. ROWTOW 재무장관의 회의에 대한 미국대 외원조처(USOM)의 비공식 메모, 7개국 정상회담 공동성명 내용 등으로 이루어져 있다.","대통령의 아시아순방, 기타자료, 1966년 10월-11월(2/3폴더)",10매,08-2-0163,10,142,Cable from Seoul(Seoul 2567) Revision to Summary of USOM mencon on Rostow- Finance Minister meeting | Cable from Seoul re: seven nation conference-substantive,,,
usa1-desc-존슨-4.12.23,"President’s Asian Trip, Miscellaneous material, 10-11 1966(3 of 3)","대통령의 아시아순방, 기타자료, 1966년 10월-11월(3/3폴더)",존슨,1966년,존슨,4.12.23,-베트남 주재 미대사관으로 보내는 국무부 전문과 뉴질랜드에 보낸 전문이 수록되어 있다.,"대통령의 아시아순방, 기타자료, 1966년 10월-11월(3/3폴더)",6매,08-2-0164,10,142,"Outgoing Telegram to AmEm Saigon(State 52970), Outgoing Telegram to AmEm Saigon(State 52752), Telegram from State to AmEm Wellington(State 67863)",,,
usa1-desc-존슨-4.12.24,"President’s Trip to the Far East, Briefing Book for Advance Party, Vol. Ⅰ. Oct. 1966(1 of 2)","대통령의 극동 방문, 선발대용 브리핑북, 제1권, 1966년 10월(1/2폴더)",존슨,1966년,존슨,4.12.24,"- 존슨대통령의 1966년 10월 극동순방에 관한 브리핑 자료(회의주제/방문국 및 비방문국에 대한 자료). 호주, 한국, 말레이시아, 뉴질랜드 방문개요와 각 순방국에서의 발표문 주제, 방문국에 대한 배경정보, 순방국에 대한 최종보고서(Post Report) 등으로 이루어져 있다.","대통령의 극동 방문, 선발대용 브리핑북, 제1권, 1966년 10월(1/2폴더)",138매,08-2-0165,11,143,"PRESIDENT JOHNSON’S TRIP TO THE FAR EAST OCTOBER 1966(INTRODUCTION: THEMES FOR CONFERENCE AND TRIP/COUNTRIES TO BE VISITED-Australia, Korea, Malaysia, Newzealand) | THE PRESIDENT’S VISIT TO THE REPUBLIC OF KOREA October 31-November 2, 1966(Scope Paper/Themes for the Arrival Statement/Themes for the Departure Statement/Background Notes)",,,
usa1-desc-존슨-4.12.25,"President’s Trip to the Far East, Briefing Book for Advance Party, Vol. Ⅰ. Oct. 1966(2 of 2)","대통령의 극동 방문, 선발대용 브리핑북, 제1권, 1966년 10월(2/2폴더)",존슨,1966년,존슨,4.12.25,"- 존슨대통령의 1966년 10월 극동 순방에 따른 브리핑 자료(방문국 및 비방문국에 대한 자료). 방문국인 필리핀과 태국 관련 자료와 비방문국(버마/캄보디아/중국/인도네시아/일본/ 라오스/싱가포르)의 내부 상황 및 미국과의 관계, 배경정보 등으로 이루어져 있다.","대통령의 극동 방문, 선발대용 브리핑북, 제1권, 1966년 10월(2/2폴더)",141매,08-2-0166,11,143,"VISIT OF PRESIDENT JOHNSON TO THE REPUBLIC OF THE PHILIPPINES October 23-27, 1966(SCOPE PAPER FOR ADVANCE PARTY/Themes for Speeches and Remarks/TEXT OF THE JOINT COMMUNIQUE/POST REPORT/Background Notes) | THAILAND: THEMES FOR PRESIDENT’S STATEMENTS IN THALINAD/ANGLES (Special Consideration Thailand)/Background Notes) | COUNTRIES NOT VISITED(Burma/Cambodia/China/Indonesia/Japan/Laos/Singapore)",,,
usa1-desc-존슨-4.12.26,Miscellaneous,기타 문서,존슨,1966년,존슨,4.12.26,"-국제교육법 서명과 관련된 메모, 전문 및 평화주도권 관련 보고문이 수록되어 있다.",기타 문서,9매,08-2-0167,11,144,Memo to Walt From Marvin/Memorandum to the President from w.w.R./Cable from Seoul to Manila/Potential Peace Initiatives,,,
usa1-desc-존슨-4.12.27,Briefing Book for Advance Party for President’s Trip to the Far East Oct 1966 Vol. Ⅱ(1 of 2),"대통령의 극동 방문, 선발대용 브리핑북, 제2권, 1966년 10월(1/2폴더)",존슨,1966년,존슨,4.12.27,"- 존슨대통령의 1966년 10월 극동순방에 관한 브리핑 자료로 7개국 정상회담 의제, 베트남 관련 자료, 국무부출판물(QUIET WARRIORS), 중공(COMMUNIST CHINA), 극동지역 개발로 이루어져 있다.","대통령의 극동 방문, 선발대용 브리핑북, 제2권, 1966년 10월(1/2폴더)",181매,08-2-0168,12,144,"PRESIDENT’S ASIAN TRIP October November, 1966 (SEVEN-NATION CONFERENCE AGENDA) | VIETNAM: Free World Assistance to VietNam as of August 1, 1966/MILITARY SITUATION IN VIETNAM/THE A.I.D. PROGRAM IN VIETNAM/HIGHLIGHTS OF THE NON-MILITARY EFFORT IN VIETNAM/QUIET WARRIORS SUPPORTING SOCIAL REVOLUTION IN VIETNAM) | COMMUNIST CHINA: International Relations/Internal Developments and Policy Implications/U.S.POSTURE TOWARD COMMUNIST CHINA GUIDELINES FOR PUBLIC STATEMENTS/Background Notes) | REGIONAL DEVELOPMENTS(SCOPE PAPER:Prospects for Regional Economic Cooperation in Asia)",,,
usa1-desc-존슨-4.12.28,Briefing Book for Advance Party for President’s Trip to the Far East Oct 1966 Vol. Ⅱ(2 of 2),"대통령의 극동 방문, 선발대용 브리핑북, 제2권, 1966년 10월(2/2폴더)",존슨,1966년,존슨,4.12.28,"- 존슨대통령의 1966년 10월 극동순방에 관한 브리핑 자료 모음으로, 극동지역 개발과 관련된 자료, 1966년 7월 존슨대통령의 미국동창협의회 라디오-TV연설문을 정리한 팸플릿, 국무부 언론 발표문, 국무부 출판물 극동시리즈 중에서 중공 및 순방일정으로 이루어져 있다.","대통령의 극동 방문, 선발대용 브리핑북, 제2권, 1966년 10월(2/2폴더)",134매,08-2-0169,12,145,"FAR EASTERN AND PACIFIC AREA COOPERATION/TIME ESSAY-AMERICA’S PERMANENT STAKE IN ASIA/MATERIAL FOR PRESIDENTS’S SPEECH BANGKOK REGIONAL ECONOMIC COOPERATION/ASPAC JOINT COMMUNIQUE ISSUED JUNE 16, 1966) | MEMORANDUM FROM Ralph N. Clough TO Miss Ruth E. Bacon(Subject: Themes to Emphasize in Connection with President’s Trip to Certain Asian and Pacific Countries) | The Essentials For Peace In Asia (Pamphlet)/UNITED STATES POLICY TOWARD COMMUNIST CHINA by Dean Rusk, Secretary of State/Presidential itinerary subject",,,
usa1-desc-존슨-4.12.29,"Korea-President Johnson’s Meeting with President Park, 4/68","존슨-박정희대통령 회담, 1968년 4월",존슨,1968년,존슨,4.12.29,- 1968년 4월 존슨대통령과 박정희대통령의 호놀룰루 회담관련 문서모음-주요 회담 주제에 관한 브리핑자료와 미공법 제480호의 한국원조와 관련된 메모 및 한국군의 베트남 추가파병과 관련하여 논의사항을 정리한 보고서로 이루어져 있다.,"존슨-박정희대통령 회담, 1968년 4월",82매,08-2-0170,21,146,Honolulu Meeting with President PARK Chung Hee April 1968(MAJOR TOPICS BRIEFING MATERIAL) | MEMORANDUM FOR THE PRESIDENT FROM W.W. ROSTOW (SUBJECT: Supporting Assistance and P. L. 480 Programs for Korea) | MEMORANDUM FOR THE PRESIDENT FROM William S. Gaud(SUBJECT: Authoriza- tion for FY 1968 Supporting Assistance and P.L. 480 Program for Korea) | TALKING POINTS FOR THE PRESIDENT(Subject: Additional Korean Forces in Vietnam),,,
usa1-desc-존슨-4.12.30,"Honolulu, Meeting with President Park of Korea, 4/68(1/2)","호놀룰루-대한민국 박정희대통령과 회담, 1968년 4월(1/2)",존슨,1968년,존슨,4.12.30,- 1968년 4월 존슨대통령과 박정희대통령의 호놀룰루 회담 의제에 관한 브리핑자료로 이루어져 있다.,"호놀룰루-대한민국 박정희대통령과 회담, 1968년 4월(1/2)",145매,08-2-0171,21,147,Honolulu Meeting with President PARK Chung Hee April 1968(MAJOR TOPICS BRIEFING MATERIAL) | TELEGRAM FROM AMEMBASSY WELLINGTON TO SECSTATE WASHDC(SUBJECT: SUMMIT MEETING ON VIETNAM) | TELEGRAM FROM BROMLEY SMITH TO WALT ROSTOW(SUBJECT: HANOI COMMENTS ON TALK SITE EXCHANGES) | TELEGRAM FROM WHITE HOUSE SITUATION ROOM TO STATE REP WAALKER FOR WILLIAM BUNDY(SUBJECT: IBRD CONSULTATIVE GROUP MEETING ON KOREA),,,
usa1-desc-존슨-4.12.31,"Honolulu, Meeting with President Park of Korea, 4/68(2/2)","호놀룰루-대한민국 박정희대통령과 회담, 1968년 4월(2/2)",존슨,1968년,존슨,4.12.31,"- 1968년 4월 호놀룰루 회담과 관련된 한미공동성명, 주하와이 한국영사관에서 존슨대통령 발표문, 1968년 4월 17일 존슨대통령 일정, 베트남에 관한 타임지 내용을 요약한 전문, 4월 16일 언론브리핑 자료를 전하는 전문 등 1968년 4월 12-16일에 수발신된 각종 전문(언론브리핑내용 요약보고, 베트남전 관련, 한국정부 참석자명단 등)과 보고서로 이루어져 있다.","호놀룰루-대한민국 박정희대통령과 회담, 1968년 4월(2/2)",186매,08-2-0172,21,147,"JOINT COMMUNIQUE/REMARKS OF THE PRESIDENT AT THE KOREAN CONSULATE HONOLULU, HAWAII REMARKS OF THE PRESIDENT AT THE GOVERNOR’S RECEPTION WASHINGTON HOUSE GOVERNOR’S MANSION HONOLULU, HAWAII/ Suggested Schedule for Meeting with Park Wednesday, April 17, 1968, Honolulu | TELEGRAM FROM LOU SCHWARTZ TO WALT ROSTOW (SUBJECT: SUMMARY OF TIME MAGAZINE OF 4/19 ON VIETNAM) | MEMORANDUM FOR THE DIRECTOR(SUBJECT: Some Factors Bearing on US/NVN Talks) | MEMORANDUM FROM WALT ROSTOW FOR THE PRESIDENT(SUBJECT: USIA Film Coverage of Honoluu Meeting for Replay in Seoul) | MEMORANDUM FROM WW.ROSTOW FOR THE PRESIDENT (SUBJECT: Visit with President Park)",,,
usa1-desc-존슨-4.12.32,"Far East, Vice President Trip[2.9-23.66]","부통령 극동순방, 1966년 2월 9-23일",존슨,1966년,존슨,4.12.32,"- 주한 미국대사관과 국무부사이에 수발신된 전문들과 귀국발표문, 부통령의 순방 일정 및 임무(한국군 베트남 추가파병과 관련된 내용포함)등이 수록되어 있다.","부통령 극동순방, 1966년 2월 9-23일",18매,08-2-0173,25,148,Outgoing Telegram to Seoul/Incoming Telegram From Seoul:VP Schedule in Seoul/ VICE-PRESIDENTIAL MISSION/ROK FORCES FOR RVN | Remarks to the president by the Vice President on arrival on South lawn of the White House,,,
usa1-desc-존슨-4.12.33,"Asia-Vice President’s Trip Briefing Book, Vol. Ⅰ 10/67-11/67","부통령 아시아순방 브리핑북 제1권, 1967년 10월-11월",존슨,1967년,존슨,4.12.33,- 주한 미국대사관과 국무부사이에 수발신된 전문으로 정일권총리-부통령 회담내용 및 베트남 군사원조에 대한 배경보고서가 수록되어 있다.,"부통령 아시아순방 브리핑북 제1권, 1967년 10월-11월",7매,08-2-0174,26,149,Telegram from SECSTATE WASHDC TO AMEMBASSY SEOUL(SUBJECT: VICE PRESIDENT’S MEETING WITH PRIME MINISTER) | VICE PRESIDENT’S ASIAN TRIP-Backgroung Paper-MILITARY ASSISTANCE TO VIET-NAM,,,
usa1-desc-존슨-4.12.34,"Asia-Vice President’s Trip Briefing Book, Vol. Ⅱ 10/67-11/67","부통령 아시아순방 브리핑북 제2권, 1967년 10월-11월",존슨,1967년,존슨,4.12.34,"- 부통령-정일권총리 회담에 대한 준비자료로 회담의제, 예상 질의응답, 정일권 총리의 이력과 사진이 수록되어 있다.","부통령 아시아순방 브리핑북 제2권, 1967년 10월-11월",8매,08-2-0175,27,149,Vice president’s Asian trip-General background/Scope Paper | Vice president’s Asian trip-Talking Paper | Republic of Korea-Il Kwon Chung & Photo,,,
usa1-desc-존슨-4.12.35,"Korea-Secretary’s Visit to Seoul, 7/8-9/66[1 of 3]","국무장관 한국방문, 1966년 7월 8-9일(1/3폴더)",존슨,1966년,존슨,4.12.35,"- 국무장관의 한국방문과 관련하여, 현상황, 한국에 대한 브리핑자료, 일정계획표, 한미 주요 정부인사명단 및 박정희대통령·정일권국무총리·이동원 외교부장관의 이력 정보 등이 수록되어 있다.","국무장관 한국방문, 1966년 7월 8-9일(1/3폴더)",15매,08-2-0176,30,150,"Index-the Secretary’s visit to Seoul, Korea, July 8-9, 1966 | The Current Scene/Briefing Paper/Tentative Schedule/Pricipal Government Officials of the Republic of Korea/Pricipal United States Government Officials in Korea/ Biographic Sketches-President Park, Prime Minister Chung, Foreign Minister Lee)",,,
usa1-desc-존슨-4.12.36,"Korea-Secretary’s Visit to Seoul, 7/8-9/66[2 of 3]","국무장관 한국방문, 1966년 7월 8-9일(2/3폴더)",존슨,1966년,존슨,4.12.36,"- 국무장관의 한국방문과 관련하여, 김성은, 장기영, 이후락, 이효상에 대한 이력정보 및 기타 배경정보 보고서들로 이루어져 있다.","국무장관 한국방문, 1966년 7월 8-9일(2/3폴더)",10매,08-2-0177,30,150,"Biographic Sketches-Defense Minister Kim, Deputy Prime Minister Chang, Presidential Secretary Lee, Speaker Rhee | Background Paper-Meeting of Ministers of the Asian and Pacific Regions, Korean Military Assistance to the Republic of Viet-Nam, U.S. Commitments to Republic of Korea, Fulfiliment of U.S. Commitments, General Commitments to the Republic of Korea)",,,
usa1-desc-존슨-4.12.37,"Korea-Secretary’s Visit to Seoul, 7/8-9/66[3 of 3]","국무장관 한국방문, 1966년 7월 8-9일(3/3폴더)",존슨,1966년,존슨,4.12.37,"- 국무장관의 한국방문과 관련하여, 한미상호방위조약 등에 대한 배경정보 보고서, 한미 공동성명 및 도착/출발 발표문 등이 수록되어 있다.","국무장관 한국방문, 1966년 7월 8-9일(3/3폴더)",16매,08-2-0178,30,151,"Background paper-US-Korea Mutual Defense Treaty, Korean Question in the United Nations General Assembly, Korean Institute of Science and Techology | Joint Communique-Secretary of State Fusk and Korean President Park 1964. 2. 29 | text of joint communique between president Lyndon B. Johnson and his excellency of Korea following talks in Washington, D.C. May 17 and 18 | Joint Statement by Secretary Rusk and Foreign Minister Lee of Korea | Proposed reply to toast/Suggested arrival statement/Propose Departure Statement",,,
usa1-desc-존슨-4.12.38,"Nixon Trip, 1966","닉슨 순방, 1966년",존슨,1966년,존슨,4.12.38,-닉슨 전 부통령의 아시아 순방 일정 계획과 관련된 메모와 전문이 있다.,"닉슨 순방, 1966년",18매,08-2-0179,32,151,MEMORANDUM TO Mr. Walsh FROM Douglas MacArthur II(Subject: Former Vice President Nixon’s Travel Plans) | Telegram from Amembassy office KARACHI to Secstate WASHDC RE: FORMER VICE PRESIDENT NIXON’S TRIP TO FAR EAST,,,
usa1-desc-존슨-4.13,National Security Council Meetings,,존슨,,존슨,4.13,,,,,,,,,,
usa1-desc-존슨-4.13.1,"Volume 3, Tab 30: Vietnam(2/10/65)",제3권 색인표 30: 베트남(1965년 2월 10일),존슨,1965년,존슨,4.13.1,"- 1965년 2월 10일 국가안전보장회의 관련 문서모음. 회의록 요약, 참석자명단과 주요 의제, 베트남상황에 관한 전문, 미국의 조치에 대한 공산국가 반응을 분석한 CIA 보고서 등으로 이루어져 있다.",제3권 색인표 30: 베트남(1965년 2월 10일),35매,08-2-0180,1,152,"SUMMARY RECORD OF NATIONAL SECURITY COUNCIL MEETING NO. 548 Wednesday, February 10, 1965, Cabinet Room, 2:10 P.M.(SUBJECT: Vietnam)/ MEETING OF PRINCIPALS | MEMORANDUM FOR THE UNITED STATES INTELLIGENCE BOARD FROM JOSEPH SELTZER(SUBJECT: COMMUNIST REACTIONS TO POSSIBLE US ACTIONS)",,,
usa1-desc-존슨-4.13.2,"Volume 3, Tab 37: Peace Offensive re: Vietnam(1/5/66)",제3권 색인표 37: 베트남에 대한 평화공세(1966년 1월 5일),존슨,1966년,존슨,4.13.2,"- 1966년 1월 5일 국가안전보장회의 관련 문서모음으로 회의 쟁점, 회의발언 요약, 참석자 명단, 평화공세에 대한 각국의 반응을 정리한 보고서 등과 1965년 12월 28일부터 1966년 1월 2일까지의 일본, 필리핀, 중국(대만), 한국 지도부와 가진 대화내용을 요약한 보고서 및 관련 메모 등으로 이루어져 있다.",제3권 색인표 37: 베트남에 대한 평화공세(1966년 1월 5일),27매,08-2-0181,2,152,"SUMMARY NOTES OF 555th NSC MEETING January 5, 1966; 5:45 to 6:30 P.M. (Peace Offensive Regarding Vietnam) | Summary of conversations with the leadership of Japan, Philippines, Republic of china, and Korea. December 28, 1965, to January 2, 1966. | MEMORANDUM FOR THE PRESIDENT FROM THE VICE PRESIDENT(SUBJECT: JAPAN/THE REPUBLIC OF CHINA/KOREA | MEMORANDUM FOR Dean Rusk FROM Leonard H. Marks(SUBJECT: Summary Reaction to the “Peace Offensive”)",,,
usa1-desc-존슨-4.13.3,"Volume 4, Tab 47: Manila Conference(10/15/66)",제4권 색인표 47: 마닐라회담(1966년 10월 15일),존슨,1966년,존슨,4.13.3,"- 1966년 10월 15일 국가안전보장회의 요약문(참석자명단)과 베트남에서의 교전규칙에 관한 합참과 국방부의 메모보고서, 마닐라선언 등으로 이루어져 있다.",제4권 색인표 47: 마닐라회담(1966년 10월 15일),28매,08-2-0182,2,153,"SUMMARY NOTES OF 565th NSC MEETING October 15, 1966; 2:40 to 3:30 P.M. (Vietnam-Manila Conference) | MEMORANDUM FOR THE PRESIDENT (SUBJECT: Actions recommended for Vietnam) | DECLARATION OF MANILA",,,
usa1-desc-존슨-4.13.4,"Volume 4, Tab 62: Cyprus(1/24/68) (Pueblo)",제4권 색인표 62: 키프로스(1968년 1월 24일) (푸에블로호),존슨,1968년,존슨,4.13.4,"- 1968년 1월 24일 국가안전보장회의 회의록과 요약문, 참석자명단, 같은날의 푸에블로호 사건 관련 회의 및 평양측의 부커함장 발표문 등으로 이루어져 있다.",제4권 색인표 62: 키프로스(1968년 1월 24일) (푸에블로호),20매,08-2-0183,2,154,"SUMMARY NOTES OF 580th NSC MEETING January 24, 1968, 1:00 P.M. | MEMORANDUM FOR THE PRESIDENT FROM W.W. ROSTOW (SUBJECT: NSC Discussion of Cyprus) | PUEBLO MEETING FOLLOWING THE NSC MEETING January 24, 1968; Cabinet Room; 2:00 P.M. | BUCHER “CONFESSION”",,,
usa1-desc-존슨-5,"Vice-Presidential Papers, 1961-1963",,존슨,,존슨,5,,,,,,,,,,
usa1-desc-존슨-5.1,Subject Files,,존슨,,존슨,5.1,,,,,,,,,,
usa1-desc-존슨-5.1.1,1962 Subject File-Korea,1962년 주제파일-한국,존슨,1962년,존슨,5.1.1,- “한국전쟁참여국 국제협교센터”의 설립을 알리는 지갑종(현 유엔한국참전국(용사)협회 회장)의 1962년 9월 5일자 편지와 그에 대한 당시 존슨부통령의 답장,1962년 주제파일-한국,6매,08-2-0184,136,154,Letter from Kap-Chong CHI to the President & Reply to Kap-Chong CHI,,,
usa1-desc-존슨-5.1.2,1963 Subject File-Korea,1963년 주제파일-한국,존슨,1963-1963년,존슨,5.1.2,"- 존슨대통령의 답장에 대한 지갑종의 1962년 12월 3일자 감사편지와 “한국전쟁참여국 국제협교센터” 한국위원회의 활동개시를 알리는 지갑종의 1963년 4월 8일자 편지. 이 편지에는 위원회의 목적과 활동계획, 한국전쟁 참전국 명단, 이사회 임원 명단과 복사된 사진이 첨부되어 있다.",1963년 주제파일-한국,8매,08-2-0185,196,155,"Letter from Kap-Chong CHI to the President on Korea Committee, Relations Center International Allies of The Korean War",,,
usa1-desc-존슨-5.2,Security Files,,존슨,,존슨,5.2,,,,,,,,,,
usa1-desc-존슨-5.2.1,"Presidential Task Force on Korea Report to NSC, 6/5/61",대통령 직속 NSC 한국문제 전담팀 보고서,존슨,1961년,존슨,5.2.1,"- 1961년 6월 5일 미 국가안전보장회의(NSC) 대통령 직속 한국문제 전담팀(Presidential Task Force on Korea)에서 작성한 보고서. 한국의 당시 상황, 주요 경제문제, 국제관계, 군사시설 등을 다루고 있다.",대통령 직속 NSC 한국문제 전담팀 보고서,84매,08-2-0186,4,155,PRESIDENTIAL TASK FORCE ON KOREA REPORT TO THE NATIONAL SECURITY COUNCIL,,,
usa1-desc-존슨-5.2.2,"Review of Military Assistance Program Requirements for the Army and Air Force of Korea, 1/61",대한민국 육군 및 공군에 대한 군사원조계획 요건 검토,존슨,1961년,존슨,5.2.2,- 1961년 미 회계감사원장이 작성한 대한민국 육군 및 공군에 대한 군사원조계획 요건에 대한 검토 보고서,대한민국 육군 및 공군에 대한 군사원조계획 요건 검토,42매,08-2-0187,11,156,REPORT TO THE CONGRESS OF THE UNITED STATES REVIEW OF MILITARY ASSISTANCE PROGRAM REQUIREMENTS FOR THE ARMY AND AIR FORCE OF KOREA BY THE COMPTROLLER GENERAL OF THE UNITED STATES,,,
usa1-desc-존슨-6,Post-Presidential Subject Files,,존슨,,존슨,6,,,,,,,,,,
usa1-desc-존슨-6.1,International Affairs,,존슨,,존슨,6.1,,,,,,,,,,
usa1-desc-존슨-6.1.1,"International Affairs, Korea",국제문제-한국,존슨,1971년,존슨,6.1.1,"- William Vose가 존슨 前대통령에게 박정희대통령 취임식(제7대, 1971년 7월1일)에 참석한 후 보낸 1971년 7월 3일자 편지와 그에 대한 답장",국제문제-한국,2매,08-2-0188,28,156,Letter from Dr. M. William Vose to the President,,,
usa1-desc-존슨-6.1.2,"International Affairs, Pueblo",국제문제-푸에블로호,존슨,1968-1969년,존슨,6.1.2,"- 푸에블로호 함장(Commander) Bucher의 변호인단이 존슨 전임대통령에게 군사법원 예심에서 증언해주기를 청하는 내용의 편지(1969년 2월18일)와 Tom Jonson이 대신 작성한 거절의 답장(1969년 2월26일), 푸에블로호 사건관련 문서를 보내주고 도움을 준 국무부 사무국장 John Walsh에게 존슨대통령을 대신하여 Tom Jonson이 작성한 감사편지와 첨부된 존슨대통령 친필서명사진, 푸에블로호 사건에 대해 어느 해군 부인이 보낸 응원의 편지와 존슨대통령을 대신하여 Tom Jonson이 작성한 답장으로 이루어져 있다.",국제문제-푸에블로호,13매,08-2-0189,28,157,"Letter from Law Offices Luce, Forward, Hamilton & Scripps to Mr. Lyndon B. Johnson | Letter from W. Thomas Johnson to Mr. John P. Walsh(Enclosed Autographed pic- ture: With appreciation) | Letter from Harriette B. Hankins to the President Lyndon B. Johnson",,,
usa1-desc-존슨-7,Personal Papers,,존슨,,존슨,7,,,,,,,,,,
usa1-desc-존슨-7.1,Clark Clifford,,존슨,,존슨,7.1,,,,,,,,,,
usa1-desc-존슨-7.1.1,Pueblo-3/1/68-1/20/69,푸에블로호-1968년 3월 1일-1969년 1월 20일,존슨,1968-1969년,존슨,7.1.1,"- 1968년 2월부터 1969년 1월까지 푸에블로호 사건과 관련된 기록모음. 국방부, 국무부, 백악관, 해군 등 각 관련기관의 푸에블로호 관련 메모들(수발신자가 국방장관 클락 클리포드(Clark Clifford)인 경우를 모아두고 있으나 그렇지 않은 경우도 많음), 주한 미대사관에서 국무부장관에게 보낸 전문들(군사정전위원회에서 푸에블로호 사건을 논의하는 비공개 판문점 회담을 회차별로 요약하여 보고하고 있으며 북한측이 전달한 푸에블로호 선원의 편지 내용을 전달하고 있기도 함), 김성은 국방장관이 미 하원의장 John W. McCormack에게 푸에블로호 사건 협상과 관련하여 보낸 등 편지, 푸에블로호 항해사진 및 관련 보고기록 등으로 이루어져 있다.",푸에블로호-1968년 3월 1일-1969년 1월 20일,209매,08-2-0190,23,158,USS PUEBLO-ACTION MEMORANDUM | TELEGRAM FROM AMEMBASSY SEOUL TO SECSTATE WASHDC RE SUMMARY OF SENIOR MAC MEMBER’S MEETING AT PANMUNJOM | MEMORANDUM FROM PAUL WARNKE TO MR. NITZE RE LEGAL AND TACTICAL CONSIDERATIONS IN PUEBLO CASE | ANALYSIS OF PUEBLO NAVIGATIONAL PHOTOGRAPHS | House Republican Policy committee Statement on the seizure and detention of the USS PUEBLO | Application of the Geneva Convention to USS Pueblo Crew | Negotiations for Release of the Crew of the Pueblo,,,
usa1-desc-존슨-7.2,Henry H. Fowler,,존슨,,존슨,7.2,,,,,,,,,,
usa1-desc-존슨-7.2.1,"Balance of Payments: 1968 Balance of Payments-Military Offset, Far East",푸에블로호-1968년 3월 1일-1969년 1월 20일,존슨,1968년,존슨,7.2.1,"- 1968년 3월 15일 미 재무장관 Fowler의 일본 NHK와의 인터뷰 질문과 답변서, 1968년 5월 8-9일 미국을 공식 방문한 태국총리 타놈 키티카초른(Thanom Kittikachorn)과 존슨 대통령의 공동성명서, 1968년 10월 일본재무장관 Mizuta의 발표와 관련하여 John R. Petty가 Fowler 장관에게 보낸 메모 및 Mizuta의 발표에 대한 신문기사스크랩으로 이루어져 있다.",푸에블로호-1968년 3월 1일-1969년 1월 20일,13매,08-2-0191,5,159,"JOINT COMMUNIQUE BETWEEN PRESIDENT LYNDON B. JOHNSON AND PRIME MINISTER THANOM KITTIKACHORN OF THAILAND | Questions and Answers for Secretary Fowler’s Interview with the Japanese Broadcasting Corporation 4:00 P.M., Friday, March 15, 1968 | US Payments Aid Request Gets Results(The Journal of Commerce)",,,
usa1-desc-존슨-7.2.2,Economy: Asian Development Bank-Special Fund,경제: 아시아개발은행-특별기금,존슨,1967-1968년,존슨,7.2.2,"- 아시아개발은행 특별기금을 승인받고 시행하기까지의 과정을 알 수 있는 교서, 메모, 기자회견, 보고서, 편지 등으로 이루어져 있다. 1967년 9월 26일 존슨대통령이 아시아 개발은행에 관한 내용으로 의회에 보낸 교서, 교서발표에 대해 대통령자문위원인 Eugene Black이 같은 날 가진 기자회견문, 교서에 대한 상하원 의원별 찬반의견발표에 대해 재무장관 보좌관인 Joseph M. Bowan이 Fowler장관에게 보고하는 메모, Eugene Black의 상원외교관계위원회 발표문 및 분담을 촉구하는 워싱턴 포스트 기사, 1968년 4월 29일 의회가 기금출연을 승인하고 아시아개발은행법을 개정한 내용에 대한 의회 보고서, 아시아개발은행에 대한 자본출자에 대해 장관 직무대행자인 Joseph W. Barr가 대통령에게 보고하는 메모 등이 포함되어 있다.",경제: 아시아개발은행-특별기금,86매,08-2-0192,21,159,"THE PRESIDENT’S ASIAN DEVELOPMENT BANK MESSAGE | STATEMENT THE HONORABLE EUGENE R. BLACK ,SPECIAL ADVISER TO THE PRESIDENT ON ASIAN ECONOMIC AND SOCIAL DEVELOPMENT BEFORE THE SENATE FOREIGN RELATIONS COMMITTEE, October 3, 1967 | 20TH CONGRESS 2d Session, HOUSE OF REPRESENTATIVES, Report No. 1320 : ASIAN DEVELOPMENT BANK | ASIAN DEVELOPMENT BANK SPECIAL FUNDS CONTRIBUTIONS: Excerpts from Governors’ Statements at First Annual Meeting | MEMORANDUM TO THE PRESIDENT FROM JOSEPH W. BARR(Subject: Capital Subscription to the Asian Development Bank)",,,
usa1-desc-존슨-7.2.3,"Economy: Asian Development Bank Meeting, 11/66(1 of 4)","경제: 아시아개발은행회의, 1966년 11월(1/4폴더)",존슨,1966년,존슨,7.2.3,"- 1966년 11월 24-26일 일본 도쿄에서 개최된 아시아개발은행 이사회 창립총회 보고서가 수록되어 있다. 주요 기록에는 창립총회에 참석하는 미국측 대표단 명단 및 일정관련 자료들, 그 밖에 창립총회 참석자 및 옵저버 명단과 총회에서 선출된 지역대표 명단 등이 있다.","경제: 아시아개발은행회의, 1966년 11월(1/4폴더)",247매,08-2-0193,36,160,"INAUGURAL MEETING OF THE BOARD OF GOVERNORS THE ASIAN DEVELOPMENT BANK 24-26 NOVEMBER, 1966, TOKYO, JAPAN | LIST OF DIRECTORS ELECTED AT THE INAUGURAL MEETING OF THE BOARD OF GOVERNORS OF THE ASIAN DEVELOPMENT BANK | UNITED STATES DELEGATION ASIAN DEVELOPMENT BANK INAUGURAL MEETING",,,
usa1-desc-존슨-7.2.4,"Economy: Asian Development Bank Meeting, 11/66(2 of 4)","경제: 아시아개발은행회의, 1966년 11월(2/4폴더)",존슨,1966년,존슨,7.2.4,-1966년 11월 24-26일 아시아개발은행 창립총회 관련 영문 기사 스크랩,"경제: 아시아개발은행회의, 1966년 11월(2/4폴더)",118매,08-2-0194,36,161,The Japan Times(1966년 11월 24-26일) | The Mainichi Daily News(1966년 11월 25-26일) | The Nihon Keizai Shimbun(1966년 11월 22일) | Asahi Evening News(1966년 11월 23-24일) | The New York Times-International Edition(1966년 11월 14일),,,
usa1-desc-존슨-7.2.5,"Economy: Asian Development Bank Meeting, 11/66(3 of 4)","경제: 아시아개발은행회의, 1966년 11월(3/4폴더)",존슨,1966년,존슨,7.2.5,"- 미 재무부장관 Fowler의 일본 도착성명 및 아시아개발은행 창립총회에서의 연설물, 1966년 11월 19-26일 사이 각종 일본 영자지의 아시아개발은행 관련 기사 스크랩 모음","경제: 아시아개발은행회의, 1966년 11월(3/4폴더)",117매,08-2-0195,36,161,"TEXT OF A STATEMENT BY HENRY H. FOWLER, U.S. SECRETARY OF THE TREASURY ON ARRIVING IN TOKYO NOVEMBER 21,1966 TO ATTEND THE ASIAN DEVELOPMENT BANK MEETING | STATEMENT BY SECRETARY OF THE TREASURY HENRY H. FOWLER, U.S. GOVERNOR OF THE ASIAN DEVELOPMENT BANK AT THE INAUGURAL MEETING TOKYO, NOVEMBER 25, 1966 | THE MAINICHI DAILY NEWS(1966년11월 20-26일) | THE JAPAN TIMES(1966년 11월 19-26일) | THE ASAHI EVENING NEWS(1966년 11월 19일, 24-25일) | THE YOMIURI(1966년 11월 21-26일) | THE PACIFIC STARS & STRIPES(1966년 11월 21-22, 25-26일)",,,
usa1-desc-존슨-7.2.6,"Economy: Asian Development Bank Meeting, 11/66(4 of 4)","경제: 아시아개발은행회의, 1966년 11월(4/4폴더)",존슨,1966년,존슨,7.2.6,- 아시아개발은행 창립총회를 전후의 일본 일간지(일본어)에 실린 아시아개발은행 관련 기사 스크랩 모음,"경제: 아시아개발은행회의, 1966년 11월(4/4폴더)",114매,08-2-0196,36,162,"ASAHI SHIMBUN, NIHON KEIZAI SHIMBUN, SANKEI SHIMBUN, TOKYO SHIMBUN, YOMIURI SHIMBUN, MAINICHI SHIMBUN",,,
usa1-desc-존슨-7.2.7,Countries: Korea,국가: 한국,존슨,1966-1968년,존슨,7.2.7,"- 1968년 7월 15-17일 한미상무장관회의에 참석하는 김정렴 상공부장관의 일정 및 상무부의 언론발표문, 1967년 국무부 국제개발처에서 대통령에게 보낸 한국 차관 지원 관련 메모, 해외원조법하의 한국의 활동검토서 등으로 이루어져 있다.",국가: 한국,30매,08-2-0197,71,162,"SECOND ANNUAL MEETING OF UNITED STATES AND KOREAN COMMERCE MINISTERS, Washington, July15-17,1968, MINISTER KIM’S SCHEDULE/DEPARTMENT OF COMMERCE PRESS RELEASE | Review of Korean actions under Section 620(s) of the Foreign Assistance Act, as amended (the Symington Amendment) | MEMORANDUM FOR THE PRESIDENT FROM William S. Gaud(SUBJECT: New Project Approvals: Korea Development Loans) | MEMORANDUM FOR THE PRESIDENT FROM Charles L. Schultze(SUBJECT: $12 Million Loan to the Korean Reconstruction Bank)",,,
usa1-desc-카터-1,"JC-1137: Patricia E. Bauer Collection, 06/15/1976-10/1979",,카터,,카터,1,,,,,,,,,,
usa1-desc-카터-1.1,"Subject File, compiled 1977-1979",,카터,,카터,1.1,,,,,,,,,,
usa1-desc-카터-1.1.1,"(Tongsun) Park Articles (1/9/78), 01/09/1978-01/09/1978",박동선 기사모음(01/09/1978-01/09/1978,카터,1978년,카터,1.1.1,- Pat Bauer가 대통령 언론담당비서관(Press Secretary) Jody Powell에게 박동선 관련 뉴스 방영 내역과 신문기사 모음을 첨부하여 보낸 비망록 박동선사건은 1976년 10월 24일 <워싱턴 포스트>지가 재미실업가 박동선이 한국정부의 기관요원으로 70년대 연간 50만 내지 1백만 달러 상당의 뇌물로 미 의회 의원 및 공자들을 매수했다고 폭로한 데서 발단되어 한·미간의 외교마찰로까지 번진 사건으로 일명 ‘코리아게이트’라고도 불린다. 결국 1978년 10월 16일 미 하원윤리위원회가 85만 달러의 선거헌금과 선물을 32명의 전현직 의원들에게 제공했다는 박동선의 증언과 전주미대사 김동조의 서면답변서를 토대로 결과보고서를 발표함으로서 2년의 세월을 끌던 박동선사건은 미국의 해너 전하원의원이 실형선고를 받고 7명이 징계를 당하는 선에서 일단락되었다.2),박동선 기사모음(01/09/1978-01/09/1978,19매,09-3-0001,2,189,"Memo from Pat Bauer to Jody Powell 1/9/78 : Tongsun Park Clips and News Articles 2) 한국사사전편찬회, 「한국근현대사사전」, 가람기획, 2005, p.431",,,
usa1-desc-카터-2,"JC-1133: Records of the Office of the Assistant for Public Liaison, 1977-1981",,카터,,카터,2,,,,,,,,,,
usa1-desc-카터-2.1,"Seymour Wishman Files, compiled 1977-1978",,카터,,카터,2.1,,,,,,,,,,
usa1-desc-카터-2.1.1,"North American Coalition for Human Rights in Korea, 3/76-5/78 (O/A 4495), 03/1976-05/1978","한국인권을 위한 북미연합, 03/1976-05/1978",카터,1976년-1978년,카터,2.1.1,"- “한국 인권을 위한 북미연합” 및 미국 내 기독교 단체들이 한국의 열악한 인권 상황과 3.1 민주구국선언 등 인권운동 움직임에 대해 백악관과 대중의 관심을 촉구하고 개선을 도모하기 위해 작성한 보고서, 서신, 잡지 기사 등으로 이루어져 있다.","한국인권을 위한 북미연합, 03/1976-05/1978",103매,09-3-0002,50,190,"Letter from Sang Ho Kim and Peggy Billings to President J.Carter, 1 March 1978 | Bulletin for Local Units of Church Woman United: Article of 3.1 Declaration of Democracy | MARCH FIRST DECLARATION OF DEMOCRACY, 1 March 1978 | Memo for Midge Costanza from Seymour Wishman: Meeting with North American Coalition for Human Rights in Korea, 1 March 1978 | Copies of the Church Woman vol.42, no.4, 9 | Copy of the Korea Communique no.19 | MEMORANDUM FOR MIDGE COSTANZA FROM SEYMOUR WISEMAN: Coaliation of Concerned North Americans for Korea, 3 May 1978",,,
usa1-desc-카터-3,"JC-1132: Zbigniew Brzezinski 컬렉션, 1972-1981",,카터,,카터,3,,,,,,,,,,
usa1-desc-카터-3.1,"Subject File, compiled 01/1977-01/1981",,카터,,카터,3.1,,,,,,,,,,
usa1-desc-카터-3.1.1,"Carter, Jimmy-Sensitive: (1/77-9/78), 01/1977-09/1978","지미카터-민감한 사항, 01/1977-09/1978",카터,1977년,카터,3.1.1,"- J. Carter대통령, Cyrus Vance 국무장관, Andrew Young UN대사, B. Brzezinski 백악관 안보담당보좌관이 참석한 회의에 대한 기록으로, 베트남, 일본, 한국, 중동, 로디지아, 파나마, 쿠바, 이집트에 관한 논의 사항을 포함하고 있다.","지미카터-민감한 사항, 01/1977-09/1978",3매,09-3-0003,21,191,"Memorandum for the Record : Meeting of the President J. Carter, Secretary of State C. Vance, UN Ambassador A. Young and Z. Brzezinski, 29 January 1977",,,
usa1-desc-카터-3.1.2,"(Meetings-Muskie/Brown/Brzezinski: 5/80-6/80), 05/1980-06/1980","무스키, 브라운, 브레진스키의 회의, 05/1980-06/1980",카터,1980년,카터,3.1.2,"- Edmund Muskie 국무장관, Harold Brown국방부장관, B. Brzezinski가 참석한 M-B-B 오찬회의의 내용을 요약한 메모와 계엄령 선포 이후 한국상황에 대한 주한미국대사 W. Gleysteen의 분석 내용을 정리하여 Don Gregg(CIA)이 Brzezinski에게 보낸 비망록 으로 이루어져 있다.","무스키, 브라운, 브레진스키의 회의, 05/1980-06/1980",6매,09-3-0004,23,191,"Memorandum for Zbigniew Brzezinski from Don Gregg : M-B-B Lunch, 5/21/80",,,
usa1-desc-카터-3.1.3,"(Meetings-Muskie/Brown/Brzezinski: 7/80-9/80), 07/1980-09/1980","무스키, 브라운, 브레진스키의 회의, 07/1980-09/1980",카터,1980년,카터,3.1.3,- 1980년 9월 19일에 있었던 M-B-B 회의의 결과를 요약하여 백악관 안보담당 보좌관 Z. Brezezinski가 부보좌관 David Aaron 외 1명에게 보낸 비망록,"무스키, 브라운, 브레진스키의 회의, 07/1980-09/1980",1매,09-3-0005,23,192,"Memorandum from Z. Brzezinski to David Aaron and Les Denend for M.B.B, 19 Sept. 1980",,,
usa1-desc-카터-3.1.4,"(Meetings-PRC 14: 4/21/77), 04/21/1977-04/21/1977","정책평가회의 14, 04/21/1977",카터,1977년,카터,3.1.4,- 한국과 필리핀 문제에 대한 정책평가위원회(PRC: Policy Review Committee) 회의의 결과를 첨부하여 NSC동아시아와 중국문제 담당자 Mike Armacost가 Z. Brzezinski에게 보낸 비망록으로 CIA측 참가자의 이름과 주한미군철수 문제에 대한 내용 중 일부 비공개 문서가 포함되어 있다.,"정책평가회의 14, 04/21/1977",10매,09-3-0006,24,192,"Memorandum for Z. Brzezinski from Mike Armacost (NSC): PRC Meetings on Korea and Philippine Base Negotiations, 22 April 1977",,,
usa1-desc-카터-3.1.5,"(Meetings-PRC 110: 6/8/79), 06/08/1979-06/08/1979","정책평가회의110, 06/08/1979",카터,1979년,카터,3.1.5,"- 한국관련 문제를 논의하기 위해 열린 정책평가위원회(PRC: Policy Review Committee) 회의 결과를 NSC 동아시아 및 중국문제 담당자 Nick Platt이 백악관안보담당보좌관 Z. Brzezinski에게, Brzezinski는 대통령에게 정리, 보고하기 위해 작성한 비망록과 첨 부자료들로 이루어져 있음. 1979년 6월8일의 정책평가위원회 회의 참가자 명단과 회의 결과 등은 부분 비공개이다.","정책평가회의110, 06/08/1979",17매,09-3-0007,25,193,"Memorandum for Zbigniew Brzezinski from Nick Platt: Policy Review Committee Meeting on Korea, 8 June 1979 | Memorandum for the President from Zbigniew Brzezinski: Policy Review Committee Meeting on Korea, 9 June 1979 | Memorandum for Zbigniew Brzezinski from Nick Platt: PRC Meeting on PRM-45 Thursday, 7 June 1979",,,
usa1-desc-카터-3.1.6,"(Meetings-Vance/Brown/Brzezinski: 3/80-9/80), 03/1980-09/1980","밴스, 브라운, 브레진스키 회의, 03/06/1980",카터,1980년,카터,3.1.6,"- 중앙정보국(CIA)의 Donald Gregg이 Cyrus Vance 국무장관, Harold Brown 국방부장관, 백악관 안보담당보좌관 Z. Brzezinski가 참석하는 V-B-B 회의에서 한국 DMZ내 표지 (marker)의 유지보수 시행 여부를 결정하도록 촉구하고자 Brzezinski에게 보낸 메모 이다.","밴스, 브라운, 브레진스키 회의, 03/06/1980",17매,09-3-0008,34,193,"Note from Donald Gregg to Zbigniew Brezezinski: Possible V-B-B Item, 6 March",,,
usa1-desc-카터-3.1.7,"Serial Xs-(8/77-8/78), 08/1977-08/1978","SERIAL Xs, 08/1977-08/1978 대통령 주간 보고서 08/26/1977",카터,1977년,카터,3.1.7,"- 백악관 안보담당 보좌관 Z. Brzezinski가 1978년 4월 11일에 주한미군 철수 문제와 중국, 타이완 관련 이슈 등을 논의하기 위해 백악관에서 열린 회의 결과를 보고하고 승인을 요청하고자 J. Carter 대통령에게 보낸 비망록으로 이루어져 있다. - Brzezinski 백악관 안보담당 보좌관이 Carter 대통령에게 보낸 국가안전보장회의(NSC) 주간보고서로 파나마운하 비준에 대한 의견, 4자 회담 제안에 대한 한국의 부정적 반응(부분 비공개), 미국의 중동정책에 대한 이스라엘 일간지의 호의적 보도내용 등을 포함하여 미국의 외교정책 관련 의견, 사실, 여론을 정리하였다.","SERIAL Xs, 08/1977-08/1978 대통령 주간 보고서 08/26/1977",6매,09-3-0010,41,194,"Memorandum for the President from Z. Brzezinski: Summary of April 11, 1978 Meeting on Korea and China, 18 April 1978 | Memorandum of Conversation (Summary Minuites of April 11, 1978 Meeting on Korea and China, 20 April 1978 3.1.7 Weekly Reports (to the President), 16-30: (6/77-9/77), 06/1977-09/1977 | Memorandum for the President from Z. Brzezinski: NSC Weekly Report #25, 26 August 1977",,,
usa1-desc-카터-3.1.8,"Weekly Reports (to the President) 53-60: (4/78-5/78), 04/1978- 05/1978",대통령 주간 보고서 05/26/1978,카터,1978년,카터,3.1.8,- Brzezinski 백악관 안보담당 보좌관이 Carter 대통령에게 보낸 국가안전보장회의 주간 보고서로 자신의 한국 및 중국 방문 결과를 요약하고 (박정희대통령과의 회담 및 중국관료들과의 회의 내용 등) 방문에 대한 각국 언론의 반응을 정리한 것으로 중국과의 과학기술 협력 분야 등 일부 내용은 비공개이다.,대통령 주간 보고서 05/26/1978,4매,09-3-0011,41,195,"Memorandum for the President from Z. Brzezinski: NSC Weekly Report #60, 26 May 1978",,,
usa1-desc-카터-3.1.9,"Weekly Report (to the President), 61-71: (6/78-9/78), 06/1978- 09/1978",대통령에게 보내는 주간 보고서 06/23/1978,카터,1978년,카터,3.1.9,"- Brzezinski 백악관 안보담당 보좌관이 Carter 대통령에게 보낸 국가안전보장회의 주간보고서로 부보좌관 David Aaron과 함께 미국이 당면한 외교 문제들을 통제 가능한 영역과 제한적인 개입만이 가능한 영역으로 나누어 정리한 내용, 5월 한국 방문시 전달한 카터 대통령의 편지에 대한 박정희 대통령의 답신 분석 등이 포함 되어 있다.",대통령에게 보내는 주간 보고서 06/23/1978,5매,09-3-0012,41,195,"Memorandum for the President from Z. Brzezinski: NSC Weekly Report #64, 23 June 1978",,,
usa1-desc-카터-4,"JC-1056: Records of the Office of the Staff Secretary, 1976-1981",,카터,,카터,4,,,,,,,,,,
usa1-desc-카터-4.1,"Presidential File, compiled 1977-1981",,카터,,카터,4.1,,,,,,,,,,
usa1-desc-카터-4.1.1,3/8/77[1],3/8/77[1],카터,1964-1968년,카터,4.1.1,- 국회의원 Donald M. Fraser의 대통령 면담 요청 및 주한미군 철수와 한국 내 인권문제 등의 면담 사안을 대통령에게 전달하는 과정에서 대통령비서실이 생산한 메모들로 이루어져 있다.,3/8/77[1],6매,09-3-0013,11,196,"Memo from Rick Hutcheson to Z. Brzezinski: Don Fraser Letter RE:U.S. Policy Toward Korea(3/1/1977), 8 March 1977",,,
usa1-desc-카터-5,"JC-1034: Records of the Office of the Assistant to the President for Communications, 07/01/1978-08/14/1979",,카터,,카터,5,,,,,,,,,,
usa1-desc-카터-5.1,"Records Relating to Press Events, compiled 1978-1979",,카터,,카터,5.1,,,,,,,,,,
usa1-desc-카터-5.1.1,"Japan Summit 6/23-27/1979-Korea, 06/23/1979-06/27/1979(1)","미일정상회담 06/23-27/1979, 한국 06/23-27/1979(1)",카터,1979년,카터,5.1.1,- 1979년 6월 방일 시 카터대통령에게 인터뷰를 요청하기 위해 일본 언론사들이 미국측에 보낸 서신과 이에 대한 백악관의 답신 및 비망록 등으로 이루어져 있다.,"미일정상회담 06/23-27/1979, 한국 06/23-27/1979(1)",46매,09-3-0014,19,197,"Briefing of President’s Trip to Vienna and Tokyo on June | Letter from Jerrold L. Schecter to Makoto Ishihara | Memorandum for the President from Jerry Schecter: Presidential Interviews with Japanese Television and Newspapers Prior to the Economic Summit, 10 May 1979 | Letter from Toshitada Nakae to Gerald M. Rafshoon, 21 May 1979 | Letter from Kaoru Nakamaru to Z. Brzezinski and President Carter, 17 Jan. 1979",,,
usa1-desc-카터-5.1.2,"Japan Summit 6/23-27/1979-Korea, 06/23/1979-06/27/1979(2)","미일정상회담 06/23-27/1979, 한국 06/23-27/1979(2)",카터,1979년,카터,5.1.2,"- Carter 대통령이 Al Haig 장군에게 가해졌던 암살시도와 관련하여 우려와 안도를 표하기 위해 보낸 전문과 한국 및 일본 방문 일정 중 수행하게 될 카터대통령의 각종 연설문 초안 (알래스카 연설문 요지, 박정희 대통령 주최만찬에서의 인사말, 일본천황 주재 만찬 축사 등) 등으로 이루어져 있다.","미일정상회담 06/23-27/1979, 한국 06/23-27/1979(2)",24매,09-3-0015,19,197,"Telegram from the President to General Al Haig June 26, 1979 | Memorandum for the President from Achsah Nesmith: Alaska Talking Points Salutation, 21 June 1979 | Toast for Dinner Hosted by President Park, 20 June 1979 | Suggested Themes for the President’s Meeting with Members of the Japanese Diet | Talking Points Shimoda, 25 June 1979",,,
usa1-desc-카터-5.1.3,"Japan Summit 6/23-27/1979-Korea, 06/23/1979-06/27/1979(3)","미일정상회담 06/23-27/1979, 한국 06/23-27/1979(3)",카터,1979년,카터,5.1.3,"- 1979월 6월23일부터 7월1일 까지 카터 대통령의 방일과 방한 일정을 기록한 각종 보고서 모음으로, 행사 진행 과정 및 참석자 명단, 연설 내용, 수행 기자단의 구성을 상술한 보고서와 회의 녹취록 등으로 이루어져 있으며 대부분은 보도 자료로써 작성 되었다.","미일정상회담 06/23-27/1979, 한국 06/23-27/1979(3)",132매,09-3-0016,19,198,"Remarks of the President at Hawaiian Citizens’ Reception | Pool Reports #27~35 | Press Briefing by C. Vance | Joint Statement by Heads of State Upon Conclusion of Economic Summit (06/29/1979) | JOINT COMMUNIQUE between Jimmy Carter and Park Chung Hee(July 1, 1979) | EXCHANGE OF TOASTS BETWEEN J.CARTER AND PARK CHUNG-HEE | Remarks of the President at Camp Casey | Background Briefing : Aboard Air Force One, July 1, 1979",,,
usa1-desc-카터-6,"JC-1005: Office of the Chief of Staff Files, 1977-1980",,카터,,카터,6,,,,,,,,,,
usa1-desc-카터-6.1,"Stephen Selig’s Subject Files, compiled 1978-1981",,카터,,카터,6.1,,,,,,,,,,
usa1-desc-카터-6.1.1,"Korea, 6/5/79, 06/05/1979-06/05/1979","한국, 6/5/79, 06/05/1979-06/05/1979",카터,1979년,카터,6.1.1,"- 카터 대통령의 한국 및 일본 공식방문과 관련하여 미주지역 한인 협의회 사무총장 겸 KWL그룹 회장인 이경화 박사에게 자문을 받도록 권고하기 위해 Erle Cocke, Jr가 대통령 부보좌관 S.Stephen Selig에게 보낸 서신이다.","한국, 6/5/79, 06/05/1979-06/05/1979",2매,09-3-0017,176,199,"Letter from Erle Cocke, Jr. to S. Stephen Selig (Deputy Assistant to the President), 5 June 1979",,,
usa1-desc-카터-7,"JC-1002: Records of the White House Office of Counsel to the President, 1977-1981",,카터,,카터,7,,,,,,,,,,
usa1-desc-카터-7.1,"Robert J. Lipshutz Files, compiled 1977-1979",,카터,,카터,7.1,,,,,,,,,,
usa1-desc-카터-7.1.1,"Korean Back Channel Messages, 07/1977-04/1978",한국관련 비공식 채널 정보 07/1977-04/1978,카터,1977-1978년,카터,7.1.1,"- 주한 미군 철수 계획과 관련하여 한국에서 활동하고 있는 미국측 비공식 체널의 상황 분석 및 의견, 그 내용의 공개를 요구하는 스트라톤 위원회의 요청과 이에 대응하는 백악관 측의 반응 등을 담고 있는 비망록과 보고서 등으로 이루어져 있다.",한국관련 비공식 채널 정보 07/1977-04/1978,32매,09-3-0018,30,199,"Summary of Back channel Messages on Korean Ground Withdrawals Feb.-Jun. 1977 | Memorandum for John Kester from Robert Lipshutz, Margaret McKenna Re:Shratton Subcommittee's Request for Korean Back Channel Messages, 12 Aug. 1977 | Memorandum for John Kester from Robert J. Lipshutz (Counsel to the President) | Memorandum for the Secretary of Defense RE: Options for dealing with Stratton Subcommittee’s request for “back channel” messages with respect to the Korean troop withdrawal, 19 July 1977 | Memorandum for the President from Robert J. Lipshutz: Korean back channel mes- sage and related matters, 1 Nov. 1977",,,
usa1-desc-카터-7.1.2,"Korean Investigation Matters, 03/1977-10/1978","박동선 사건 조사, 03/1977-10/1978",카터,1977-1978년,카터,7.1.2,"- 의회의 뇌물 수수사건과 관련된 것으로 알려진 한국 중앙정보부 소속 박동선을 조사 하기 위해 특별검사 선임을 추진하고 관련 규정을 개정하는 과정에서 발생한 백악관과 의회의 비망록, 서신, 보고서 등으로 이루어져 있으며, 비공개 내용이 일부 포함되어 있다.(제한사유 A) [주요 기록물명] ∙ Memorandum from Mike Cardozo (Associate Counsel) for the Korean-Neidecker file, 1 Jun. 1977 ∙ Memorandum to David Aaron from Bob Lipshutz: White House role in congres- sional investigation of Korean misdoings, 22 Jun. 1977 ∙ Letter from Bob Thomson to Frank Moore RE: Public Officials Ethics Bill-S. 555, 28 Jun. 1977 ∙ Memorandum for the President from David Aaron: Tong Sun Park, 4 Oct. 1977 ∙ Memorandum for Brzezinski from Madeleine Albright: Christine Dodson’s testimony before the Senate Subcommittee on Appropriations, 13 Mar. 1978","박동선 사건 조사, 03/1977-10/1978",48매,09-3-0019,31,200,,,,
usa1-desc-카터-8,"JC-76C: Records of the 1976 Campaign Committee to Elect Jimmy Carter, 1976-1976",,카터,,카터,8,,,,,,,,,,
usa1-desc-카터-8.1,"Noel Sterrett’s Foreign Clippings Files, compiled 1976-1976, documenting the period ca. 1972-1976",,카터,,카터,8.1,,,,,,,,,,
usa1-desc-카터-8.1.1,South Korea,남한,카터,1975년,카터,8.1.1,"- DMZ 땅굴발견과정을 보도한 워싱턴 포스트지 1975년 5월 27일자 신문 기사, DMZ 땅굴 등 한반도 안보상황을 보도한 워싱턴 포스트지 1975년 5월 28일자 신문 기사, Mike Mansfield 상원의원의 북한 도발위험성 주장과 미국의 대한반도정책 비판을 보도한 워싱턴 포스트지 1975년 5월 27일자 신문 기사의 스크랩으로 이루어져 있다. [주요 기록물명] ∙ Copy of Newspaper The Washington Post, May 27, 1975 “Korea’s DMZ-North’s Tunnels Under DMZ Jeopardize” ∙ Copy of Newspaper The Washington Post, May 28, 1975 “DMZ Tunnels Undermine Korean Peninsula Security” ∙ Copy of Newspaper The Washington Post, May 28, 1975 “Mansfield Wary on U.S Role in Korea” “Mansfield Sees Danger on Korea”",남한,4매,09-3-0020,135,201,,,,
usa1-desc-카터-8.1.2,South Korea-Government Policies and Problems,남한-정부 정책과 문제점,카터,1974-1975년,카터,8.1.2,"- 중앙정보부의 언론검열과 동아일보 백지광고사태, 유신헌법에 따른 강경정책, 정치범 탄압, 한국의 민주주의 역사 발전과정과 향후 전망, 한국의 독자적인 핵개발 가능성 등을 보도한 16개의 주요신문 스크랩으로 이루어져 있다. (신문이 어둡게 복사되어 일부 판독이 불가능함) [주요 기록물명] ∙ Copy of Newspaper The Washington Post, January 20, 1975 “Korean Newspaper’s Phantom Enemy” ∙ Copy of Newspaper The Christian Science Monitor “The Tragedy of Korea” ∙ Copy of Newspaper The New York Times Feb 9, 1974 “South Korean Premier Defends Jailing of Critics” ∙ Copy of Newspaper The New York Times Jan 19, 1974 “Korean Crossroads” ∙ Copy of Newspaper The Christian Science Monitor “South Korean Crackdown” ∙ Copy of Newspaper The Washington Post, Feb 14, 1975 “Korean Prospect” ∙ Copy of Newspaper The Washington Post, April 30, 1975 “South Korea As a Nuclear Power” ∙ Copy of Newspaper The Washington Post, March 20, 1975 “South Korea Starts New Crackdown”",남한-정부 정책과 문제점,16매,09-3-0021,135,202,,,,
usa1-desc-카터-8.1.3,South Korea-Relations with North Korea (SEATO),남-북한 관계(동남아시아조약기구),카터,1974-1975년,카터,8.1.3,"- 북한의 도발 및 한반도 전쟁 발발 가능성, 한국의 전쟁대비와 군 현대화 현황, 전쟁 발발 시 미군 참전에 대한 미국 내 여론 등을 다룬 9개의 주요 신문 스크랩과 미국의 대아시아 정책과 한국의 국방력 현황 등을 분석한 Center For Defense Information의 간행물 The Defense Monitor로 이루어져 있다. [주요 기록물명] ∙ Copy of Newspaper The Washington Post, June 12, 1975 “...And Kims’s Warnings of War” ∙ Copy of Newspaper The Washington Post, June 22, 1975 “South Korea Accelerates Mobilization” ∙ Copy of Newspaper The New York Times June 15, 1975 “All Eyes Are on North Korea” ∙ Copy of Newspaper The New York Times Feb 23, 1975 “Pentagon Official Report Big North Korean Step-UP” ∙ Copy of Newspaper The New York Times Feb 17, 1974 “Attack Admitted By North Korean” ∙ Copy of Newspaper The Washington Post, April 18, 1975 “Shipments Of Uranium To Korea Hit” ∙ The Defense Monitor-Center For Defense Information “Korea and U.S Policy in Asia”, “U.S Strategy For Asia”, “South Korea’s Self-Defense Capability”",남-북한 관계(동남아시아조약기구),19매,09-3-0022,135,203,,,,
usa1-desc-카터-8.1.4,“U.S. Policy towards South Korea Ceremony”,박정희대통령의 미국방문-환영식 참석자 명단,카터,1974-1975년,카터,8.1.4,"- 하원의원 스티븐 솔라즈와 도날드 프레이저가 주한 미군 철수를 골자로 제출한 “국제 안보 원조에 관한 법률” 수정안의 제출 배경, 주요 내용과 근거 등을 요약한 의회 보고서, 주한 미군 주둔의 당위성을 주장하고 있는 John B. Kotch 박사의 비망록, 지미 카터의 대통령 선거운동을 위한 참고자료로 한국의 안보상황 요약 보고서를 첨부한 William H. Overholt 콜롬비아대 교수의 서신, 한국의 안보 및 정치상황과 그에 대한 미국의 정책 등을 다룬 9개 주요 신문스크랩 등으로 이루어져 있다. [주요 기록물명] ∙ Memorandum on Solarz-Fraser Amendment to Withdraw U.S Troops from South Korea, 30 Dec. 1975 ∙ Memorandum on US Policy Toward Korea by Dr. John B. Kotch ∙ Letter from William H. Overholt to Steve Stark: A draft statement on Korea en- closed, 18 Feb. 1976 ∙ Copy of Newspaper The Washington Post, June 19, 1975 “The Harris survey-43% Favor Defending South Korea” ∙ Copy of Newspaper The Christian Science Monitor Aug 16, 1974 “U.S Dilemma in Korea”",박정희대통령의 미국방문-환영식 참석자 명단,26매,09-3-0023,135,203,,,,
usa1-desc-카터-9,"JC-CL: Records of the Office of Congressional Liaison (Carter Administration), 1976-1981",,카터,,카터,9,,,,,,,,,,
usa1-desc-카터-9.1,"Bob Beckel’s Subject Files, compiled 1977-1980",,카터,,카터,9.1,,,,,,,,,,
usa1-desc-카터-9.1.1,"Korea, 7/20/78","한국, 7/20/78",카터,1978년,카터,9.1.1,"- 한국의 경제, 군사적 상황에 부합하는 적절한 철군계획의 필요성을 설명하고 이에 대한 의회의 협조를 요청하기 위해 카터대통령이 하원의장 오닐에게 보낸 서신이다. [주요 기록물명] ∙ Letter from James Earl Carter Jr. to Thomas P. O’Neill (The Speaker of the House of Representatives), 20 July 1978","한국, 7/20/78",2매,09-3-0024,224,204,,,,
usa1-desc-카터-9.2,"Lisa Bourdeaux’s Subject Files, compiled 1977-1981",,카터,,카터,9.2,,,,,,,,,,
usa1-desc-카터-9.2.1,"South Korea, 1/9/77-8/5/77","남한, 1/9/77-8/5/77",카터,1968년,카터,9.2.1,"- 미국의 무기수출규제정책 시행을 내용으로 하는 대통령의 성명서, 파키스탄 항공기 A-7의 수입과 관련하여 하원의원 Dale Milford와 카터대통령이 주고 받은 서신, 미국의 대 한국정책을 분석하여 Ann Dye가 Hamilton Jordan에게 보낸 비망록, 주한미군철수 계획과 그에 대한 국내외 반응 등을 보도한 10개의 신문 스크랩 등으로 이루어져 있다. [주요 기록물명] ∙ “Statement By President Conventional Arms Transfer Policy” by the Office of The White House Press Secretary, 19 May 1977 ∙ Letters from Dale Milford (U.S House of Representatives) to President Jimmy Carter, 8 Jun. 1977 ∙ Letter from President Jimmy Carter to Dale Milford, 20 Jun. 1977 ∙ Memorandum for Hamilton Jordan from Ann Dye: South Korea Policy-Case Study: attached are 1. South Korea-State DoD weekly reports, 2. Chronology of Major Statements and Decisions Concerning Withdrawals from Korea, 3. South Korea- Letters to the President, Copy of Newspaper Far Eastern Economic Review June 10, 1977 “What Price Withdrawal?”, 5 Aug. 1977","남한, 1/9/77-8/5/77",79매,09-3-0025,112,205,,,,
usa1-desc-카터-10,"JC-DPS: Records of the Domestic Policy Staff (Carter Administration), 1976-1981",,카터,,카터,10,,,,,,,,,,
usa1-desc-카터-10.1,"Annie Gutierrez’s Subject File, compiled 1977-1980",,카터,,카터,10.1,,,,,,,,,,
usa1-desc-카터-10.1.1,Korean Bribes,한국인 수뢰,카터,1978년,카터,10.1.1,"- 한국인 박동선의 조사와 특별검사 배정 문제를 논의하는 과정에서 생산된 각종 비망록, 카터 대통령의 서신, 법무부 보도자료, 의회 회의록, 관련 이슈를 다룬 신문기사 등으로 이루어져 있다. [주요 기록물명] ∙ Letter to Annie Gutierrez from Judith Bartnoff, 11 Jan. 1977 attached : Memorandum for Stu Eizenstat from Si Lazarus RE: Korean special prosecutor issue, 16 July 1977 ∙ Letter from Jimmy Carter to Senator Howard Baker: Special prosecutor to investigate allegations of the Korean Central Intelligence Agency’s involvement in domestic American politics ∙ Memorandum for Judy Bartnoff (Special Assistant) from Thomas H. Henderson, Jr. (Chief Public Integrity Section): Proposed Briefings for President Carter on the Korean Investigation, 11 Jan. 1978 ∙ Meeting minutes: Meeting of the Griffin B. Bell (Attorney General of the US) with Freshman and Sophomore Members of the US House of Representatives on the KCIA Investigation, 27 Jul. 1977 ∙ Copy of Newspaper The New York Times Apr 10, 1977 “The Korean Probes Are Stil Very Much Alive” ∙ Copy of Newspaper The Washington Post, Feb 11, 1978 “ Park Testimony Likely to Yield 2 Indictments” ∙ Copy of Newspaper The Washington Post, June 2, 1978 “Seoul Pressed US Firm To Help Pay Park’s Costs”",한국인 수뢰,41매,09-3-0026,25,206,,,,
usa1-desc-카터-11,"JC-EA: Records of the Office of the Special Assistant for Ethnic Affairs (Carter Administration), 1977-1981",,카터,,카터,11,,,,,,,,,,
usa1-desc-카터-11.1,"Stephen Aiello’s Subject Files, compiled 1980-1981",,카터,,카터,11.1,,,,,,,,,,
usa1-desc-카터-11.1.1,Korea and Amnesty International,한국과 국제사면위원회,카터,1979년,카터,11.1.1,"- 김대중에게 내려진 사형선고에 대한 우려에 동의하며 자신들이 재판과정에서 어떠한 노력을 했는지 설명하기 위해 대통령 인종문제특별보좌관 Stephen R. Aiello가 국제 사면위원회 의장 Vincent McGee에게 보낸 서신이다. [주요 기록물명] ∙ Letter from Stephen R. Aiello (Special Assistant for Ethnic Affairs) to Vincent McGee (Chairman of the Board, Amnesty International), 23 Oct. 1980",한국과 국제사면위원회,1매,09-3-0027,6,207,,,,
usa1-desc-카터-11.1.2,South Korea,남한,카터,1967년,카터,11.1.2,"- 카터대통령에게 방한일정을 취소할것을 요구하는 Donald W. Shriver Jr.의 주장과 한국내 야당의 민주화 요구와 그에 대한 억압을 보도한 신문기사를 첨부하여, 백악관 언론담당부서에서 Stephen Aiello에게 보낸 메모이다. [주요 기록물명] ∙ Memo for Stephen Aiello from White House News Summary Office, 22 May 1979 : Attached are Copy of Newspaper Richmond Times-Dispatch May 20, 1979 “Carter Urged to Speak Out or Cancel Trip”, Copy of Newspaper The New York Times June 19, 1979 “South Korea Opposition Leader Barred from Meeting Dissident”",남한,4매,09-3-0028,9,207,,,,
usa1-desc-카터-12,"JC-FL: Records of the First Lady’s Office (Carter Administration), 1977-1981",,카터,,카터,12,,,,,,,,,,
usa1-desc-카터-12.1,"Mary Hoyt’s Foreign Trips Files, compiled 1977-1981",,카터,,카터,12.1,,,,,,,,,,
usa1-desc-카터-12.1.1,Rosalynn Carter’s Trip to Japan and Korea,영부인 로잘린 카터의 일본과 한국 방문,카터,1979년,카터,12.1.1,"- 카터 대통령의 일본 및 한국 방문 기간 중 영부인 Rosalynn Carter의 일정 관련 문서 모음. 비행 일정, 일자별 스케줄, 방문지에서의 담화문 초안 (수기와 타이핑이 섞여있음), 영애 박근혜와의 만남을 기록한 메모 등으로 구성되어 있다.",영부인 로잘린 카터의 일본과 한국 방문,28매,09-3-0029,27,208,"MRS. CARTER’S PROGRAM STATE VISIT TO JAPAN AND TOKYO ECONOMIC SUMMIT | TENTATIVE SCHEDULE, TRIP OF THE FIRST LADY TO JAPAN | Talking Points for the First Lady’s Visit with Peace Corps Volunteers in Korea | Mrs. Carter’s meeting with Miss Park, Blue House, Seoul, Korea June 30, 1979",,,
usa1-desc-카터-12.2,"Mary Hoyt’s Press Clippings Files, compiled 1977-1981",,카터,,카터,12.2,,,,,,,,,,
usa1-desc-카터-12.2.1,"Trip to Japan and Korea, 6/23-29/79","일본과 한국 방문, 06/23-29/1979",카터,1979년,카터,12.2.1,"- 카터대통령의 일본 및 한국 방문 기간 중 대통령 가족의 동정을 소개한 미국 주요일 간지의 기사, 사진, 전신 등으로 이루어져 있다.","일본과 한국 방문, 06/23-29/1979",28매,09-3-0030,65,209,"Korea Herald, Washington Post, L.A. Times, AP Telegram | Photos (Newspaper) of the Carters in Japan and Korea",,,
usa1-desc-카터-12.3,"Jane Fenderson’s Foreign Trips Files, compiled 1977-1981",,카터,,카터,12.3,,,,,,,,,,
usa1-desc-카터-12.3.1,"South Korea, 6/29/79-7/1/79",남한 6/29/79-7/1/79,카터,1979년,카터,12.3.1,"- 카터 대통령의 한국 및 일본 방문과 관련하여 대통령 내외 및 수행원들의 세부일정표, 호텔 예약 내역, 방문지 정보, 카터여사의 기자회견 일정 및 주한미대사관 직원 대상 연설문 요지 등을 정리한 비망록과 방문 후 주한미대사관 직원 등과 주고 받은 서신 등으로 이루어져 있다.",남한 6/29/79-7/1/79,64매,09-3-0031,23,209,"Memorandum for Fran Voorde (Deputy Appointment Secretary to the President) from Mary E. King (Deputy Director): Presidential visit with peace corps volunteers in Korea, 4 May 1979 | Memorandum to Mrs. Carter from Carroll Ann Rambo: Japan/Korea schedule, 26 May 1979 | Memorandum for Staff Advance Office from BG Blasingame: Communications sup- port in Japan, 29 May 1979 | Memorandum for USSS from Ellis Woodward: Advance team assignments | Memorandum on Miyako Hotel- Room Assignments and Telephone List | Mrs. Carter’s Meeting with Embassy Staff Talking Points, 26 Jun. 1979",,,
usa1-desc-카터-12.4,"Subject Files, compiled 1977-1981",,카터,,카터,12.4,,,,,,,,,,
usa1-desc-카터-12.4.1,South Korea,남한,카터,1979년,카터,12.4.1,"- 카터 대통령 부부가 한국의 단체 및 개인과 주고 받은 서신들과 서신의 전달과정에서 발생한 문서 모음. 로잘린 카터에게 온 3.1민주구국선언사건 구속자 부인들의 청원서와 그에 대한 Rober G. Rich Jr. 한국문제 담당자의 답신, 카터대통령의 애도편지에 대한 답장으로 최규하 대통령권한대행이 보낸 감사편지 등으로 이루어져 있다.",남한,21매,09-3-0032,5,210,"Individual referral request to DOS: the March First Incident wives | Memorandum for Zbigniew Brzezinski from Peter Tarnoff (Attach. Letterf from Acting Korean President), 23 Nov. 1979 | Letter to Mrs. Posun Yun from Robert G. Rich Jr., 4 April 1978 | Letter to Mrs. Carter from The March First Incident Wives | Letter to Kathryn Cade from Virginia Baron, 25 Sep. 1978.",,,
usa1-desc-카터-12.4.2,"Trips-Japan and Korea, 6/23-7/1/79[1]","방문-일본과 한국, 1979년 6월23일-7월1일 [1]",카터,1979년,카터,12.4.2,- 영부인 로잘린 카터가 주한미국공관차석 Thomas Stern부부에게 보낸 감사편지와 박근혜에게 보낸 감사편지(서명 아래 친필로 메모)로 이루어져 있다.,"방문-일본과 한국, 1979년 6월23일-7월1일 [1]",2매,09-3-0033,132,211,"Letter from Mrs. Carter to Tom and Vivian Stern, 5 Jul. 1979 | Letter from Mrs. Carter to Park Keun-Hae,7 Jul. 1979",,,
usa1-desc-카터-12.4.3,"Trips-Japan and Korea, 6/23-7/01/1979 [2]","방문-일본과 한국, 1979년 6월23일-7월1일 [2]",카터,1979년,카터,12.4.3,"- 방한 시 받은 도움에 대한 감사편지와 사전에 청탁받은 사항에 대한 보고 차원에서 영부인 측이 보낸 서신 모음. 캐롤 램보가 토마스 스턴 주한미국공관 차석에게 카터 가족의 방한 중 사진을 첨부하여 보낸 편지, 수감 중인 조화순 목사 구명을 위해 연합 감리교회 목사 마샬 에스티가 로잘린 카터에게 보내온 편지에 대한 영부인일정담당 비서 제인 펜더슨의 답신, 국립음악원 송방송 단장에게 보내는 로잘린 카터의 감사편지 등으로 이루어져 있다.","방문-일본과 한국, 1979년 6월23일-7월1일 [2]",33매,09-3-0034,133,211,"Letter from Carroll Ann Rambo to Thomas Stern (Enclosed photos with Mrs.Carter’s note), 13 Aug. 1979 | Letters from Rosalyn Carter to Mrs. Kae Won Kim, 13, 14 Aug. 1979 | Letter from Rosalyn Carter to Ok Yul Kim, 6 Sep. 1979 | Letter from Jane Fenderson (Director of Scheduling for Rosalyn Carter) to Marshall Esty (Pastor of The United Methodist Church), 7 Sep. 1979 | Letter to Madame Presidnet(Mrs. Carter) from Kim Eung-Yong, 13 Aug. 1979 | Letter to Albert C. Mongeon from Rhonda Bush, 16 Nov. 1979 | Letter to Bang-song Song from Rosalyn Carter, 5 Jul. 1979 | Letter to Albert Webster from Rosalyn Carter, 13 Jul. 1979 | Letter to Jimmy Carter from Sampson R. Field, 6 Jun. 1979",,,
usa1-desc-카터-13,"JC-HH: Hendrik Hertzberg Papers, 1977-1981",,카터,,카터,13,,,,,,,,,,
usa1-desc-카터-13.1,"Hendrik Hertzberg’s Trip Files, compiled 1977-1981",,카터,,카터,13.1,,,,,,,,,,
usa1-desc-카터-13.1.1,"Japan and Korea, June-July 1979 [2]","일본과 한국, 1979년 6월-7월[2]",카터,1979년,카터,13.1.1,- 1979년 6월 30일 로잘린 카터의 일정요약표 (오전9시40분 환영행사부터 오후1시20분 창덕궁 방문까지),"일본과 한국, 1979년 6월-7월[2]",3매,09-3-0035,41,212,Summary Schedule for Mrs. Carter (06/23/1979),,,
usa1-desc-카터-13.1.2,"Japan and Korea, June-July 1979, Background Papers[3]",일본과 한국 1979년 6월-7월[3] 사전준비자료,카터,1979년,카터,13.1.2,"- 한국에 대한 배경정보를 정리한 자료 모음. 한국의 역사, 지리, 외교, 정치, 인권 상황과 한미관계 쟁점, 미군 기지 정보와 주한미국공관 관계자 프로필, 박정희대통령과 내각 관료들의 프로필 등을 포함하고 있다.",일본과 한국 1979년 6월-7월[3] 사전준비자료,56매,09-3-0036,41,212,Background Notes,,,
usa1-desc-카터-13.1.3,"Korea, June-July 1979[1]",한국 1979년 6월-7월[1],카터,1979년,카터,13.1.3,"- 지미 카터 대통령의 한국방문 중 스케줄로 1979년 6월29일 부터 7월1일 까지의 방문지 예상동선, 방문지 도면, 영부인 스케줄, 동행자 명단과 숙소명 등을 포함하고 있다.",한국 1979년 6월-7월[1],43매,09-3-0037,41,213,Schedule for President Carter’s Visit to Korea (6/29-7/1/1979),,,
usa1-desc-카터-13.1.4,"Korea, June-July 1979[2]",한국 1979년 6월-7월[2],카터,1979년,카터,13.1.4,"- 지미 카터 대통령의 한국방문 중 스케줄로 1979년 6월29일 부터 7월1일 까지의 방문지 예상동선, 방문지 도면, 영부인 스케줄, 동행자 명단과 숙소명 등을 포함하고 있다.",한국 1979년 6월-7월[2],82매,09-3-0038,41,213,Schedule for President Carter’S VISIT to Korea (6/29-7/1/1979),,,
usa1-desc-카터-14,"JC-JODPOW: Jody Powell Papers, 1977-1981",,카터,,카터,14,,,,,,,,,,
usa1-desc-카터-14.1,"Personal Files, compiled 1971-1981",,카터,,카터,14.1,,,,,,,,,,
usa1-desc-카터-14.1.1,"Trip: Japan, Hawaii, and Korea, 6/23/79-7/1/79[3]","방문 : 일본, 하와이, 한국 1979년6월23일-7월1일[3]",카터,1979년,카터,14.1.1,- 순방일정 후 7월1일 대통령전용기에서 이루어진 브리핑 자료. 수기로 첨삭되어 있으며 한반도 안보 관련 쟁점 등을 포함하고 있다.,"방문 : 일본, 하와이, 한국 1979년6월23일-7월1일[3]",19매,09-3-0039,51,214,Background Briefing (07/01/1979 Abroad Air force One),,,
usa1-desc-카터-14.1.2,"Trip: Japan, Hawaii, and Korea, 6/23/79-7/1/79[4]","방문 : 일본, 하와이, 한국 1979년6월23일-7월1일[4]",카터,1979년,카터,14.1.2,"- 백악관 보도담당 비서실에서 카터대통령의 순방일정을 기자단에 알리기 위해 작성한 일정요약표, 한국에 대한 배경자료, 미국무부에서 출간된 FET(Foreign Economic Trend and Their Implications for the United State)에 실린 주미대사관의 한국경제 보고서, 홀브룩 국무부 동아시아차관보의 한미관계 쟁점에 관한 글 모음 등으로 이루어져 있다.","방문 : 일본, 하와이, 한국 1979년6월23일-7월1일[4]",48매,09-3-0040,52,214,"Notic=-kground notes Rep. of Korea, Jun. 1979",,,
usa1-desc-카터-14.1.3,South Korea,남한,카터,1976년,카터,14.1.3,- 1976년 8월 18일에 일어난 판문점사건에 대한 미군과 남한의 강경한 반응을 다룬 AP의 서울발 전신과 병역기피자 사면을 포함하는 지미 카터의 대통령선거캠페인 내용에 대한 워싱턴발 AP 전신으로 이루어져 있다.,남한,4매,09-3-0041,35,215,AP TELEGRAMS,,,
usa1-desc-카터-15,"JC-NSA: Records of The office of The National Security Advisor (Carter Administration), 1977-1981",,카터,,카터,15,,,,,,,,,,
usa1-desc-카터-15.1,"Zbigniew Brzezinski’s Country Files, compiled 1977-1981",,카터,,카터,15.1,,,,,,,,,,
usa1-desc-카터-15.1.1,Far East: 1/77-1/81,극동: 1977년 1월-1981년 1월,카터,1978년,카터,15.1.1,- 백악관 국가안보보좌관 Z. Brzezinski가 카터대통령에게 주일대사 Michael Mansfield의 아시아 태평양 지역문제에 대한 견해를 전달하기 위해 보낸 비망록이다.,극동: 1977년 1월-1981년 1월,2매,09-3-0042,22,215,"Memorandum for the President from Z. Brzezinski: Mansfield’s thoughts on Asia and the Pacific, 16 Feb. 1978",,,
usa1-desc-카터-15.1.2,"Korea, Democratic People’s Republic of: Shootdown of U.S. Helicopter in Korean DMZ, 7/77",주한미군헬기 북한 피격 사건(1977.7),카터,1977년,카터,15.1.2,"- 1977년 7월 14일 북한의 미군 헬기(CH 47헬기) 격추 사건과 관련해 국무부와 백악관, CIA, 국방부와 주한미국대사관, 군사정전위원회(MAC)가 주고 받은 전신과 비망록 모음으로, 사고일지, 좌표, 생존자 및 부상자 명단, 사건에 대한 백악관의 입장 요구, 사망자 시신 인도 및 부상자 귀환을 위한 북한과의 교섭 내용 등을 포함하고 있다. 6건의 문서에 비공개 부분이 포함되어 있으며 14건의 전신이 비공개되어 있다. (제한 사유: A)",주한미군헬기 북한 피격 사건(1977.7),59매,09-3-0043,43,216,"Telegrams RE: CH-47 DOWNING, 14-16 Jul. 1977 | Memorandum for Z. Brzezinski from Dennis Champman: North Korean release of U.S. helicopter crew, 16 Jul. 1977 | Memorandum to J30, J33 RE:Korea Incidents List(U), 14 Jul. 1977 | Memorandum for the record from Dennis Chapman RE: Shootdown of U.S. Helicopter in Korean DMZ - Information as of 0500, July 14",,,
usa1-desc-카터-15.1.3,"Korea, Democratic People’s Republic of, 1/77-1/81","북한, 1977년 1월-1981년 1월",카터,"1977, 1979년",카터,15.1.3,"- 북한에 대한 관점과 정책을 다룬 NSC, 백악관, 국무부의 비망록 모음으로, 주한미군 철수 시 예상할 수 있는 북한의 반응을 제시하여 Mike Armacost가 Zbigniew Brzezinski에게 보낸 비망록, 북한의 남북대화 제의의 배경과 저의를 분석하여 Brzezinski가 대통령에게 보낸 비망록, 박정희대통령의 남북대화 의지에 대한 백악관의 입장을 적시하여 Brzezinski가 국무장관에게 보낸 비망록 등을 포함하고 있다. 1건의 문서가 비공개이다. (제한사유: A)","북한, 1977년 1월-1981년 1월",23매,09-3-0044,43,216,"Memorandum for Z.Brzezinski from Mike Armacost RE:Contacts and Communications with North Korea, 28 Feb. 1977 | Memorandum for Z.Brzezinski from Mike Armacost RE:North Korean Reductions, 12 Apr. 1977 | Memorandum for the President from Z.Brzezinski RE: North Korean Proposal for Discussions of Reunification with South Korea, 10 Mar. 1977 | Memorandum for Z.Brzezinski from Nick Platt RE:U.S. Negotiations with North Korea, 14 Sep. 1978 | Memorandum for Peter Tarnoff from Christine Dodson RE:HIRC Request for our Responses to North Korean Approaches, 28 Apr. 1978",,,
usa1-desc-카터-15.1.4,"Korea, Republic of: President Park Assassination, 5/79-10/27/79","북한, 1977년 1월-1981년 1월",카터,1979년,카터,15.1.4,"- 10·26 사태(박정희대통령 서거)의 경과, 사건 이후의 상황 및 사회 동향 등을 다룬 전신과 보고서 모음으로, 비상계엄선포 과정, 최규하 국무총리의 대통령 권한 대행, 계엄령의 내용, 대학가의 동향, 계엄령하에서의 군통제상황, 김영삼 신민당총재의 반응 등의 내용을 포함하고 있음. 대부분의 문서가 부분 비공개 처리되어 있으며 30건의 문서가 비공개이다. (제한사유: A)","북한, 1977년 1월-1981년 1월",115매,09-3-0045,45,217,"Telegram from CIA to Secratery of State, 27 Oct. 1979 | Telegram from CIA to NSC, 27 Oct. 1979 | Telegram from Amembassy Seoul to Secstate WashDC, 27 Oct. 1979 | Telegram from American Embassy to SecState | CIA Intelligence Information Cables RE:ATMOSPHERICS ON THE STUDENT, Senior ROK Military Consensus That Domestic Situation Has Deteriorated; Transfer of Infantry Regiments to Control of Capital Security Command in the Event of Martial Law in Seoul, Economic Ministers' discussions of economic complaints of the South Korean people and policy recommendations to redress economic grievances, 26 Oct. 1979 | Telegram RE: South Korea : PAK Assassinated, 26 Oct. 1979 | Telegram from Amembassy to Secstate WashDC RE:President Park “Incapacitated” (DEAD)-Prime Minister takes over, Martial law declared, 26 Oct. 1979 | Memorandum for the President from Cyrus Vance RE:U.S. Delegation to the State Funeral for Korean President Park Chung Hee | CIA Intelligence Information Cables RE: South Korean opposition New Democratic Part initial reaction to the death of president Park Chong Hui, Situation report as of 0800 hours, 1200 hours local time 27 Oct. 1979 | Telegram from DIA WASHINGTON DC to DIACURINTEL RE: SOUTH KOREA : Situation update, 27 Oct. 1979 | Telegram from Amembassy New Delhi to Secstate, 27 Oct. 1979",,,
usa1-desc-카터-15.1.5,"Korea, Republic of: President Park Assassination, 10/28/79-12/79",대한민국: 10·26 사태 10/28/79-12/79,카터,1979년,카터,15.1.5,"- 10·26 사태 이후의 한국 내 상황과 이에 대한 미국의 입장을 내용으로 하는 전신, 보고서, 비망록 모음으로, 10·26 이후 대학가의 동정에 대해 CIA가 국무부 등에 보낸 전신, 미국방부장관이 태평양지구총사령관에게 보낸 미군의 지원, 군대 배치 등에 대한 Q&A 가이드, 10·26사태에 대한 미국정부의 발표문 교정과정에서 작성된 비망록 등으로 이루어져 있으며. 일부 문서는 부분 비공개 내용이 포함되어 있다.",대한민국: 10·26 사태 10/28/79-12/79,47매,09-3-0046,45,218,"Telegram FBIS: Details of Park Death | CIA Intelligence Information Cable: Student’s Perceptions of the Political Situation Following the Death of President Park Chong Hui, 28 Oct. 1979 | Information Report of Intelligence Information Cable: Situation Report as of 1600 Hours Local Time (DOI: 28 October 1979) | Telegram from Am Embassy to SecState et al.: ROK Announces Partial Investigative Results on President’s Death | Telegram from CIA to DOS et al.: The Role of KNP Under Martial Law and Assessment of the Local Situation | Telegram from An Embassy (Seoul) to USINFO (Washington): Speicial Media Reaction to Death of President Park, 28 Oct. 1979 | Memorandum for Z.Brzezinski from Nick Platt: Korean Coup Statement, 13 Dec. 1979 | Telegram from Amembassy Tokyo to Secstate WashDC, 29 Oct. 1979 | Telegram from Amembassy Seoul to Secstate WashDC, 29 Oct. 1979",,,
usa1-desc-카터-15.1.6,"Korea, Republic of: 1/77-1/81",대한민국: 1977년 1월-1981년 1월1일,카터,1977-1981년,카터,15.1.6,"- 이 폴더의 자료들은 국가 안보를 위해 모두 비공개로, Remote Archives Capture (RAC) 프로젝트에 포함되어 조사 중이며, 이후 이 폴더에는 새로운 자료들이 대체될 예정이다.",대한민국: 1977년 1월-1981년 1월1일,1매,09-3-0047,45,219,,,,
usa1-desc-카터-15.1.7,"Korea, Republic of: 1-4/77",대한민국: 1977년 1월-4월,카터,1977년,카터,15.1.7,"- 주한미국대사관과 국무부가 주고 받은 전신, NSC가 백악관에 보낸 비망록 등으로 이루어져 있으며 주한미군 철수와 한국으로의 특사 파견, 파키스탄을 이용한 북한과의 접촉 시도, 신임 주미대사(김용식)의 프로필, 한국 내 인권문제와 이에 대한 박정희대 통령의 태도 등의 내용을 포함하고 있으며. 17건의 문서가 비공개이다. (제한사유: A)",대한민국: 1977년 1월-4월,112매,09-3-0048,43,219,"Telegram from AmEmbassy to SecState: ROK Agency for Defense Development and JUSMAG-I Relationships, 21. Jan. 1977 | Memorandum for Zbigniew Brzezinski from Mike Armacost: General Vessey’s Testimony on Korean Troop Withdrawals, 2 Feb. 1977 | Telegram from SecState to AmEmbassy: Your Feb. 9 Conversation with Fonmin Pak | Telegram from AmEmbassy to SecState: Approaches to Pakistanis on US-North Korean Contacts | Memorandum for C.Arthur Borg from Michael Hornblow: Presidential Appointment for Korean Foreign Minister | Telegram from SecState to White House: Korea Troop Withdrawal and Human Rights, 04 Mar. 1977 | Memorandum for The President from Z. Brzezinski: Letter on Human Rights from South Koreans | Memorandum for Z. Brzezinski from Mike Armacost : Don Fraser's Letter about Human Rights in Korea, 20 April 1977 | Draft letter to Mr. Chairman from Douglas J. Bennet Jr. | Telegram from Amembassy Seoul to SecState RE:Reply to President Carter's Letter, 26 Feb. 1977 | Memorandum for the President from Z. Brzezinski RE:President Park's Reply to Your Letter of February 15, 5 Mar. 1977 | Memorandum for the Secretary of State RE:Release of Kim Dae Jung, 26 Apr. 1977 | Meeting with South Korean Foreign Minister Pak Tong-Chin, Mar. 1977 from Z. Brzezinski, 8 March 1977",,,
usa1-desc-카터-15.1.8,"Korea, Republic of: 5-6/77 3/14/67",대한민국: 1977년 5월-6월,카터,1977년,카터,15.1.8,"- 주한미군 철군 문제와 한국 내 인권문제 등에 대한 자문을 위해 해롤드 브라운 합참 본부장(JCS)과 필립 하빕 국무부 정치차관을 한국에 특사로 파견하는 과정에서 발생한 NSC, 백악관, 국무부의 비망록, 회의록과 특사 활동 결과를 요약한 국무부와 주한미 대사관의 전신, 국무부와 백악관의 비망록으로 등으로 이루어져 있으며 총 13건의 문서가 비공개이다. (제한사유: A)",대한민국: 1977년 5월-6월,119매,09-3-0049,43,221,Telegram from American Embassy to Secratery of State: U.S. Ground Force Withdrawal: Consultations with President Park | Memorandum for Z. Brzezinski from Mike Armacost: Speicial Emissary to Korea | Memorandum for the President fromZ. Brzezinski: Your Meeting with General Brown and Phil Habib | Draft Letter to President Park from Jimmy Carter,,,
usa1-desc-카터-15.1.9,"Korea, Republic of: 7-9/77",대한민국: 1977년 7월-8월,카터,1977년,카터,15.1.9,"- 특사 해롤드 브라운의 방한을 준비하고 한국 관련 이슈를 분석하는 과정에서 발생한 NSC와 백악관 등의 전신과 비망록 모음으로, 對韓 정책에 대한 의회의 반응, 남북대화에 대한 미국의 입장, 박동선의 소환과 미군철수를 위한 입법의 전망과 전략, 브라운 특사와 대통령의 면담 스케줄, 한국에 대한 새로운 안보 지원 정책 등의 내용이 포함되어 있으며 총 6건의 문서가 비공개이다. (제한사유: A)",대한민국: 1977년 7월-8월,80매,09-3-0050,43,221,"Telegram from Secratery of State to AmEmbassy Seoul: Visit of Under Secretary Habib, 5 May 1977 | Memorandum for the President from Z. Brzezinski:You Meeting with General Brown and Phil Habib, 20 May 1977 | Memorandum for Z. Brzezinski from Mike Armacost: President’s Meeting with Harold Brown | Memorandum for the President from Z. Brzezinski: Congressional Reactions to Our Korean Policy | Memorandum for Mike Armacost from Rick Inderfueth | Memorandum for the President from H.Brown: My Trip to Korea | Memorandum for Z. Brzezinski from Mike Armacos: Special Emissary to Korea, 2 May 1977 | Memorandum for the President :U.S. Policy in Korea, 16 May 1977 | Memorandum for the President from Warren Christopher: U.S. Policy in Korea: Withdrawl of Ground Combat Forces, 19 May. 1977 | Memorandum for the President from David Aaron:Brown/Habib Report on Korea, 29 May 1977",,,
usa1-desc-카터-15.1.10,"Korea, Republic of: 10-12/78",대한민국: 1978년 10월-12월,카터,1978년,카터,15.1.10,"- 한국에 대한 안보지원 및 주한미군 철수 문제와 관련하여 NSC, 백악관, 국무부 등에서 작성한 비망록 모음으로, 미군철수 결정의 이유, 한국군 현대화 계획, 상호 안보 유지를 위한 미국의 역할, 철군에 따른 전망 등을 담고있는 한국문제 보고서(1977), 미군철수와 관련한 일본의 재정지원 가능성을 타진하는 마이크 알마코스트와 브레진스키의 비망록, 박동진 외무장관과 브레진스키 간의 면담 내용을 포함하고 있는 국무부의 비망록 (홀브룩 동아시아 차관보와 박동진 외무장관의 면담내용 첨부: 부분비공개), 브라운 장관의 방한후 한미관계의 우호와 협력 증진을 강조하며 카터대통령이 박정희 대통령에게 보낸 서신, 대통령 연설초안과 성명서(비전투병력의 재배치, 1978년 12월 1개 전투대대 철수, 한국의 미공군력 증가계획) 등으로 이루어져 있으며 총 7건의 문서가 비공개이다. (제한사유: A)",대한민국: 1978년 10월-12월,104매,09-3-0051,43,222,"Memorandum for the Secretary of State from Zbigniew Brezinski:Security Assistance report on Korea, 6 Dec. 1977 | Memorandum for Zbigniew Brezinski from Mike Armacost: Aid to Korea, 30 Dec. 1977 | Memorandum for Department of Stare from Peter Tarnoff: Request for An Appointment with the President for Ambassador Sneider-Korea, 18 Feb. 1978 | Statement of The President | Memorandum for Holbrooke from Ambassador Sneider: Impressions on East Asia, 27 Jul. 1978 | Memorandum for The President from Warren Christopher: Proposed Letters to Congressional Leadership on Korean Troop Withdrawal Planning | Memorandum for Zbigniew Brezinski, David Aaron from Christine Dodson, 20 Jan. | Memorandum for the President from Z. Brezinski: Jaworski’s Insistence on Access to Kim Dong-jo, 7 Feb. 1978 | Memorandum for the President from Z. Brezinski: Korean Troop Withdrawals | Memorandum for Z. Brezinski from Mike Armacost RE: Korea: Resumption of Direct North-South Contacts, 24 Apr. 1978 | Memorandum for Z. Brezinski from Nick Platt: Your appointment with Korean Foreign Mnister Park Tong-chin Sep. 29, 29 Sep. 1978",,,
usa1-desc-카터-15.1.11,"Korea, Republic of: 1-6/79",대한민국: 1-6/79,카터,1979년,카터,15.1.11,"- 남북관계 관련 제 문제와 미국의 입장에 대한 백악관, NSC, 국무부의 비망록 및 보고서 모음으로, 남북간 군사분계선 표지판 유지보수 계획서(부분 비공개), 한국 내 인권문제와 관련하여 함석헌 윤보선 김대중이 공동명의로 지미카터 대통령에게 보낸 서신, 카터 대통령의 방한 결정 및 일정 수립과정을 보여주는 비망록, 삼자회담에 대한 남북의 입장을 분석한 주한 미 대사관의 보고서 등으로 이루어져 있다. DMZ 표지판 유지 보수 보고서를 비롯하여 총 10건의 문서가 비공개이다.(제한사유: A)",대한민국: 1-6/79,93매,09-3-0052,44,223,"Memorandum for the Secretary of Defense: Plan for Marker Maintenance | Memorandum for Zbigniew Brezinski from Peter Tarnoff:Call by Ambassador Gleysteen, 24 Jan. 1979 | Memorandum for Zbigniew Brezinski from Peter Tarnoff:Letters to the President from Former President of Korea Yun Po Sun, Kim Dae Jung and Ham Sok Hon, 2 Mar. 1979 | Memorandum for Zbigniew Brezinski from Nick Platt: Seoul’s Response to Pyongyang | Telegram from American Embassy, Seoul to Secratery of State: Coordination of Initiative with President Park to Reduce Tensions on the Korean Peninsula, 8 Jun. | Memorandum for Zbigniew Brezinski from Jone E. Reinhard: Opinion Survey of US-Korean Economic and Security issues, 22 Jun. 1979 | Memorandum for Zbigniew Brezinski from Nick Platt:Increased ROK Defense Spending, 31 May 1979",,,
usa1-desc-카터-15.1.12,"Korea, Republic of: 7-12/79",대한민국: 7-12/79,카터,1979년,카터,15.1.12,"- 주한미군 철수 등 안보 및 군사문제와 관련한 한국과의 교류 과정에서 만들어진 백악관과 NSC의 비망록 모음으로, 의회 군(軍)서비스위원회의 존스 연합사령관과 메이어 육군사령관의 주한미군철수 관련 증언에 대한 분석을 다룬 비망록, 주한미군의 단계적 철수 정책을 언급한 성명서, 한국 내 정치상황에 대한 보고서, 한국과의 F-5전투기 공동생산 요청과 승인 과정에서 발생한 비망록, 박정희대통령 국장 조문대표단 구성에 관한 비망록, 한국 비무장지대에서 있었던 폭발사고(1979.12.6)를 알리는 국가군사 지휘본부의 비망록 등으로 구성되어 있으며, 총 6건의 문서가 비공개이다. (제한사유: A)",대한민국: 7-12/79,78매,09-3-0053,44,224,"Memorandum for Zbigniew Brezinski from Donald Gregg: Proposed Testimony by JCS Chief, General Jones and Army Chief of Staff, General Meyer, 16 Jul. 1979 | Memorandum for Zbigniew Brezinski from Nick Platt: Announcement on Korean Troop Withdrawal Policy, 19 Jul. 1979 | Memorandum for Peter Tarnoff et al. from Christine Dodson: Proposed Oral Presidential Message to ROK President Park, 1 Oct. 1979 | Memorandum for Zbigniew Brezinski from Robert M. Kimmitt: Korean F-5 Coproduction Request, 15 Oct. 1979 | Telegram to Secratery of State, Washigton D.C. from American Embassy, Seoul: Korea Focus-Establishment of Series | Memorandum for Zbigniew Brezinsk from Nick Platt:Talks with the ROK on Contacts with North Korea, 26 Oct. 1979 | Memorandum for Zbigniew Brezinsk from Nick Platt;Sensitive Materials on Korea, Nov. 1979",,,
usa1-desc-카터-15.1.13,"Korea, Republic of: 1-5/80",대한민국: 1-5/80,카터,1980년,카터,15.1.13,"- 주한미국대사관과 미 국무부가 주고 받은 전신 모음으로, 솔라즈 의원의 방북관련 이슈, 한국에서의 시위 진압 시 군사이동 계획, 광주사태에 대한 분석 및 미국의 입장, 남북간 군사분계선 시설 유지보수와 관련한 DMZ내의 분위기, 글라이스틴 주한 미대사의 한국 정치상황 분석 등의 내용을 포함하고 있으며 총 20건의 문서가 비공개이다. (제한사유: A)",대한민국: 1-5/80,66매,09-3-0054,44,225,"Cable of Secretary of State to American Embassy: Potential Solarz Codel to North and South Korea, 10 Mar. 1980 | Cable from AmEmbassy, Seoul to Secretary of State: Conversation with Blue House Regarding U.S./ROK Military Cooperation | Memorandum for David Aaron from Donald Gregg: US Troops in Korea, 9 Apr. | Cable from AmEmbassy Seoul to SecState:MDL Marker Maintence, 18 Apr. 1980 | Cable from AmEmbassy Seoul to SecState: The Kwangju Crisis, 21 May 1980 | Cable from AmEmbassy Seoul to SecState: Possible further U.S. Statement on Kwangju Crisis, 22 May 1980 | Cable from SecState to AmEmbassy Seoul:The North-South Dialogue and Potential Codel Visit to North Korea, 6 Mar. 1980 | Cable from AmEmbassy Seoul to SecState:Yet Another Assessment of ROK Stability and Political Development, 12 Mar. 1980",,,
usa1-desc-카터-15.1.14,"Korea, Republic of: 6-8/80",대한민국: 6-8/80,카터,1980년,카터,15.1.14,"- NSC의 도널드 그렉과 백악관 안보보좌관 브레진스키가 주고 받은 비망록이 대부분을 이루고 있으며, 전두환 위원장과의 만남 시 주한 미대사 글라이스틴 위한 지침, 스탠 스필드 터너 CIA 국장의 대(對)한국정책 옵션을 분석한 도널드 그렉의 의견, 한국 내 정치상황과 관련한 미국의 대응, 김대중 재판과 관련하여 카터 대통령의 친서를 전두환 위원장에게 전달할 것이라는 내용(편지 전문 포함) 등을 포함하고 있다. 총 14건의 문서가 비공개이다.(제한사유: A)",대한민국: 6-8/80,14매,09-3-0055,44,226,"Memorandum for Z. Brzezinski from Donald Gregg: US-Korean Relations: Instructions to Ambassador Gleysteen, 1 Jul. 1980 | Memorandum for Z. Brzezinski from Donald Gregg: United States Government Reactions to Events in Korea, 14 Aug. 1980 | Cable AmEmbassy Seoul to SecState: Change in the Presidency, 15 Aug. 1980 | Memorandum for Z. Brzezinski and David Aaron from Roger W. Sullivan: US Policy Options in Connection with the Kim Dae Jung Trial, 20 Aug. 1980 | Cable SecState to AmEmbassy Seoul: Messages from the President to President Chun of Korea, 29 Aug. 1980",,,
usa1-desc-카터-15.1.15,"Korea, Republic of: 9/80-1/81",대한민국: 9/80-1/81,카터,1980-1981년,카터,15.1.15,"- 김대중에 대한 감형을 모색하는 과정에서 생산된 백악관, 국무부, 주한 미 대사관의 비망록, 전신, 서신 등으로 이루어져 있으며 총 25건의 문서가 비공개이다. (제한사유: A)",대한민국: 9/80-1/81,74매,09-3-0056,44,227,"Telegram from American Embassy to Secretary of State: President Chun’s Response to President Carter, 10 Sep. 1980 | Memorandum for Z. Brzezinski from Donald Gregg: Kim Dae Jung, 19 Sep. 1980 | Note from David Aaron to Z.Brzezinski: Telegram from SecState to AmEmbassy: Secretary Brown Visit to Korea | Memorandum for the President from Z. Brzezinski: Korean Rice Imports | Letter to the President from Mrs. Kim, Dae Jung | Telegram from AmEmbassy Seoul to SecState RE:Codel Solarz:Comments on ROK Foreign Minister on Kim Dae Jung and other subjects, 29 Dec. 1980",,,
usa1-desc-카터-15.1.16,"Korea, Republic of: DOD Transmission to Congress re Korean Troop Withdrawals, 4/77-6/77","대한민국: 주한미군 철수에 대한 국방부의 의회전달 건, 4/77-6/77",카터,1977-1980년,카터,15.1.16,"- 주한미군 철수 등 한국 관련 내용의 비망록과 전신 모음으로, 주한미군철수와 관련한 미 합참본부(JCS)의 권고사항을 국방부가 의회에 전달한 사실에 대하여 NSC 중국- 동아시아 담당 마이크 알마코스트가 브레진스키에게 보낸 비망록(부분비공개), 주한미 지상군 철수 옵션을 논의하기 위해 미 합참본부와 태평양사령부, UN연합사령부와 태평양 총사령부가 주고받은 전신 모음, 단계적 철군에 따른 소요 경비와 남북한의 예상 전력 분석, 중거리핵전력(INF)의 감축이 가져올 영향 등을 다룬 전신, 최규하대통령의 사임 및 전두환 위원장과의 면담 추진 상황을 보고하기 위해 글레이스틴 주한미대사가 국무부에 보낸 전신, 김대중 사형 선고에 대한 의견과 한국정부에 취할 수 있는 경제 적 조치 등을 내용으로 스텐필드 터너 CIA국장이 브레진스키 백악관안보담당보좌관에 게 보낸 비망록 등으로 이루어져 있으며 총 6건의 문서가 비공개이다.","대한민국: 주한미군 철수에 대한 국방부의 의회전달 건, 4/77-6/77",122매,09-3-0057,44,228,"Memorandum for Z. Brzezinski from Mike Armacost: DOD Transmission to the Congress of JCS Recommendations Concerning Korean Troop Withdrawals, 29 Jun. | Memorandum for the Assistance to the President for National Secirity Affairs from M. Straser Holcomb: Transmittal of JCS Messages to Congressman Stratton’s Subcommittee on Investigations, HASC, 28 Jun. 1077 | Telegram from JCS, Washington D.C. to CINCPAC, Honolulu: Planning Options to Korea | Telegram from CINCUNC, Seoul to CINCPAC, Honolulu, 16 Jun. 1977 | Telegram from American Embassy, Seoul to Secretary of State: Change in the Presidency, 15 Aug. 1980 | Memorandum for Z. Brzezinski from Stansfield Turner: Korea: Policy Options",,,
usa1-desc-카터-15.1.17,"Korea, Republic of: Aircraft Incident-Soviet forcedown, 4/78-5/78",대한민국: 항공기 사고-소련 착륙,카터,1978년,카터,15.1.17,"- 1978년 4월 20일 파리를 출발하여 서울로 향하던 대한항공 보잉 707 여객기가 소련 영공을 침범하여 격추된 사건에 대한 전문과 비망록 모음으로, AP와 UP, TASS 통신을 통해 들어온 지급통신(至急通信), KAL기 항로 및 불시착지점, 지도를 첨부하여 백악관 상황실에서 안보담당보좌관 Z. Brzezinski에게 보낸 비망록, 워싱톤 포스트 지의 기사 (4/21), 정보조사국의 보고서와 군사정보국에서 만든 평가보고서 등으로 이루어져 있으며, 총 24건의 문서가 비공개이다. (제한사유: A)",대한민국: 항공기 사고-소련 착륙,43매,09-3-0058,44,229,"AP, UP, TASS | Memorandum for Z. Brzezinski from the Situation Room: South Korean Airliner | Memorandum for Z.Brzezinski/David Aaron from William E. Odom : Korean Airline Incident | Telegram from White House from AmEmbassy, MOSCOW | Intelligence Appraisal USSR: Forcedown of Korean airliner 外",,,
usa1-desc-카터-15.1.18,"Korea, Republic of: Tongsun Park Case, 6/77-8/78","대한민국: 박동선 사건, 6/77-8/78",카터,"1977, 1978년",카터,15.1.18,"- 미 의회 로비사건에 연루된 박동선에 대한 의회조사와 관련한 NSC, 백악관, 의회, 주한 미 대사관의 비망록, 전신, 서신, 보고서 모음으로, 박동선의 미국 송환에 대한 미국과 한국의 입장 차이, 의회 조사에 있어서의 백악관의 역할 등의 내용으로 이루어져 있으며, 총 7건의 문서가 비공개이다.","대한민국: 박동선 사건, 6/77-8/78",105매,09-3-0059,45,229,"Memorandum for Z. Brzezinski from Robert Gates : White House Role in Cogressional Investigation of Korean Misdoings, 3 Jun. 1977 | Letter to Chin Hwan Row from John E. Nidecker | Memorandum for Z. Brzezinski from Mike Armacost: Tongsun Park, 26 Aug. 1977 | Memorandum for Z. Brzezinski from Mike Armacost: The Tongsun Park Case, 2 Nov. 1977 | Memorandum for Z. Brzezinski from Mike Armacost: Statement on Korea, 22 Dec. | Telegram from AmEmbassy Seoul to SecState:Tongsun Park, 30 Aug. 1977 | Memorandum for the President from Zbigniew Brzezinski: Jaworski’s Insistence on Access to Kim Dong-jo | Memorandum for Patrick M. Norton from Christine Dodson:Release of White House Documents to Senate Select Committee on Intelligence | Memorandum for the President from Z. Brzezinski:Second Letter to President Park, 7 Sep. 1977",,,
usa1-desc-카터-15.2,"Zbigniew Brzezinski’s President’s Correspondence with foreign Leaders Files, compiled 1977-1981",,카터,,카터,15.2,,,,,,,,,,
usa1-desc-카터-15.2.1,"Korea, Republic of: President Choi Kyu Hah, 12/79-8/80",대한민국: 최규하 대통령 1979년 12월-1980년 8월,카터,1979-1980년,카터,15.2.1,"- 지미 카터 대통령과 최규하 대통령이 주고 받은 서신 및 관련 문서 모음으로, 지미 카터 대통령이 최규하에게 보낸 대통령 취임 축하 서신과 이를 전달하는 과정에서 발생한 백악관 및 NSC의 비망록, 이란에서 있었던 미국의 인질 구출작전에 대한 지지를 표명하며 지미카터 대통령에게 보낸 최규하 대통령의 편지, 사임 의사를 알린 최규하 대통령의 서신에 대한 미 대통령의 답신 초안과 작성과정에서 발생한 비망록 등으로 이루어져 있다. 최규하 대통령의 서신을 포함하여 27건의 문서가 비공개이다.",대한민국: 최규하 대통령 1979년 12월-1980년 8월,42매,09-3-0060,12,230,"Memorandum for Z.Brzezinski from Peter Tarnoff: Message from President Park of the Republic of Korea | Memorandum for Peter Tarnoff from Christine Dodson: Congratulatory Message to New President of the Republic of Korea, 12 Dec. 1979 | Memorandum for the President from Z.Brzezinski: Message from President Choi of Korea to President Carter, 13 Feb. 1980 | Letter to President Choi Kyu Ha from Jimmy Carter, 28 Aug. 1980 | Letter to President Carter from President Choi, 16 Aug. 1980",,,
usa1-desc-카터-15.2.2,"Korea, Republic of: President Chun Doo Hwan, 8/80-12/80","대한민국: 전두환 대통령, 1980년 8월-1980년 12월",카터,1980년,카터,15.2.2,"- 지미 카터 대통령과 전두환 대통령이 주고 받은 서신 및 관련 문서 모음으로, 전두환 대통령 당선자에게 보내는 지미 카터의 서신과 준비 과정에서 만들어진 각종 문서, 그에 대한 전두환 대통령의 답신을 지미카터에게 전달하는 과정에서 발생한 비망록, 김대중 문제와 관련해 지미 카터가 전두환 대통령에게 보낸 메시지와 전달과정에서 발생한 각종 문서 등으로 이루어져 있다. 전두환 대통령의 서신을 포함하여 8건의 문서가 비공개이다. (제한사유: A)","대한민국: 전두환 대통령, 1980년 8월-1980년 12월",31매,09-3-0061,12,231,"Memorandum for Z.Brzezinski from Peter Tarnoff (ATTCH. Message to President- Elect Chun): Congratulatory Message Upon the Election of the New President of the Republic of Korea, 26 Aug. 1980 | Memorandum for The President from Z. Brzezinski: Proposed Letter to President- elect Chun Doo Hwan of the Republic of Korea, 27 Aug. 1980 | Telegram from Secretary of State to American Embassy Seoul: Message from the President to President Chun of Korea, 29 Aug. 1980 | Memorandum for Z. Brzezinski from Peter Tarnoff: Letter from Chun, 18 Sep. 1980 | Telegram from the White House to AmEmbassy Seoul:Presidential Message, 1 Dec. 1980",,,
usa1-desc-카터-15.2.3,"Korea, Republic of: President Park Chung Hee, 2/77-12/78","대한민국: 박정희대통령, 1977년 2월-1978년 12월",카터,1977-1978년,카터,15.2.3,"- 지미 카터 대통령과 박정희 대통령이 주고 받은 서신 및 관련 문서 모음으로, 미군의 점진적 철수, FMS 보증차관 공여 문제, 한국내 인권문제 등에 대한 미국의 입장을 포함하고 있으며, 박정희 대통령의 편지 모두를 포함해 21건의 문서가 비공개이다.","대한민국: 박정희대통령, 1977년 2월-1978년 12월",68매,09-3-0062,12,232,"Telegram from Secretary of State to American Embassy Seoul: Letter to President Park, 14 Feb. 1977 | Memorandum for Z. Brzezinski from Mike Armacost: Presidential Letter to President Park, 16 May 1978 | Memorandum for The President from C. Vance and Harold Brown: Letter to Korean President Park, 13 Jan. 1978 | Draft Letter to President Park | Letter to President Park from President Carter | Memorandum for the President from Harold Brown: My November Asian Trip | Memorandum for Z. Brzezinski from Nick Platt RE: Harold Brown’s November Asian Trip: Decision to Proceed with F-16 Sale, 31 Oct. 1978",,,
usa1-desc-카터-15.2.4,"Korea, Republic of: President Park Chung Hee, 1/79-10/79","한국, 남한: 박정희대통령, 1979년 1월-1979년 10월",카터,1979년,카터,15.2.4,"- 박정희대통령과 카터대통령이 주고 받은 서신과 서신의 작성, 검토, 전달 과정에서 생산된 국무부행정실장 피터 타노프와 백악관 안보담당보좌관 브레진스키의 비망록 모음으로, 주한미군 철수, 남북 대화, 구속자 석방, 김영삼의원의 제명과 신민당 총사퇴 사건 등의 문제를 다루고 있으며, 박정희 대통령의 서신을 포함해 총 12건의 문서가 비공개이다.","한국, 남한: 박정희대통령, 1979년 1월-1979년 10월",32매,09-3-0063,12,232,"Memorandum for Z. Brzezinski from Peter Tarnoff: Letter to President Carter from President Park of the Republic of Korea regarding upcoming U.S. visit by Deng Xiaoping, 16 Jan. 1979 | Memorandum for Z. Brzezinski from Peter Tarnoff:Letter to President Jimmy Carter from President Park Chung Hee, 20 Mar. 1979 | Memorandum for Christine Dodson(NSC) from Charles Jackson Jr.: Alerting NSC on Presidential Correspondence, 13 Mar. 1979 | Message to President Park from President Carter | Proposed Letter to President Park Chung Hee from President Jimmy Carter | Letter to President Park Chung Hee from President Jimmy Carter",,,
usa1-desc-카터-15.3,"Zbigniew Brzezinski’s Trip Files, compiled 1977-1981",,카터,,카터,15.3,,,,,,,,,,
usa1-desc-카터-15.3.1,"President, Far East, 6/23/79-7/1/79: State Visit to Korea, 6/29/79- 7/1/79 대통령, 극동, 1979년 6월23일-1979년 7월1일:","한국 방문, 1979년 6월 29일-1979년 7월1일",카터,1979년,카터,15.3.1,- 스텐스필드 터너 중앙정보국장이 카터 대통령의 요청에 의해 작성한 에너지와 관련 데이터 비교 자료와 NSC의 James Cochrane이 작성한 OPEC의 가격조치가 미국에 미치는 영향에 대한 보고서로 이루어져 있다.,"한국 방문, 1979년 6월 29일-1979년 7월1일",13매,09-3-0064,23,233,"Memorandum for the President from Stansfield Turner: 20 June 1979 Presidential Request for Energy-Related Data, 22 Jun. 1979 | Memo from James Cochrane: Impact on U.S. Economy of OPEC Price Actions",,,
usa1-desc-카터-15.4,"General William Odom’s Files, compiled 1977-1981",,카터,,카터,15.4,,,,,,,,,,
usa1-desc-카터-15.4.1,Korea: 10/79-5/80,한국: 1979년 10월-1980년 5월,카터,"1979, 1980년",카터,15.4.1,"- 10·26 사태와 최규하 국무총리의 대통령 권한 대행을 내용으로 하는 전신 모음과 해 당 사건과 관련한 미국 정부의 메모 등으로 이루어져 있으며, 일부자료는 비공개이다.",한국: 1979년 10월-1980년 5월,7매,09-3-0065,28,234,"Telegram(AP, UP), 26 Oct. 1979",,,
usa1-desc-카터-15.5,"Jerrold Schecter’s and Alfred Friendly’s Press Files, compiled 1977-1981",,카터,,카터,15.5,,,,,,,,,,
usa1-desc-카터-15.5.1,President Trip to Japan Economic Summit andKorea-Press Releases re Japan [I-III]-6/25/79-7/1/79 일본 경제정상회담과 한국-일본 관련 언론 공식보도[I-III]-,1979년 6월25일-1979년 7월1일,카터,1978-1979년,카터,15.5.1,"- 미 대통령의 일본 및 한국 방문을 준비하는 과정에서 생산된 서신과 문서 모음으로, 일본 체류 시 방문장소와 숙소 등에 대한 사전 조사 보고서, 일본 언론의 인터뷰 요청과 이에 대한 백악관과 NSC 언론 홍보 담당 비서진의 답신, 한국 측의 방한요청을 수락 하는 서신, 동양통신(ORIENT PRESS INC.)의 카터 대통령 인터뷰 요청에 대한 승인 서신, 한반도의 안보와 한-미관계, 미국 지상군의 철수 등의 질문에 대한 답변서, 카터 대통령이 한국, 일본에서 수행할 각종 연설문과 선언문 등으로 이루어져 있다.",1979년 6월25일-1979년 7월1일,208매,09-3-0066,16,234,"Memorandum for Dale Leibach from Gael Poar & Mike Pohl | Letter to Jody Powel from Jerrold L. Schecter, 28 Nov. 1978 | Letter to/from Hyon So-Whan (Oriental Press Inc.)/Jerrold L. Schecter | Written question by So-Whan Hyon of the Oriental Press, 8, 9 May 1979 | Memorandum for the President from Jerry Schecter : Korean Press Interview, 31 May 1979 | Informal Question and Answer Session with the President | Notice to the Press | Statement BY the President on OPEC Price increase and Q/A",,,
usa1-desc-카터-15.5.2,President Trip to Japan Economic Summit and Korea-6/25/79- 7/1/79,대통령의 일본경제정상회담과 한국 방문-1979년 6월25일-1979년 7월1일,카터,1979년,카터,15.5.2,"- 1979년 6월 25,26,28,29일의 백악관 백그라운드 브리핑 모음으로, 에너지 및 난민구제 문제에 대한 회의 내용, 일본 수상과의 오찬회 보고 (주한 미군 철수문제 포함), 정상회담 성과에 대한 기자단의 질문과 정부 당국자의 답변 등을 포함하고 있다.",대통령의 일본경제정상회담과 한국 방문-1979년 6월25일-1979년 7월1일,107매,09-3-0067,16,235,"Background Briefing 6/25,26,28,29/1979",,,
usa1-desc-카터-15.5.3,President Trip to Japan Economic Summit and Korea-Press Releases re Korea-6/25/79-7/1/79 대통령의 일본경제정상회담과 한국 방문 -한국 관련 언론 공식보도 1979년,6월25일-1979년 7월1일,카터,1979년,카터,15.5.3,"- 백악관 언론담당 비서관실이 준비한 카터 대통령 방한 관련 보도자료 모음으로, 동양 통신(Orient Press Inc.)과의 인터뷰 예상 질문과 답변, 한미 정상회의에 참석할 양국 각료 명단, 캠프 케이시에서의 연설문, 방한 중 이루어진 카터 대통령의 각종 연설문 및 축사들, 한미공동성명(7/1/79), 기자회견 녹취록, 순방성과에 대한 보고서 등으로 이루어져 있음.",6월25일-1979년 7월1일,102매,09-3-0068,17,236,"Notice to the Press, 30 Jun. 1979 | Remarks of the President at Camp Casey | Exchange Toasts between the President and Park Chung Hee, the President of ROK. | Joint Communique between His Excellency Jimmy Carter and His Excellency Park Chung Hee, July 1, 1979 | News Conference, 30 June 1979 | Press Briefing by Cyrus Vance, July 1, 1979 | Background Briefing, July 1, 1979 | Pool Reports #27-#38",,,
usa1-desc-카터-15.6,"Public and Congressional Correspondence Files, compiled 1977-1981",,카터,,카터,15.6,,,,,,,,,,
usa1-desc-카터-15.6.1,Korea: 3/80 (OA 9185),한국: 3/80(OA 9185),카터,1980년,카터,15.6.1,"- 대통령 국가안보보좌관 Zbigniew Brezinski가 뉴욕 뱅커스 트러스트 컴퍼니 부사장 William H. Overholt에게 받은 보고서에 대해 감사를 표하는 서신으로, Overholt의 보고서 “Stable Democracy in Korea?”는 10·26 이후 한국 내 정치상황, 신군부의 동향, 경제문제, 학생운동과 노동운동 등에 대한 분석, 김영삼 김대중 등 정치인에 대한 평가를 포함하여 한국사회의 전반적인 문제들에 대한 개괄적인 견해를 표명하고 한국의 민주화 가능성을 타진하는 내용으로 이루어져 있다.",한국: 3/80(OA 9185),59매,09-3-0069,7,236,"Letter from Zbigniew Brezinski to William H. Overholt vice president Bankers Trust Company, 28 March 1980",,,
usa1-desc-카터-15.6.2,Korea: 7/77(OA 2536),한국: 7/77(OA 2536),카터,1968년,카터,15.6.2,"- 일본 세계평화교수협의회장 Jun-ichiro Owaki가 “한반도등 동아시아안보에 관한 국제 학술회의 1977(Northeast Asian Security 1977: with focus on the Korean Pninsula)” 관련 자료를 전달하기 위해 대통령 안보보좌관 Zbigniew Brezinski에게 보낸 서신으로, 학술대회 서문, 성명서, 국방정책위원회 명단, 의장 환영사, 동아시아 정치상황에 대한 동경산업대학 Hitoshi Hanai교수의 주제발표 등이 첨부 되어 있다.",한국: 7/77(OA 2536),25매,09-3-0070,7,237,"Letter From Jun-ichiro Owaki Secretary General PWPAJ to Z. Brezinski, 15 Jul. 1977",,,
usa1-desc-카터-16,"JC-PLAINS: Plains Files, 1973-1982",,카터,,카터,16,,,,,,,,,,
usa1-desc-카터-16.1,"President’s Personal foreign Affairs Files, compiled 1977-1981",,카터,,카터,16.1,,,,,,,,,,
usa1-desc-카터-16.1.1,"Korea, Republic of, 5/78-11/80","대한민국, 5/78-11/80",카터,1968년,카터,16.1.1,"- 주한미군철수에 따른 한국의 안보 상황과 정치 문제에 대해 지미카터 대통령이 박정희 대통령에게 보낸 서신, Nick Platt이 기록한 박정희 대통령 면담 메모, 카터부부의 한국 국회 방문시 접견자 명단, 여의도침례교회 방문시 보여준 환대에 감사하기 위해 카터대통령이 한기만 목사에게 보낸 서신, 주한미군 철수문제, 남북간 방위비 비교, 군현대화방안, 한국내 인권상황등에 대한 박정희-카터 대통령 회견록, 카터대통령이 최규하 대통령의 사임 의사 통보에 대해 보낸 답신, 김대중 문제와 관련해 Edmund S. Muskie가 카터 대통령을 위해 작성한 전두환 대통령에게 보낼 서신 초안 등으로 이루 어져 있다.","대한민국, 5/78-11/80",36매,09-3-0071,2,238,"Letter From Chung Hee Park to Carter | Letter From Carter to The right reverend Han ki man, 1 Jul. 1979 | Memorandum of Conversation between Carter-Park Chung Hee, 5 Jul. 1979 | Letter From Edmund S. Muskie to Carter, 25 Nov. 1980",,,
usa1-desc-카터-17,"JC-SWO: Records of The Speechwriter’s office, 1977-1981",,카터,,카터,17,,,,,,,,,,
usa1-desc-카터-17.1,"Chronological File, compiled 1976-1981",,카터,,카터,17.1,,,,,,,,,,
usa1-desc-카터-17.1.1,"6/23/79-7/2/79-Trip to Japan & Korea, 06/23/1979-07/02/1979","6/23/79-7/2/79-일본과 한국 순방, 06/23/1979-07/02/1979",카터,1979년,카터,17.1.1,"- 카터대통령 부부의 알래스카, 일본, 한국, 하와이 순방 일정표(1979.6.23~7.5), 경제, 안보 등 아시아 방한 의미와 전망에 대해 Zbigniew Brezinski가 대통령에게 보낸 서신, 카터대통령 일본 한국 방문 일정표 초안, 국가간 협력을 통한 경제문제의 해결과 안정 성장에 관한 도쿄정상회담 백악관 성명서와 한일 방문 중 대통령연설 일정 관련 서신, 카터-오히라 회견시 주요 의제, 일본어 인사법, 성명서등에 대해 조언하는 서신과 초안 등이 포함되어 있다.","6/23/79-7/2/79-일본과 한국 순방, 06/23/1979-07/02/1979",195매,09-3-0072,49,239,"Memorandum of The president and Mrs carter's visit to Alaska, Japan, Korea & Hawaii June 23-July 5, 1979 | Letter From Zbigniew Brezinski to The president ; Your visit to asia - An overview | Letter From Bernie Aronson to Jerry Rafshoon, 31 May 1979 | Letter From Alan D. Romberg to Bernie Aronson",,,
usa1-desc-카터-17.1.2,"6/30/79-Remarks-Camp Casey, Robertson Memorial Field, Seoul, Korea, 06/30/1979-06/30/1979","CAMP CASEY 연설, ROBERTSON추모광장, 1979년 6월30일",카터,1979년,카터,17.1.2,-1979년 6월30일 지미 카터 대통령의 방한 중 Camp Casey에서의 연설,"CAMP CASEY 연설, ROBERTSON추모광장, 1979년 6월30일",2매,09-3-0073,49,239,Remarks of the President at Camp Casey,,,
usa1-desc-카터-17.1.3,"6/30/79-Exchange of Toasts-Pres. (Carter) & Pres. Park Chung Hee, of The Republic of Korea, Seoul, Korea, 06/30/1979-06/30/1979","카터 대통령과 박정희 대통령과의 만찬사 교환, 1979년 6월30일",카터,1979년,카터,17.1.3,- 1979년 6월 30일 박정희대통령이 주최하는 청와대만찬에서 지미카터 대통령의 인사말과 초고 수정과정에서 오고 간 문서모음,"카터 대통령과 박정희 대통령과의 만찬사 교환, 1979년 6월30일",46매,09-3-0074,49,240,"Draft Toast for the Dinner Toast | Text of Toast of the President at Korean State Dinner | Letter to Bernie Aronson from Nick Platt, 6 June 1979 | Note for Richard Holbrooke from Bernie Aronson, 15 June 1979",,,
usa1-desc-카터-18,"JC-WHPO: Records of The White House Press office, 1977-1981",,카터,,카터,18,,,,,,,,,,
usa1-desc-카터-18.1,"Jody Powell’s White House office Subject File, compiled 1977-1981",,카터,,카터,18.1,,,,,,,,,,
usa1-desc-카터-18.1.1,"Clark, Don-South Korean Consul, 2/15/77, 02/15/1977-02/15/1977","Don Clark-한국 영사, 2/15/77, 02/15/1977-02/15/1977",카터,1977년,카터,18.1.1,- Don Clark 한국 영사에 관한 내용을 수기로 적은 메모,"Don Clark-한국 영사, 2/15/77, 02/15/1977-02/15/1977",3매,09-3-0075,55,240,내용 가독 불가,,,
usa1-desc-카터-18.2,"Rex Granum’s White House office File Relating to Trips, compiled 1977-1980",,카터,,카터,18.2,,,,,,,,,,
usa1-desc-카터-18.2.1,"Japan, Korea, Hawaii, 6/23/79-7/4/79 1, 06/23/1979-07/04/1979","일본, 한국, 하와이 순방, 1979년 6월23일-1979년 7월4일",카터,1979년,카터,18.2.1,"- 카터대통령의 6/29-7/1 방한일정표로 각 날짜별 시간대별 일정이 나와 있으며. 7월1일 전용기에서 갖은 백그라운드브리핑으로, 익명의 정부당국자의 순방 성과에 대한 브리핑과 질의응답으로 이루어 있다.","일본, 한국, 하와이 순방, 1979년 6월23일-1979년 7월4일",33매,09-3-0076,107,241,"Trip of the President to Japan, Korea,and Hawaii (6/29,6/30,7/1) | Background Briefing",,,
usa1-desc-카터-18.2.2,"Japan, Korea, Hawaii, 6/23/79-7/4/79 2, 06/23/1979-07/04/1979","일본, 한국, 하와이 순방, 1979년 6월23일-1979년 7월4일",카터,1979년,카터,18.2.2,"- 방한 중 6월 30일 카터대통령의 차량행렬(카퍼레이드)의 취재단 풀리스트와 한미공동 협정 전문(全文), 6/30 청와대에서 열린 만찬회에서 양국대통령의 축사, 국무장관 C. Vance의 프레스 브리핑, 캠프 케이시에서의 카터대통령의 연설문, 언론담당비서관 Jody Powell과 기자단의 회의(Q&A), 6/23-6/25 카터대통령의 미국 출발부터 일본 에서의 일정표 등이 들어있는 문서 모음","일본, 한국, 하와이 순방, 1979년 6월23일-1979년 7월4일",46매,09-3-0077,107,241,"Pool List (Trip of the President to Japan and Korea) | Joint Communique | Exchange of Toasts between President Park and President Carter | Press Briefing by Cyrus Vance | Remarks of The President at Camp Casey | News Conference with Jody Powell | Trip of the President to Japan and Korea (6/23,6/24,6/25)",,,
usa1-desc-카터-18.3,"Press Advance office Files Relating to Domestic andforeign Trips, compiled 1977-1981",,카터,,카터,18.3,,,,,,,,,,
usa1-desc-카터-18.3.1,"6/23/79-7/1/79-Alaska, Japan, Korea, andHawaii Trip One Complete Bible of Entire F.E. Trip, 06/23/1979-07/01/1979","알라스카, 일본, 한국과 하와이 방문 일정 총정리 1979년 6월23일-1979년 7월1일",카터,1979년,카터,18.3.1,- 1979년 6월23일 출발에서 7월1일도착에 이르기까지의 카터대통령의 순방일정이 자세 하게 총정리된 문서와 공동기자단 명단(이름은 나와있지 않음),"알라스카, 일본, 한국과 하와이 방문 일정 총정리 1979년 6월23일-1979년 7월1일",55매,09-3-0078,23,242,"Complete Bible Of Entire F.E. Trip, 06/23/1979-04/07/1979",,,
usa1-desc-카터-18.3.2,"6/23/79-7/1/79-Japan, Korea, and Hawaii Trip Manifests, 06/23/1979- 07/01/1979","일본, 한국, 하와이 순방수행단 명단 06/23/1979-07/01/1979",카터,1979년,카터,18.3.2,"- 카터대통령의 방한 중 한국기자단의 이름과 소속, 기자단탑승객명단(6/29 전용기, 김포에서 캠프 케이시로 향하는 헬리콥터, 하네다공항에서 김포)","일본, 한국, 하와이 순방수행단 명단 06/23/1979-07/01/1979",5매,09-3-0079,24,243,Korean Trip Manifests,,,
usa1-desc-카터-18.3.3,"6/23/79-7/1/79-Korean Trip Schedules, 06/23/1979-07/01/1979","한국 방문 일정, 1979년 6월23일-1979년 7월1일",카터,1979년,카터,18.3.3,"- 1979년 6월 29일-7월1일 카터대통령의 방한일정에 따른 프레스스케줄 초안(첨삭 내영 포함)과 일정표, 기자단 명단 포함","한국 방문 일정, 1979년 6월23일-1979년 7월1일",58매,09-3-0080,24,243,"Press Schedules, Draft, Press Pool",,,
usa1-desc-카터-18.3.4,"6/23/79-7/1/79-Korean Trip General, 06/23/1979-07/01/1979","한국방문 일반사항, 1979년 6월23일-1979년 7월1일",카터,1979년,카터,18.3.4,"- 카터 대통령의 한국 방문 중 기자단 숙소와 방 번호 리스트, 대통령외교담당고문 Dr. Hahn에게 Lisa Strasburg가 보낸 백악관 공동기자단 리스트, 카터대통령의 방한기간 중 동정을 알리는 TIMES와 Korea Herald에 실린 기사들, 카터대통령의 방한을 앞두고 파견된(05/11-13/1979) 조사단의 스케줄표(전신)","한국방문 일반사항, 1979년 6월23일-1979년 7월1일",37매,09-3-0081,25,243,"Room Assignments for Press | Memo from Lisa Strasburg(Press Advance) to Dr. Hahn | Scrap Newspaper, Telegram from AmEmbassy Seoul to AmEmbassy Tokyo",,,
usa1-desc-카터-18.3.5,"6/23/79-7/1/79-Korean Trip Diagrams, 06/23/1979 07/01/1979","한국방문 준비자료(도면), 1979년 6월23일-1979년 7월1일",카터,1979년,카터,18.3.5,"- 1979년 6월29일-7월1일 지미 카터 대통령의 한국 방문 의전 및 경호관련 자료모음 으로 공식 행사장 및 방문지 도면, 일정표 모음으로, 국립현충원 방문 일시와 시간대별 행사 드레스 코드, 각 행사장으로의 이동시 차량행렬의 도면들, 김포공항과 Camp Casey 도착시의 헬기와 전용기의 위치 등이 세세히 표시되어 있음. 백악관 Press Advance Dan Dwyer가 한국의 정보통신부 장관에게 카터 대통령의 방한 중 필요한 전화선과 텔렉스라인을 요구하는 메모 등이 포함되어 있다.","한국방문 준비자료(도면), 1979년 6월23일-1979년 7월1일",38매,09-3-0082,25,244,"Diagram of Dynasty Hall | Diagram of Motorcade from Yoido to Blue House | Diagram of President Carter’s visit to National Assembly | Diagram of Kimpo Departure | Diagram of Camp Casey | Memorandum for Lee(Ministry of Communication) from Dan Dwyer(White House Press Advance, 20 Jun. 1979",,,
usa1-desc-카터-19,"JC-WHCF: Carter White House Central Files, 1977-1981",,카터,,카터,19,,,,,,,,,,
usa1-desc-카터-19.1,"Countries : General 82-2 1/1/78-1/28/81 through confidential, CO88 1/20/77-1/20/81",,카터,,카터,19.1,,,,,,,,,,
usa1-desc-카터-19.1.1,CO 82-2 1/1/78-1/20/81,CO 82-2 1/1/78-1/20/81,카터,1978-80년,카터,19.1.1,"- 보스톤 연방준비은행의 부은행장인 Jay W. Kim이 NSC 동아시아-중국문제 담당 Mike Armacost에게 보낸 편지에 대한 답, 주로 한국 내의 인권탄압과 김대중구속, 5.17 이후 계엄령 선포에 따른 억압 상황 등에 대해 카터대통령에게 한국내 미국선교사들과 그들을 대표하는 기독교회협의회(National Council of Church of Christ)의 Edwin M.Luidens와 William P.Thompson, 3.1민주구국선언문 사건 구속자 부인들이 보내는 편지와 전달과정의 비망록(Transmittal form, Referral) 모음, 상원윤리위원회 소속 리 해리스의 발표문으로, 에드워드 더윈스키 하원의원이 한국정부의 로비와 연루되었다는 설을 제공받았다는 내용, 민주주의 인터내셔날 한국위원회의 고새곤이 카터대통령에게 보내는 편지(수기)와 전달과정의 비망록으로 5.17계엄령선포에 대한 우려와 김대중의 사형선고에 대한 구명 호소, Edward W.Poitras목사가 카터대통령에게 보내는 편지 와 NSC 동아시아-중국문제담당 Mike Armacost의 답신로 한국내에서 활동하는 미국인 선교사들의 서명, 프린스턴대학 교수인 Richard A. Fal이 백악관 안보담당보좌관인 Zbigniew Brzezinski에게 보내는 편지 등이 포함되어 있다.",CO 82-2 1/1/78-1/20/81,45매,09-3-0083,CO-41,245,"Letter to Jay W. Kim from Mike Armacost, 2 Feb. 1978 | Letter to Mrs. Carter from the March First 1976 Incident Wives: Human rights in Korea | Letter to the President from Edwin M.Luidens: Park Government Repression Against Christian Mission, 29 Nov. 1978 | Statement issued by Lee Harris | Letter to the President from William P. Thompson | Letter to Koh Sae Kon from William J. Dyess",,,
usa1-desc-카터-19.2,"Countries Executive, Co 82-1/20/77-1/20/81 through General, CO 82-2 1/20/77-12/31/77",,카터,,카터,19.2,,,,,,,,,,
usa1-desc-카터-19.2.1,CO 82 1/20/77-1/20/81,CO 82 1977년 1월20일-981년 1월20일,카터,1977-80년,카터,19.2.1,"- 카터 정부의 대외정책에 관심이 있는 사람들의 편지 모음 폴더로, 카대통령과 백악관 안보담당보좌관인 브레진스키에게 전달됨. 또한 브레진스키의 조카나 제자로부터 온 사적인 편지도 있으며, 주로 미국의 대한국정책에 대한 자신의 의견을 제시하고 주한 미군의 철수와 한반도 안보문제, 한국의 인권문제, 사할린에 억류된 한인들의 본국 송환문제, 한국의 미의회로비사건과 관련 내용이 수록되어 있다.",CO 82 1977년 1월20일-981년 1월20일,53매,09-3-0084,CO-41,246,"Letter to/from Z.Brzezinski/John Kotch, 27 Mar./2 Apr. 1977 | Letter to Brzezinski from Joung Won Kim, 11 Oct. 1977 | Letter to Jun-yop Kim from Jerrold L. Schecter, 23 Feb. 1978 | Letter to Dooyung Lee from Fran Voorde, 9 Mar. 1978",,,
usa1-desc-카터-19.2.2,CO 82-1 1/20/77-1/20/81,CO 82-1 1977년 1월20일-1981년 1월20일,카터,1977년,카터,19.2.2,- 하와이대학 한국연구센터의 Gleen D. Paige가 백악관 안보담당보좌관 Z. Brezezinski 에게 쓴 편지와 NSC 동아시아-중국담당인 Mike Armacost의 답신으로 하와이대학에서 열리는 학회에 초청된 Dr. Igor S. Kazakevich의 견해를 소개하며 북한과의 학자들 간 교류를 권유하는 내용이 포함되어 있다.,CO 82-1 1977년 1월20일-1981년 1월20일,7매,09-3-0085,CO-41,246,"Letter to Z.Brzezinski from Gleen D. Paige, 4 Apr. 1977 | Letter to Gleen D. Paige From Mike Armacost, 21 Jul. 1977",,,
usa1-desc-카터-19.2.3,CO 82-1 1/20/77-1/20/81,CO 82-1 1977년 1월20일-1981년 1월20일,카터,1977-81년,카터,19.2.3,"- 1977년 7월 미군헬기 격추 사건과 관련된 국방부의 답변서와 신문기사 발췌문서, 사무엘 스트랫튼 미하원 분과위원회 위원장이 북한의 병력 우위에 대해 카터대통령에게 보내는 편지와 답장, 전달과정 비망록, 카터대통령이 주한미지상군의 철수에 대한 미정부의 입장에 대해 미하원 대변인인 토마스 오닐에게 보내는 문서, 맥스에게 보낸 수신자 불명의 편지, 미국정치인으로는 최초로 공식적으로 북한의 김일성, 김영남과 면담을 하고 온 스테판 솔라즈 의원의 대화록 사본을 첨부, 백악관 안보 담당 브레진스키에게 보내는 돈 그렉의 비망록, 대화록의 한국측 공개여부를 묻는 수기메모가 포함되어 있다.",CO 82-1 1977년 1월20일-1981년 1월20일,113매,09-3-0086,CO-41,247,"Letter to Sam Donaldson(ABC) from Rex Granum: North Korean Downing of CH-47, 5 Aug. 1977 | The Nick Thimmesch Column “The Lost American Helicopter, and the North Korean Record”, Los Angeles Times, 1977 | Letter to the President from Samuel S. Stratton and Robin L. Beard, 3 Jan. 1979 | Letter to Thomas P.O’Neil from the President, 12 Sep. 1979 | NSC/S ProfIle to Brzezinski from Solarz, Stephen J. : Conversation btw Rep. Solarz & Pres. Sung(Kim, Il Sung) | Memorandum for Zbigniew Brzezinski from Donald Gregg: Congressman Solarz’s talks in North Korea, 15 Aug. 1980 | Record of Meeting with Cong. Stephen J. Solarz and President Kim Il Sung",,,
usa1-desc-카터-19.2.4,CO 82-2 1/20/77-3/31/77,CO 82-2 1977년 1월20일-1977년 3월31일,카터,1976-1977년,카터,19.2.4,"- Joyce B. Myers 목사의 3.1명동성당 구속자들의 구명편지와 야당대표 이철승의 미국 방문을 앞두고 먼데일부통령과의 면담추진을 위한 편지와 검토과정의 비망록, 먼데일 부통령의 일본방문에 앞서 작성한 한국내 미군주둔에 대한 일본내의 여론에 대한 보고서가 첨부된 비망록, 서울 감리교신학대학 교수인 Edward W.Poitras가 먼데일 부통령에게 보내는 주한미군철수에 대한 한국의 논평, 미국 귀국소감, 긍정적인 대한정책을 위하여 라는 단편의 글들과 국무부의 답신 초안, 돈 프레이져의원이 미국의 대한정책에 대해 카터대통령에게 보내는 편지가 첨부된 비망록. 그외 한국과 관련된 의회로비설에 대한 특별검사 임명을 알리고 어장관리보호법률안 촉구를 위해 의회에 보내는 대통령의 편지 등이 포함되어 있다.",CO 82-2 1977년 1월20일-1977년 3월31일,79매,09-3-0087,CO-41,248,"Letter to Cong. William J. Hughes from Joyce B. Myer, 17 Nov. 1976 | Letter to the President from Cong. WIlliam J. Hughes, 27 Jan. 1977 | Letter to Brzezinski from Dooyung Lee, 9 Mar. 1978 Memorandum for Z. Brzezinski from Mike Armacost : Japanese Opinion on U.S. Troops in Korea, 4 Feb. 1977 | Letter to the Vice President from Edward W. Poitras RE:Views on policy toward Korea, 21 Jan. 1977 | Telegram to AmEmbassy, Seoul to SecState | Letter to President from Floyd K. Haskell, 1 Mar. 1977",,,
usa1-desc-카터-19.2.5,CO 82-2 1/20/77-1/20/81,CO 82-2 1977년 1월20일-1981년 1월20일,카터,1977-1981년,카터,19.2.5,"- 1977년2월26일 박정희대통령이 카터대통령에게 쓴 편지의 한글본과 영역본 한국의 야당지도자 이철승의원의 미국방문을 앞두고 백악관 안보담당보좌관 브레진스키와의 면담을 주선하고 요청하는 편지들과 비망록(이철승에 대한 조사서는 비공개 제한사유: A), 미국정부의 한국정책에 대한 최근의 입장에 대해 신문기사의 발췌문을 동봉한 돈 프레이저 의원의 편지, 한국의 민주통일당 양일동의원의 편지와 답신, 김대중 및 구속자 석방을 호소하는 이희호여사의 편지와 답신, 윤보선, 김대중, 함석헌의 한국인권실태 해결을 위한 미국의 노력을 당부하는 편지에 대한 리차드 홀브룩 국무부 차관보의 답신 등의 편지와 전달과정의 비망록들이 수록되어 있다.",CO 82-2 1977년 1월20일-1981년 1월20일,122매,09-3-0088,CO-41,249,"Memorandum for Z. Brzezinski from Michael Armacost : Don Fraser’s most recent Letter | Letter to the President from Korean President Park Chung Hee, 26 Feb. 1977 | Memorandum for Frank Moore from Douglas J. Bennet, Jr. RE:Korea, 1 Feb. 1978 | Memorandum for Z. Brzezinski from Peter Tarnoff : Letter to Dr. Brzezinski from Yang Il Dong | Memorandum for Z. Brzezinski from Jessica Tuchman Mathewa : Human rights in Korea, 12 Jun. 1978 | Letter to Z. Brzezinski from Lee Hee Ho, 15 Jun. 1978 | Letter to Yang Il Dong from Micheal H. Armacost, 8 Jun. 1978 | Letter to Po Yun Sun from Richard Holbrooke, 7 Mar. 1979",,,
usa1-desc-카터-19.2.6,CO 82-2 1/20/77-1/20/81,CO 82-2 1977년 1월20일-1981년 1월20일,카터,1977-1981년,카터,19.2.6,"- 미 하원 Dante Fascell 외 41인이 연서(連書)한 한국의 인권과 시민권 실태를 카터 대통령에게 알리는 편지, 박정희대통령이 보낸 카터대통령 생일을 축하하는 메시지와 박정희대통령의 취임 축하 메시지에 대한 비망록, 미 의회로 부터 온 편지들을 전하는 (Referral) 수기메모들. 카터대통령이 국제포경위원회(IWC) 관련 미의회에 보내는 글, 주한미군 철수에 관해 미의원들의 편지에 대한 Frank Moore 대통령 의회소통담당보좌 관의 답신, NSC 동아시아담당위원 Nick Platt이 Z. Brzezinski에게 한국인 기자와 (Orient Press)의 만남을 알리는 비망록, 카터대통령이 방한에서 귀국후 박정희 대통령, 최규하 국무총리, 박동진 외무부장관, 김용식 주미대사에게 쓴 감사인사편지, 백악관안 보담당보좌관 Z.Brzezinski가 카터 대통령에게 쓴 한국과의 소득세 조약 비준에 관한 비망록(첨부문서가 없음), 대통령 의회소통담당보좌관 Frank Moore가 Harkin하원의원을 비롯하여 의원들에게 보낸 한국에서의 인권문제와 관련된 편지를 잘 받았다는 답신들로 이루어져 있다.",CO 82-2 1977년 1월20일-1981년 1월20일,122매,09-3-0089,CO-41,250,"Memorandum for Z. Brzezinski from Peter Tarnoff: Human and Civil rights in IN ROK | Memorandum for Peter Tarnoff from Christine Dodson: Letter to the President from William Thompson | Memo to President from Phil Wise | Letter to Chung Hee Park from Jimmy Carter, 1 Jul. 1979 | Letter to Choe Kyu Ha from Jimmy Carter, 17 Jul. 1979 | Letter to President from Don Bonker, 7 Jun. 1979",,,
usa1-desc-카터-19.2.7,CO 82 1/20/77-1/20/81,CO 82 1/20/77-1/20/81,카터,1977-1981년,카터,19.2.7,"- 주한미군 철수 등 한국과 관련된 문제를 논의하기 위해 Cyrus Vance, Yale 대학의 Eugene Rostow, Brzezinski, 김경원이 주고 받은 서신 모음, 엠네스티의 긴급조치9호 이후 한국의 상황 분석, 한국내 양심수 명단 등을 첨부하여 Adrian DeWind가 NSC의 Nick Platt에게 보낸 서신, 전두환 정권의 폭정과 광주사태 이후 반미감정 등을 포함한 한국 방문 감회에 대해 James T. Laney가 지미카터 대통령에게 보낸 비망록 등으로 이루어져 있다.",CO 82 1/20/77-1/20/81,39매,09-3-0090,CO-41,251,"Letter From Zbigniew Brezinski to Cyrus R. Vance | Letter From Mike Armacost to Zbigniew Brezinski | Letter From Zbigniew Brezinski to Kyung won kim special assistant to the president for international affairs, 4 Apr. 1977 | Letter to the Chairman of the International Commission of Jurists from the ""People's Revolutionary Party"" Members | Memorandum to Jimmy Carter from James T. Laney, 4 Sep. 1980 | Political Imprisonment in the Republic of Korea:a Brief Background reported by Amnesty International",,,
usa1-desc-카터-19.2.8,CO 82-2 1/20/77-12/31/77,CO 82-2 1/20/77-12/31/77,카터,1977년,카터,19.2.8,"- 퇴역군인 Van Fleet이 한국 및 그리스 문제와 관련하여 카터 대통령과의 면담을 요청 하기 위해 백악관에 보낸 서신과 이에 대한 Fran Voorde의 답신, 하버드대학의 Yasuhisa Nakada가 작성한 한반도와 일본 안보에 관한 보고서, 미군 철수 등 미국의 대 한국 정책에 대한 우려를 표한 Sang M. Lee의 서신과 이에 대한 NSC Mike Armacost의 답신, 퇴역군인 Sydney Barnes가 주한 미군 철수를 제고해 줄 것을 요청하기 위해 백악관에 보낸 서신과 이를 처리하는 과정에서 생산된 백악관의 비망록 및 답신, 정치범 으로 수감되어 있는 문익환, 문동환의 인권 개선을 촉구하기 위해 아버지 문재린 목사가 카터 대통령에게 보낸 수기 서신과 이에 대한 Edward Hurwitz의 답신, 인혁당 사건 으로 구속 수감된 아버지의 구명을 위해 유동민 어린이가 카터 대통령에게 보낸 서신과 이를 전달하는 과정에서 만들어진 비망록 및 답신 초안 등으로 이루어져 있다.",CO 82-2 1/20/77-12/31/77,158매,09-3-0091,CO-41,251,"Letter from Lawton Jordan, Jr to Hamilton Jordan assistant to the president, 23 June | Letter from Chistine Dodson to Jack Watson | Letter from Jack Watson to John P. Hunter, 26 Jul. 1978 | Letter from Fran Voorde to General Van Fleet | Letter from Yasuhisa Nakada to William R. Kintner president, foreign policy re- search institute RE:The Korean Peninsula and Japan's Security, 4 May 1977 | Letter from Michael H. Armacost to Sang M. Lee, 9 Jun. 1977 | Letter from David Aaron to Colonel Barnes, 20 Jun. 1977 | Letter from Edward Hurwitz to Reverend Moon, 20 Jun. 1977 | Letter(Korean/English) from You Dong Min to President Carter, Nov. 1976",,,
usa1-desc-카터-19.2.9,CO 82-2 4/1/77-6/30/79,CO 82-2 4/1/77-6/30/79,카터,1979년,카터,19.2.9,"- Raymond Baines가 Dale Kietzman 박사의 대 한국 정책 관련 서신을 첨부하여 Mondale 부통령에게 보낸 서신과 이에 대한 답신 초안, 국가안보와 야당의 역할에 대한 보고서를 첨부하여 이철승 신민당총재가 안보보좌관 Zbigniew Brezinski에게 보낸 서신과 이에 대한 Mike Armacost의 답신, Luigi Anderlini 등 이탈리아 국회의원 11명이 한국의 인권문제에 미국정부가 개입할 것을 요청하기 위해 카터대통령에게 보낸 서신, 주한미군 철수가 미국 경제에 미칠 영향에 대해 분석한 보고서를 첨부해 국무부 국제개발국의 John Kotch가 Brzezinski에게 보낸 서신과 이를 전달하는 과정에서 만들어진 백악관과 NSC의 비망록 등으로 이루어져 있다.",CO 82-2 4/1/77-6/30/79,77매,09-3-0092,CO-41,252,"Letter from Raymond Baines to Zbigniew Brezinski, 12 Apr. 1977 | Letter from Dale W.Kietzman to Raymond Baines, 8 Mar. 1977 | Letter from Lee Chul Seung to Zbigniew Brezinski, 22 Apr. 1977 | Letter from Richard N.Gardner to Seator Luigi Anderlini | Letter from John Kotch to Zbigniew Brezinski. | Letter from Frank Moore to the President, 19 May 1977 | Memorandum for Zbigniew Brezinski from Peter Tarnoff RE: Letter to the President on Korea from Italian Parliamentarians, 10 May 1977. | Memorandum to Zbigniew Brezinski from Rick Hutcheson, 24 May 1977",,,
usa1-desc-카터-19.2.10,CO 82-2 7/177-8/31/78,CO 82-2 7/1/77-8/31/78,카터,1977-1978년,카터,19.2.10,"- 박동선 사건의 조사를 위해 특별검사 임명을 요청한 상원위원 Howard Baker의 서신에 대한 지미카터 대통령의 답신, 주한미군철수 문제를 논의하기 위해 일본 국방아카데미 Max Inoki와 브레진스키가 주고 받은 서신, 신민당의 이철승 총재가 주한미군 철수의 제고를 요청하는 신민당의 성명서를 첨부하여 Mondale 부통령에게 보낸 서신과 이에 대한 답신 초안, 박동선 증언과 주한미군철수에 대한 미 정부의 입장을 정리한 백악관 성명서, 주한미군 철수에 반대하는 공동성명서를 첨부한 한일의회연합의 서신과 이에 대한 Mike Armacost의 답신 등으로 이루어져 있다.",CO 82-2 7/1/77-8/31/78,113매,09-3-0093,CO-41,253,"Letter from Robert S. Walker to Jimmy Carter president of U.S | Letter from Zbigniew Brezinski to Masamichi Inoki National Defence Academy, 5 July 1977 | Letter from Lee Chul Seung to President, 25 May 1977 | Memorandum of The White house: Statement on Korea, 25 Jan. 1978 | Memorandum of Zbigniew Brezinski: letter to the President from the Korea-Japan parliamentarians’ union, 17 May 1978 | Letter from Ronald K. Peterson to National Security Council",,,
usa1-desc-카터-19.2.11,CO 82-2 1/1/80-1/20/81,CO 82-2 1/1/80-1/20/81,카터,1980-1981년,카터,19.2.11,"- 한국노동연구소 소장 권두영 박사가 브레진스키 보좌관에게 보낸 편지와 이 편지가 전달된 경로를 보여주는 비망록(부분비공개) 및 답신, 김영삼 신민당 총재가 카터 대통령과 브레진스키 백악관 안보 담당 보좌관에게 보낸 서신(1980년 3월 14일 작성)과 그 답신 작성 과정에서 만들어진 비망록, 최규하 대통령이 사임 의사를 카터대통령 에게 알린 서신과 첨부된 대국민 성명(1980년 8월 16일), 전두환 대통령의 영문 전기 (1980년 9월), 메리놀 선교회의 James P Noonan 신부가 김대중 사형선고에 미국정부가 개입해줄 것을 호소하기 위해 카터 대통령에게 보낸 서신, 김수환 추기경의 6.25발발 30주년 기도회 설교 내용, 하버드 법과대학원의 코헨(Jerome Alan Cohen)이 뉴욕 타임즈에 기고한 김대중 구명에 관한 칼럼(1980년 9월 18일), 일본사회당 Asukata 당수의 서신 등으로 이루어져 있다.",CO 82-2 1/1/80-1/20/81,103매,09-3-0094,CO-41,254,"A Biography of His Excellency Chun Doo Hwan president of the Republic of Korea | Letters to the President and Dr. Brzezinski from Mr. Young Sam Kim, 10 Apr. 1980 | Statement by His Excellency Mr. Choi, Kyu Hah President of the Republic of Korea | Letter for President Jimmy Carter from Rev. James P. Noonan | Address by Cardinal Kim | Memorandum for State Secretariat: Asukata concern for events in Seoul | Memorandum for Z. Brzezinski from Donald Gregg RE:Letter to Dr. Kwon, 16 Jul. | Memorandum for Z. Brzezinski from Peter Tarnoff RE:Proposed residential Response to Aug. 16 Letter from former South Korean President Choi Kyu Hah, 19 Aug. 1980",,,
usa1-desc-레이건-1,"Dolan Anthony “Tony” R. :Files, 1981-1989",,레이건,,레이건,1,,,,,,,,,,
usa1-desc-레이건-1.1,"Downed Korean Airline(1), September 4, 1983",대한항공기 추락(1) 1983년 9월 4일,레이건,1983년,레이건,1.1,- 레이건대통령의 선임 연설문작성 비서인 Antony R. Dolan이 작성한 연설문 2편(1983년 4월 19일 상하원합동회의에서의 레이건대통령 연설문 및 1983년 9월 4일 19:00 KAL 여객기 격추사건에 대한 연설문)과 NSC군수담당 Robert Kimmit가 수기로 작성한 메모로 이루어져 있다.,대한항공기 추락(1) 1983년 9월 4일,3건(33매),08-1-0001,23,281,PRESIDENTIAL ADDRESS: DOWNED KOREAN AIRLINER | PRESIDENTIAL ADDRESS TO JOINT SESSION OF CONGRESS | MEMO FROM BOB S/MS TO DOLAN(MY COMMENTS),,,
usa1-desc-레이건-1.2,"Downed Korean Airline(2), September 4, 1983",대한항공기 추락(2) 1983년 9월 4일,레이건,1983년,레이건,1.2,- KAL 여객기 격추사건에 대한 1983년 9월 4일 레이건대통령 연설문초안(폴더(1)의 연설문으로 수정하기 전 내용 17:00p.m.작성. 오탈자 및 단어 등 수정사항 수기작성)과 1983년 7월20일 DOLAN의 연설문으로 이루어져 있다.,대한항공기 추락(2) 1983년 9월 4일,2건(48매),08-1-0002,23,281,"PRESIDENTIAL ADDRESS: DOWNED KOREAN AIRLINER | DOLAN SPEECH(July 20, 1983)",,,
usa1-desc-레이건-1.3,"Downed Korean Airline(3), September 4, 1983",대한항공기 추락(3) 1983년 9월 4일,레이건,1983년,레이건,1.3,- KAL 여객기 격추사건에 대한 1983년 9월 4일 레이건대통령 연설문초안(폴더(2)의 대통령연설문과 동일)과 수기로 작성된 메모 2장이 첨부되어 있다.,대한항공기 추락(3) 1983년 9월 4일,1건(19매),08-1-0003,23,282,PRESIDENTIAL ADDRESS: DOWNED KOREAN AIRLINER,,,
usa1-desc-레이건-2,"Lilac, Robert H. : Files, 1982-1983",,레이건,,레이건,2,,,,,,,,,,
usa1-desc-레이건-2.1,"KAL(September 15, 1983)(1)",대한항공(1983년 9월 15일)(1),레이건,1983년,레이건,2.1,- Oliver L. North와 Robert H. Lilac가 John M. Poindexter에게 보내는 대외비 메모 (비밀해제됨) 1건. 이 메모는 KAL기 격추사건을 계기로 민간항공의 안전을 위해 GPS를 민간에서도 사용할 수 있도록 한다는 대통령성명서 초안 및 대언론용 질의응답서가 첨부되어 있다.,대한항공(1983년 9월 15일)(1),1건(9매),08-1-0004,90325,282,MEMO from Oliver North and Robert Lilac to John Poindexter: re press guidance regarding Global Positioning System.,,,
usa1-desc-레이건-3,"Matlock, Jack F., JR.:Files, 1983-1986",,레이건,,레이건,3,,,,,,,,,,
usa1-desc-레이건-3.1,KAL(1/3),대한항공(1/3),레이건,1983년,레이건,3.1,"- ’83년 9월 4일 양당 의회지도부와의 회담시 레이건대통령의 발언요지 및 준비사항에 대한 메모, KAL 격추사건에 대해 애도를 전하는 레이건대통령 라디오연설문 초안, KAL기 격추에 대한 미국의 대응책, Bob Sims가 John Hughes, Henry Catto, Chuck Wilson에게 보내는 RC-135기에 대한 행정부 공식입장에 대한 메모, 소련의 KAL 격추 사실 부인에 대한 대응방안 초안 등으로 이루어져 있다.",대한항공(1/3),4건(27매),08-1-0005,28,283,"Memo[제목없음] | Draft Presidential Radio Speech | THE U.S. RESPONSE TO SOVIET DESTRUCTION OF THE KAL AIRLINER | MEMO FROM BOB SIMS TO JOHN HUGHES, HENRY CATTO, CHUCK WILSON",,,
usa1-desc-레이건-3.2,KAL(2/3),대한항공(2/3),레이건,1983년,레이건,3.2,- 1983년 9월 5일 KAL 007기 격추사건에 대한 레이건대통령 TV연설문. 연설문에는 수기로 메모가 적혀있고 시간대를 달리하여 검토과정을 보여주는 여러 부의 초안으로 이루어져 있다.,대한항공(2/3),1건(66매),08-1-0006,28,283,"PRESIDENTIAL TELEVISION ADDRESS: FLIGHT 007 MONDAY, SEPTEMBER 5, 1983",,,
usa1-desc-레이건-3.3,KAL(3/3),대한항공(3/3),레이건,1983년,레이건,3.3,"- 1983년 9월5일 레이건대통령 TV연설문에 대한 간단한 보고서와 Charles M. Hill이 William P. Clark에게 보내는 메모들(소련의 대한항공기 격추에 대한 국가안보결정 지침(NSDD) 초안/소련에 대한 민간항공조치에 관한 관계부처간 보고서/9월4일 의원 모임에서의 논의사항)로 이루어져 있으며, 메모에 첨부된 문서는 수록되어 있지 않다.",대한항공(3/3),4건(12매),08-1-0007,28,284,"FACT SHEET(The President’s Address to the Nation) | MEMORANDUM FOR MR. WILLIAM P. CLARK FROM CHARLES M. HILL- SUBJECT: DRAFT NSDD ON SOVIET DOWNING OF KAL AIRLINER | MEMORANDUM FOR MR. WILLIAM P. CLARK FROM CHARLES M. HILL- IG Working Group Papers on Civil Aviation Measures Against the Soviet Union | MEMORANDUM FOR MR. WILLIAM P. CLARK FROM CHARLES M. HILL- President’s Talking Points for Meeting with Congressmen, September 4)",,,
usa1-desc-레이건-4,"McNamara, Thomas E.: Files, 1987-1988",,레이건,,레이건,4,,,,,,,,,,
usa1-desc-레이건-4.1,Terrorism: Exercises(Olympics ’88),서울올림픽 對테러훈련,레이건,1987-88년,레이건,4.1,"- 미 국방부 정보국(DIA)에서 작성한 1988년 서울 올림픽 테러방지대책보고서, 미 특수 전단에서 한미연합특전사에 보낸 전문, 한미연합특전사에서 미 국무부 및 각급 정보 기관으로 보낸 전문, 88올림픽에서의 핵테러 가능성에 대한 사전평가보고서, 미 국방부 정보국에서 국가안전보장회의 간부에게 한국의 테러위협에 대한 배경정보를 제공하기 위해 작성한 평가서로 이루어져 있다. 수집된 기록물의 대부분은 부분공개 문서이다.",서울올림픽 對테러훈련,8건(42매),08-1-0008,92271,285,"list-re: Terrorism:Exercises(Olympics) | report-1988 Seoul Olympics: Counterterrorism Measures(U) | cable-re: exercise Ellipse Foxtrot 88 | cable-re: a second in-progress review | paper-Nuclear Terrorism at the XXIV OLYMPIAD, 1988 Republic of Korea PRELIMINARY ASSESSMENT 27 October 1987 | paper-Terrorist Threat Assessment for the Republic of Korea | paper-Terrorist Threat Assessment in the Republic of Korea | cable-first impressions of Jade Nugget 88",,,
usa1-desc-레이건-5,"Sigur, Gaston J.: Files, 1982-1986",,레이건,,레이건,5,,,,,,,,,,
usa1-desc-레이건-5.1,"Briefing Materials re: China, Japan, Korea, Thailand, Indonesia, Philippines, Australia, Economics(3/6)[Korea] 중국, 일본, 한국, 태국, 인도네시아, 필리핀, 호주 및 경제에 관한 브리핑 자료",(3/6)[대한민국],레이건,1983년,레이건,5.1,"- 1982년 9월부터 1983년 5월까지 한국관련 주요 일정 보고서와 대한민국 전망에 대한 국방평가 요약문서(미 국방부 정보국 작성, 부분공개, 제한사유 F1, F3)로 이루어져 있다. ‘Briefing Materials re: China, Japan, Korea, Thailand, Indonesia, Philippines, Australia, Economics’는 6개의 폴더로 이루어져 있으며, 이 중 폴더(3)가 한국과 관련된 기록물 폴더이다.",(3/6)[대한민국],2건(13매),08-1-0009,90230,286,chronology: South Korea | DEFENSE ESTIMATIVE BRIEF PROSPECTS FOR SOUTH KOREA,,,
usa1-desc-레이건-5.2,Briefing Materials for East Asia Survey Trip 07/17/1983-08/ 01/1983(5/5),레이건대통령 동아시아 순방 대비 브리핑 자료(5/5),레이건,1982-83년,레이건,5.2,"- 레이건대통령의 1983년 11월 한국방문을 앞두고 미 국무부에서 준비한 브리핑문서들 (한국 국내정치상황, 남북관계, 한국의 전력(戰力), 국방지원과 무기 수출문제, 한미 안보관계, 무역문제, 인권관련)과 방문일정, 한미관계 개괄, 국무부 출판국에서 발간한 BACKGROUND NOTES시리즈 중 남한편으로 이루어져 있다.",레이건대통령 동아시아 순방 대비 브리핑 자료(5/5),4건(37매),08-1-0010,90230,286,"NOTIONAL SCHEDULE FOR THE PRESIDENT’S EAST ASIA TRIP(KOREA) | US-KOREA RELATIONS: OVERVIEW | DEPARTMENT OF STATE BRIEFING PAPER-DOMESTIC POLITICAL SITUATION, NORTH-SOUTH KOREAN RELATIONS, KOREA: THE MILITARY BALANCE, SECURITY ASSISTANCE AND ARMS EXPORT PROBLEMS, THE US-KOREA SECURITY RELATIONSHIP, KOREA: ECONOMIC AND TRADE ISSUES, KOREA: HUMAN RIGHTS | BACKGROUND NOTES [SOUTH]KOREA",,,
usa1-desc-레이건-5.3,"Sec. Shultz’s Visit to Asia, 01/29/1983-02/10/1983 II Korea and Hong Kong, NSC–Mr. Sigur(1/5) 슐츠국무장관 아시아순방, 83년 1월29일-2월10일 제2권: 한국과 홍콩,",NSC-Mr. Sigur(1/5),레이건,1983년,레이건,5.3,"- 1983년 1월29일부터 2월10일까지 슐츠국무장관의 아시아순방과 관련하여 성명서, 일정표, 행동계획 등이 수록되어 있다.",NSC-Mr. Sigur(1/5),1건(61매),08-1-0011,90230,287,"Secretary Shultz’s Visit to Asia January 29-February 10, 1983",,,
usa1-desc-레이건-5.4,"Sec. Shultz’s Visit to Asia, 01/29/1983-02/10/1983 II Korea and Hong Kong, NSC – Mr. Sigur(2/5) 슐츠국무장관 아시아순방, 83년 1월29일-2월10일 제2권: 한국과 홍콩,",NSC-Mr. Sigur(2/5),레이건,1983년,레이건,5.4,"- 폴더 1에 이어서 슐츠국무장관의 한국순방과 관련한 언론 질의응답자료 및 1983년 2월 7일 오찬 및 만찬 인사말 등이 수록되어 있다. 이 폴더내에는 2월6일 한국 외무부장관 이범석과 회담 및 2월7일 한국경제지도자들과의 조찬모임에 대해 사전에 PAUL WOLFOWITZ 가 국무장관에게 보내는 브리핑메모, 회담 및 조찬모임 후 작성된 메모가 있으나 열람제한으로 수집되지 못했다.",NSC-Mr. Sigur(2/5),1건(36매),08-1-0012,90230,287,"Secretary Shultz’s Visit to Asia January 29-February 10,1983 -PRESS Q’S AND A’S (KOREA), Toast for President’s Luncheon February 7, 1983, Toast for Foreign Minister’s Dinner",,,
usa1-desc-레이건-5.5,"Sec. Shultz’s Visit to Asia, 01/29/1983-02/10/1983 II Korea and Hong Kong, NSC – Mr. Sigur(3/5) 슐츠국무장관 아시아순방, 83년 1월29일-2월10일 제2권: 한국과 홍콩,",NSC-Mr. Sigur(3/5),레이건,1983년,레이건,5.5,"- 슐츠국무장관의 한국방문과 관련하여 국무부에서 작성한 남-북관계, 안보지원 및 무기 수출, 경제와 무역문제, 인권상황, 대(對) 한국 쌀수출, 부산 미문화원 방화사건에 관한 브리핑 자료 및 대한민국 현황에 관한 기록이 수록되어 있다. 이 폴더에는 그 외 PAUL WOLFOWITZ 가 국무장관에게 보내는 브리핑문서 및 전두환/김상협/이범석 등 한국 주요인사의 약력 등의 기록물은 열람제한으로 수집되지 못했다.",NSC-Mr. Sigur(3/5),7건(28매),08-1-0013,90230,288,DEPARTMENT OF STATE BRIEFING PAPER | ECONOMIC AND TRADE ISSUES | SECURITY ASSISTANCE AND ARMS EXPORT PROBLEMS | NORTH-SOUTH RELATIONS | Human rights situation | Rice sales to Korea | Pusan Arson case | Korea Fact Sheet,,,
usa1-desc-레이건-5.6,"Sec. Shultz’s Visit to Asia, 01/29/1983-02/10/1983 II Korea and Hong Kong, NSC – Mr. Sigur(4/5) 슐츠국무장관 아시아순방, 83년 1월29일-2월10일 제2권: 한국과 홍콩,",NSC-Mr. Sigur(4/5),레이건,1983년,레이건,5.6,"- 슐츠국무장관의 홍콩방문일정과 세부일정관련 문서들, 언론질의응답자료, 동북아시아 (한중일)순방에 대한 논평, 동아시아 재외공관장들에게 행한 연설문 등으로 이루어져 있다.",NSC-Mr. Sigur(4/5),4건(52매),08-1-0014,90230,289,East Asia and Pacific chiefs of mission conference participants | PRESS THEMES FOR HONG KONG | COMMENTS ON THE NORTHEAST ASIAN TRIP | SECRETARY SHULTZ REMARKS TO EAST ASIA CHIEFS OF MISSION,,,
usa1-desc-레이건-5.7,"Sec. Shultz’s Visit to Asia, 01/29/1983-02/10/1983 II Korea and Hong Kong, NSC–Mr. Sigur(5/5) 슐츠국무장관 아시아순방, 83년 1월29일-2월10일 제2권: 한국과 홍콩,",NSC-Mr. Sigur(5/5),레이건,1982-83년,레이건,5.7,"- 슐츠국무장관의 아시아순방과 관련하여 아시아주제 미국대사들의 약력 보고서로 이루어져 있다. 이 중에는 주한 미대사인 Richard L. Walker의 약력도 포함되어 있다. 약력에는 Walker의 출신지, 학력사항 및 주요 경력이 간단하게 기술되어 있다.",NSC-Mr. Sigur(5/5),1건(27매),08-1-0015,90230,289,"BIOGRAPTIC SUMMARY AMBASSADOR TO KOREA(RICHARD L. WALKER), JAPAN (MIKE MANSFIELD), CHINA(HUMMEL), THAILAND....",,,
usa1-desc-레이건-5.8,The Trip of President Reagan to Japan and Korea(1/6),레이건대통령의 일본 및 한국 순방(1/6),레이건,1983년,레이건,5.8,"- 레이건대통령의 한일방문 결산 요약 보고서 제1부. 여기에는 일본방문과 관련하여 방문 배경에 대해 슐츠국무장관이 레이건대통령에게 보내는 메모, 방문에 대비한 국무부 브리핑 문서(중국의 아시아정책, 아시아에서의 소련, 세계경제이슈, 태평양지역 주도권 등), 레이건 대통령 일본방문 주요 행사개요, 일본에서의 논의 안건 등으로 이루어져 있다.",레이건대통령의 일본 및 한국 순방(1/6),1건(41매),08-1-0016,90230,290,"PRESIDENT REAGAN’S TRIP TO JAPAN AND KOREA NOVEMBER 8-14, 1983 | TABLE OF CONTENTS/OVERALL TRIP SUMMARY SCHEDULE | BACKGROUND PAPERS FOR THE OVERALL TRIP(CHINA’S POLICY IN ASIA/THE SOVIETS IN ASIA...) | PRESIDENT’S VISIT TO TOKYO, JAPAN SUBSTANTIVE OUTLINE OF MAJOR EVENTS | MEMORANDUM FOR THE PRESIDENT FROM GEORGE P. SHULTZ (SUBJECT: YOUR VISIT TO JAPAN) | SUGGESTED TALKING POINTS FOR YOUR MEETING WITH PRIME MINISTER NAKASONE ON GLOBAL ISSUES",,,
usa1-desc-레이건-5.9,The Trip of President Reagan to Japan and Korea(2/6),레이건대통령의 일본 및 한국 순방(2/6),레이건,1983년,레이건,5.9,"- 레이건대통령의 한일방문 결산 요약 보고서 제2부. 여기에는 일본에 대한 개요와 과학 기술 현안에 대한 미국무부 브리핑자료, 일본에서 레이건대통령의 인사말 및 연설문 초안들로 이루어져 있다.",레이건대통령의 일본 및 한국 순방(2/6),4건(52매),08-1-0017,90230,291,BACKGROUND PAPERS/DEPARTMENT OF STATE BRIEFING PAPER/JAPAN: COUNTRY PROFILE | DEPARTMENT OF STATE BRIEFING PAPER/JAPAN: Science and Technology Issues | TALKING POINTS FOR THE PRESIDENT’S MEETING WITH THE EMPEROR AT THE IMPERIAL PALACE | ADDRESS OF PRESIDENT RONALD W.REAGAN BEFORE THE JAPANESE DIET,,,
usa1-desc-레이건-5.10,The Trip of President Reagan to Japan and Korea(3/6),레이건대통령의 일본 및 한국 순방(3/6),레이건,1983년,레이건,5.10,- 레이건대통령의 도쿄 언론사 리셉션에서의 연설문이 수록되어 있다. 폴더내에는 히로히토 등 일본 주요인사 이력 31건이 있으나 열람제한으로 수집되지 않았다.,레이건대통령의 일본 및 한국 순방(3/6),1건(12매),08-1-0018,90230,291,THE PRESIDENT’S PUBLIC REMARKS/PRESIDENT REAGAN’S REMARKS AT THE PRESS RECEPTION. TOKYO,,,
usa1-desc-레이건-5.11,US-KOREA Subcabinet Economic Consultation 3/31-4/1[1of3],한미 차관급 경제회의 3/31-4/1 (1/3),레이건,1983년,레이건,5.11,"- 1983년 3월 31일-4월1일에 열린 한미간 차관급경제회의 일정표, 양국 대표단 명단, 의제별 논의사항 및 양국입장이 요약 정리된 보고서로 구성된 미 국무부 브리핑문서 모음 제1부",한미 차관급 경제회의 3/31-4/1 (1/3),1건(36매),08-1-0019,90230,292,"US-KOREA Subcabinet Economic Consultation March 31-April 1, 1983",,,
usa1-desc-레이건-5.12,US-KOREA Subcabinet Economic Consultation 3/31-4/1[2of3],한미 차관급 경제회의 3/31-4/1(2/3),레이건,1983년,레이건,5.12,"- 한미간 차관급 경제회의 의제별 논의사항에 대한 미 국무부 브리핑문서 모음 제2부. 차관급 경제회의에서 다룬 주요 의제로는 과학, 어업, 한미 해사(海事)관계, 민간 항공사, GATT 각료회의 추진, 다자간 교역, 한미 교역협상 그룹에 대한 보고, 공산품 및 서비스 시장 접근 문제 등이 다루어졌다.",한미 차관급 경제회의 3/31-4/1(2/3),1건(37매),08-1-0020,90230,292,"US-KOREA Subcabinet Economic Consultation March 31-April 1, 1983 | AGENDA PAPERS/DEPARTMENT OF STATE BRIEFING PAPER/SCIENCE, FISHERIES, U.S.- ROK MARITIME RELATIONS,CIVIL AVIATION",,,
usa1-desc-레이건-5.13,US-KOREA Subcabinet Economic Consultation 3/31-4/1[3of3],한미 차관급 경제회의 3/31-4/1(3/3),레이건,1982-83년,레이건,5.13,"- 한미간 차관급 경제회의 의제별 논의사항에 대한 미 국무부 브리핑문서 모음 제3부. 여기서는 농업시장 접근 문제, 미국의 경제 전망, 한국의 경제 전망, 한국의 에너지 분야, 한국의 투자환경 등을 다루고 있으며, 한국의 정치 상황, 남북관계, 한미간 안보 관계에 대한 미 국무부 브리핑문서, 개막/오찬/만찬행사에서 국무부 차관보 Wallis의 인사말 원고가 수록되어 있다.",한미 차관급 경제회의 3/31-4/1(3/3),2건(44매),08-1-0021,90230,293,"US-KOREA Subcabinet Economic Consultation March 31-April 1, 1983 | AGENDA PAPERS/DEPARTMENT OF STATE BRIEFING PAPER/MARKET ACCESS- AGRICULTURE, U.S. Economic prospects, Korea Economic prospects, Korean Energy Sector, Korea’s investment climate, Domestic Political Situation, North- South relations, U.S.-Korea Security relationship | MR. WALLIS’ REMARKS/U.S. KOREA ECONOMIC CONSULTATIONS MR. WALLIS’DINNER TOAST MARCH 31, 1983",,,
usa1-desc-레이건-5.14,President’s Trip-KOREA,레이건대통령 해외순방-대한민국,레이건,1983년,레이건,5.14,"- 레이건대통령의 방한 목적과 한국의 현재 상황을 설명해주는 문서. 레이건대통령의 만찬인사말과 인사말 준비과정에서 오고간 메모들, 레이건대통령 귀국 후 전두환 대통령의 방한감사편지(한글/영문 각1장)로 이루어짐. 한국국회의원 봉두완이 Dr. Gaston J. Sigur에게 보내는 편지에는 버마 아웅산 폭파암살사건에 대한 대한민국 국회의 결의 문이 첨부되어 있다.",레이건대통령 해외순방-대한민국,9건(23매),08-1-0022,90612,293,REMARKS OF THE PRESIDENT AT STATE DINNER HOSTED BY PRESIDENT CHUN OF KOREA | Chun THANK YOU TO PRES FOR SUCCESSFUL VISIT TO KOREA | LETTER FROM Duwan Pong TO Dr. Gaston J. Sigur(Resolution Condemning the Brutal Assassination of Members of Diplomatic Mission Making an Official State Visit to Burma) | Memorandum for the deputy under secretary of defense for policy : Special Briefing | President’s trip to South Korea : Technology Transfer and Stratiegic Trade | Memorandum for Robert C. McFARLANE : Letter from President to Ambassador Dixie Walker in Korea | Memorandum for Mr. Robert C. McFARLANE : President Reagan’s Trip to Korea | Remarks of the President at state diner | Memorandum for Robert C. McFARLANE : Cable on your dinner with Director Lho in Seoul on November 13,,,
usa1-desc-레이건-5.15,President’s Trip-Korea-[Address to National Assembly],레이건대통령 해외순방-대한민국[국회 연설],레이건,1983년,레이건,5.15,- 1983년 11월12일 레이건대통령이 대한민국 국회에서 행할 연설문 초안과 초안 검토 과정을 보여주는 백악관 보좌진의 메모들로 이루어져 있다.,레이건대통령 해외순방-대한민국[국회 연설],2건(45매),08-1-0023,90612,294,"Draft remarks/PRESIDENTIAL ADDRESS: NATIONAL ASSEMBLY SEOUL, KOREA SATURDAY, NOVEMBER 12, 1983 | WHITE HOUSE STAFFING MEMORANDUM: ADDRESS: NATIONAL ASSEMBLY SEOUL, KOREA",,,
usa1-desc-레이건-5.16,Korea-Visit of Min. of Foreign Affairs-Bum Suk Lee-05/ 03/1983,대한민국-외무부장관 이범석의 미국 방문-1983년 5월 3일,레이건,1983년,레이건,5.16,"- 이범석 외무부장관의 방미일정과 부통령 면담시 참석자 명단 및 논의사항, 이 외무장관의 방문목적 및 논의사항에 대한 국무부 브리핑자료, 그리고 북한의 제3세계 군사원조현황에 대한 국방부 문서가 수록되어 있다.",대한민국-외무부장관 이범석의 미국 방문-1983년 5월 3일,7건(25매),08-1-0024,90612,295,"Memorandum: Approved President Activity | Memorandum for the Secretary of Defense: ROK Minister of Foreign Affairs Call on SecDef. | Background Paper : North Korean Military Assistance to the Third World | Briefing Memorandum for the Vice President’s Meeting with the Korean Foreign Minister | OUTLINE SCHEDULE FOR THE VISIT TO WASHINGTON OF KOREAN FOREIGN MINISTER BUM SUK LEE April27-May5, 1983 | LIST OF PARTICIPANTS IN THE VICE PRESIDENT’S MEETING WITH FOREIGN MINISTER LEE | TALKING POINTS FOR THE VICE PRESIDENT’S MEETING WITH FOREIGN MINISTER LEE",,,
usa1-desc-레이건-5.17,Presidential Meetings with Foreign officials-1983,레이건대통령의 각국 외교관 회담-1983,레이건,1983년,레이건,5.17,"- 이원경 외무부장관의 1983년 12월 1일 방미와 관련하여, 방문목적, 참석자명단, 의제별 미국측 대응방침에 관한 문서가 수록되어 있으며, 폴더내에는 중국외교부장관 Xueqian Wu의 워싱턴과 시카고 방문일정에 대한 전문(telegram)도 포함되어 있다.",레이건대통령의 각국 외교관 회담-1983,2건(18매),08-1-0025,90612,296,"PROPOSED SCHEDULE FOR CHINESE FOREIGN MINISTER WU XUEQIAN | Memorandum for Robert C. McFareane: The President’s Meeting with Korean Foreign Minister Lee Wong Kyung, December 1, 1983 9:40 a.m., Oval Office",,,
usa1-desc-레이건-5.18,President’s Trip-Korea-Cables,레이건대통령의 해외 순방-대한민국-전문,레이건,1983년,레이건,5.18,- 레이건대통령 방한일정 논의 및 양국대통령회담내용을 담은 한국주재 미대사관 및 국무부간 수발신된 전문,레이건대통령의 해외 순방-대한민국-전문,14건(33매),08-1-0026,90612,296,Cable #180118Z | Cable #200549Z | Cable #270224Z | Cable #290849Z | Cable #050832Z Section 1 | Cable #050832Z Section 2 | Cable #050832Z Section 3 | Cable : National Schedule for the President | Cable #090824Z | Cable #110806Z | Cable #070528Z | Cable #070918Z | Cable #170247Z | Cable #011723Z,,,
usa1-desc-레이건-5.19,President’s Trip-Korea-[Interview with Korean Broadcasting System],레이건대통령의 해외 순방-대한민국[KBS인터뷰],레이건,1983년,레이건,5.19,- 레이건대통령의 KBS 인터뷰 대응을 위해 예상 질문과 답변을 준비한 문서로 이루어져 있다.,레이건대통령의 해외 순방-대한민국[KBS인터뷰],1건(11매),08-1-0027,90612,297,Memorandum: Proposed Questions and Answers for the President’s interview with the Korean Broadcasting System,,,
usa1-desc-레이건-5.20,"Sec. Shultz’s Trip to China, Japan, Korea-February 1983(1/3)","슐츠국무장관의 중국, 일본, 한국 순방-1983년 2월(1/3)",레이건,1983년,레이건,5.20,"- 1983년 2월 슐츠국무장관의 한국방문과 관련한 언론브리핑, 방송내용 및 슐츠국무장관의 만찬사 자료를 전하는 한국주재 미대사관과 워싱턴소재 미공보처 간 전문들로 이루어져 있다.","슐츠국무장관의 중국, 일본, 한국 순방-1983년 2월(1/3)",7건(28매),08-1-0028,90621,297,Cable #070528Z | Cable #061233Z | Cable #070505Z | Cable #071026Z | Cable #060443Z | Cable #072219Z | Cable #080923Z,,,
usa1-desc-레이건-5.21,"Sec. Shultz’s Trip to China, Japan, Korea-February 1983(2/3)","슐츠국무장관의 중국, 일본, 한국 순방-1983년 2월(2/3)",레이건,1982-83년,레이건,5.21,,"슐츠국무장관의 중국, 일본, 한국 순방-1983년 2월(2/3)",14건(44매),08-1-0029,90621,298,Cable #021743Z | Cable #021834Z | Cable #051736Z | Cable #051921Z | Cable #032116Z | Cable #030200Z | Cable #021011Z | Cable #030858Z | Cable #050809Z | Cable #040926Z | Cable #060052Z | Cable #051855Z | Cable #070952Z | Cable #071022Z,,,
usa1-desc-레이건-5.22,"Sec. Shultz’s Trip to China, Japan, Korea-February 1983(3/3)","슐츠국무장관의 중국, 일본, 한국 순방-1983년 2월(3/3)",레이건,1983년,레이건,5.22,- 슐츠국무장관의 중국방문에 대한 언론보도내용(한반도 문제포함)을 홍콩주재 미국공보처 에서 워싱턴 및 서울주재 미국대사관으로 보내는 전문,"슐츠국무장관의 중국, 일본, 한국 순방-1983년 2월(3/3)",1건(6매),08-1-0030,90621,299,"Cable #071001Z MEDIA REPORT; PRO-PRC PRESS, FEBRUARY 7, 1983",,,
usa1-desc-레이건-6,"APPOINTMENTS AND SCHEDULING, OFFICE OF: Records, 1981-1989",,레이건,,레이건,6,,,,,,,,,,
usa1-desc-레이건-6.1,President Roh TAE WOO(Republic of KOREA 10/20 1988),(대한민국)노태우대통령 10/20/1988,레이건,1988년,레이건,6.1,"- FREDERICK J. RYAN, JR(대통령 일정비서관)이 COLIN POWELL에게 보내는 1988년 10월 20일 노태우-레이건대통령 정상오찬 일정에 관한 비망록과 수기로 작성된 메모1장 으로 이루어져 있다.",(대한민국)노태우대통령 10/20/1988,1건(4매),08-1-0031,18819,299,"MEMORANDUM FROM FREDERICK J. RYAN, JR. TO COLIN POWELL(SUBJECT: APPROVED PRESIDENTIAL ACTIVITY)",,,
usa1-desc-레이건-7,"Counsel TO THE PRESIDENT, WHITE HOUSE OFFICE OF: INVESTIGATIONS: Records, 1981-1989",,레이건,,레이건,7,,,,,,,,,,
usa1-desc-레이건-7.1,M.K DEAVER: NSC Document Chun Visit(1),마이클 디버: 국가안전보장회의 문서-전두환대통령 방미(1),레이건,1985년,레이건,7.1,"- 전두환대통령과 부시부통령의 만찬준비와 관련하여 필요한 사전 정보를 국무부에 요청 하고 받는 메모, 양국 영부인의 다과회와 관련하여 국무부에서 주고받은 메모, 한국측 선물에 대한 사진이 포함된 설명서와 낸시 영부인의 감사편지, 1985년 4월26일 한미 정상회담에서 양국정상의 논평내용만을 복사한 문서들로 이루어져 있다.",마이클 디버: 국가안전보장회의 문서-전두환대통령 방미(1),6건(33매),08-1-0032,CF0A710,300,"MEMORANDUM FOR Jay B. Stephens : Michael K. Deaver Matter | MEMORANDUM FOR ROBERT M. KIMMITT FROM Don Gregg : Vice President’s Dinner Meeting with Korean President Chun Doo Hwan)/REQUEST BACKGROUND PAPERS FOR VP 25 APRIL DINNER MEETING WITH PRESIDENT CHUN | MEMORANDUM FOR TOBERT M. KIMMITT FROM GASTON J. SIGUR(SUBJECT: Coffee for Mrs. Chun of Korea Hosted by Mrs. Reagan) | THANK YOU LETTER FROM MRS REAGAN TO MRS CHUN FOR GIFT | THE FIRST LADY’S SCHEDULE Friday, April 26, 1985 | Administration of Fonald Reagan, 1985/apr. 26",,,
usa1-desc-레이건-7.2,M.K DEAVER : NSC Document Chun Visit(2),마이클 디버: 국가안전보장회의 문서 전두환대통령 방미(2),레이건,1985년,레이건,7.2,"- 전두환대통령이 귀국하면서 레이건대통령에게 보내는 감사편지(원문은 없고 전문형태로 보내짐), 안보담당보좌관 Robert MCFARLANE에게 보내는 감사편지(한글/영문), MCFARLANE과 상원의원 FRANK MURKOWSKI간에 한국시장 개방과 관련하여 주고받은 편지로 이루어져 있다. 폴더(1)에 있는 양국 정상부인간 다과회 관련 동일문서가 재수록 되어 있다.",마이클 디버: 국가안전보장회의 문서 전두환대통령 방미(2),5건(35매),08-1-0033,CF0A710,301,PRESIDENT CHUN 28 APRIL MESSAGE TO PRESIDENT | PRESIDENT CHUN THANK YOU LETTER TO MCFARLANE RE CONTRIBUTION TO SUCCESS OF APRIL VISIT | MEMORANDUM FOR ROBERT C. McFARLANE FROM GASTON J. SIGUR : Response to Senator Frank Murkowski on Korea Market Access | LETTER TO MCFARLANE FROM SENATOR MUFKOWSKI RE SUGGESTIONS MEETING BETWEEN PRESIDENT & CHUN DOO HWAN 25-26 APRIL | Memorandum for Robert M. Kimmitt : Vice President’s Dinner Meeting with Korean President Chun Doo Hwan,,,
usa1-desc-레이건-7.3,M.K DEAVER : NSC Document Chun Visit(3),마이클 디버: 국가안전보장회의 문서 전두환대통령 방미(3),레이건,1985년,레이건,7.3,"-폴더(1), (2)와 동일한 문서가 재수록되어 있다.",마이클 디버: 국가안전보장회의 문서 전두환대통령 방미(3),11건(44매),08-1-0034,CF0A710,302,"MEMORANDUM FOR Jay B. Stephens : Michael K. Deaver Matter | MEMORANDUM FOR ROBERT M. KIMMITT FROM Don Gregg : Vice President’s Dinner Meeting with Korean President Chun Doo Hwan)/REQUEST BACKGROUND PAPERS FOR VP 25 APRIL DINNER MEETING WITH PRESIDENT CHUN | MEMORANDUM FOR TOBERT M. KIMMITT FROM GASTON J. SIGUR(SUBJECT: Coffee for Mrs. Chun of Korea Hosted by Mrs. Reagan) | THANK YOU LETTER FROM MRS REAGAN TO MRS CHUN FOR GIFT | THE FIRST LADY’S SCHEDULE Friday, April 26, 1985 | Administration of Fonald Reagan, 1985/apr. 26 | PRESIDENT CHUN 28 APRIL MESSAGE TO PRESIDENT | PRESIDENT CHUN THANK YOU LETTER TO MCFARLANE RE CONTRIBUTION TO SUCCESS OF APRIL VISIT | MEMORANDUM FOR ROBERT C. McFARLANE FROM GASTON J. SIGUR : Response to Senator Frank Murkowski on Korea Market Access | LETTER TO MCFARLANE FROM SENATOR MUFKOWSKI RE SUGGESTIONS MEETING BETWEEN PRESIDENT & CHUN DOO HWAN 25-26 APRIL | Memorandum for Robert M. Kimmitt : Vice President’s Dinner Meeting with Korean President Chun Doo Hwan",,,
usa1-desc-레이건-7.4,M.K DEAVER : ORM[office of Records Management] Search Regarding South Korea,마이클 디버: ORM[백악관 기록관리실]남한에 관한 조사,레이건,1983-87년,레이건,7.4,"- TERRY GOOD이 CHRIS COX에게 한국과의 연락기록 조사결과에 대해 보낸 메모 (1987년), William A. Brown이 MIKE MCMANUS에게 레이건대통령 동아시아 방문일정에 대한 예비답사 브리핑북에 관해 보낸 메모, 1983년 7월29일 청와대에서 이루어진 한미 비공식회담에 대한 비망록, MICHAEL K. DEAVER가 한국측인사(대통령, 외무장관, 사무총장)에게 보낸 감사편지로 이루어져 있다.",마이클 디버: ORM[백악관 기록관리실]남한에 관한 조사,6건(16매),08-1-0035,CF0A710,303,"MEMORANDUM FOR CHRIS COX FROM TERRY GOOD: RE COMMUNICATIONS TO/FROM SOUTH KOREA | memo William Brown to Mike McManus: re briefing book for survey trip of President’s itinerary in East Asia | memorandum of conversation: 7/29/83 meeting involving Chun Doo Hwan, Michael Deaver,et al. | Letter from Michael K. Deaver to Chun Doo Hwan, President of the Republic of Korea | Letter from Michael K. Deaver to Bum Suk Lee, Minister of Foreign Affairs | Letter from Michael K. Deaver to Hahn Pyong-choon, Secretary General",,,
usa1-desc-레이건-8,"EXECUTIVE SECRETARIAT, NSC:National Security Planning Group(NSPG): Records, 1981-1987",,레이건,,레이건,8,,,,,,,,,,
usa1-desc-레이건-8.1,NSPG 0068 & 0068A-03 Sep 1983(1) [Lebanon & KAL](1),"국가안보기획그룹 0068 & 0068A-1983년 9월 3일(1) [레바논, KAL사건](1)",레이건,1983년,레이건,8.1,"- 이스라엘 베긴(BEGIN Menachem)총리와의 전화통화 내용 정리(수기로 작성된 것과 타이핑된 것 2종류), 레바논 상황을 논의하기 위한 1983년 9월 3일 국가안보기획그룹 (NSPG)모임을 알리는 메모, 베이루트 주재 미대사관에서 국무장관에게 보내는 전문, 텔아비브 주재 미대사관에서 국무장관에게 보내는 전문 등으로 이루어져 있다. 메모에는 진행순서와 최종의제문서가 첨부되어 있다.","국가안보기획그룹 0068 & 0068A-1983년 9월 3일(1) [레바논, KAL사건](1)",9건(55매),08-1-0036,91306,304,"TALKING POINTS FOR PHONE CALL TO PRIME MINSTER BEGIN | Memorandum : NSPG Meeting on the Lebanon Situation | Memorandum : Lebanon: NSPG DISCUSSION PAPER for SEPTEMBER 3 | Memorandum : NSPG Meeting on Lebanon | National Security Planning Group Meeting : September 3, 1983 | NESA/AI/L : LEBANON: Morning Update | cable #031551Z | cable #031409Z | cable #031548Z",,,
usa1-desc-레이건-8.2,NSPG0068 & 0068A- 03 Sep 1983(2) [Lebanon & KAL](2),"국가안보기획그룹 0068 & 0068A- 1983년 9월 3일(2) [레바논, KAL사건](2)",레이건,1983년,레이건,8.2,"- 1983년 9월3일 레바논상황을 논의하는 국가안보기획그룹(NSPG)모임 참석요청서, NSPG모임 논의사항(레바논)에 대해 대통령에게 보내는 브리핑문서, 최종의제, 레바논에 관한 NSPG 문서 배부 기록 및 인수증, 9월2일 대한항공사고 논의를 위한 NSPG모임 참석 요청서로 이루어져 있다.","국가안보기획그룹 0068 & 0068A- 1983년 9월 3일(2) [레바논, KAL사건](2)",4건(62매),08-1-0037,91306,304,"REQUEST FOR APPOINTMENTS | NSPG Meeting on the Lebanon Situation, AGENDA, NSC DISTRIBUTION RECORD (SUPPLEMENTAL PAPER NSPG ON LEBANON) | NSPG DISCUSSION PAPER ON LEBANON | NSPG MEETING(Airliner Shootdown)",,,
usa1-desc-레이건-8.3,NSPG0068 & 0068A-03 Sep 1983(3) [Lebanon & KAL](3),"국가안보기획그룹 0068 & 0068A-1983년 9월 3일(3) [레바논, KAL사건](3)",레이건,1983년,레이건,8.3,"- 1983년 9월 3일 KAL격추사건을 다루기 위한 국가안보기획그룹(NSPG)회의와 관련된 폴더. 여기에는 백악관 비서실장 Robert m. Kimmitt이 국가안보기회그룹(NSPG)에게 대한항공기 격추사건에 대한 NSPG모임을 알리는 메모, 회의 의제(AGENDA)문서, William Clark이 NSPG모임과 관련해서 대통령에게 보내는 메모, George Shultz(국무 장관)가 KAL 격추사건과 관련해 대통령에게 보내는 메모 등 문서에 첨부된 첨부문서는 비공개문서로 제한되어 수집되지 못했다.","국가안보기획그룹 0068 & 0068A-1983년 9월 3일(3) [레바논, KAL사건](3)",4건(29매),08-1-0038,91306,305,"MEMORANDUM : NSPG Meeting on Korean Airline Incident | MEMORANDUM : KAL Flight: options paper for Today’s NSC Meeting | MEMORANDUM : NSC Agenda | NATIONAL SECURITY PLANNING GROUP MEETING(friday, September 2, 1983)",,,
usa1-desc-레이건-9,"EXECUTIVE SECRETARIAT, NSC: PRESIDENTIAL ACQUISITIONS: COUNTRY FILE: Records, 1981-1985",,레이건,,레이건,9,,,,,,,,,,
usa1-desc-레이건-9.1,"KOREA, SOUTH(01/22/1981-02/27/1981)",대한민국(1981년 1월 22일-2월 27일),레이건,1981년,레이건,9.1,"- 주한 미대사관에서 국무장관에게 보내는 한국 대법원의 김대중 사형구형에 대한 전문 (전문에는 당시 한국정부 대변인의 발표문도 포함됨), 헤이그국무장관이 레이건대통령 에게 보내는 국무장관과 전두환대통령간의 회담내용에 대한 메모(메모내용은 비공개로 미수집됨), 전두환대통령 취임식 공식사절단 구성과 항공편을 논의하는 메모들로 이루어져 있다. 이 폴더내의 비공개 문서 중에는 Haig가 레이건대통령에게 보내는 ‘한국내 핵무기 배치 및 비확산정책’에 관한 메모가 있다.",대한민국(1981년 1월 22일-2월 27일),4건(32매),08-1-0039,9,306,Cable #230847Z : SUPREME COURT UPHOLDS KIM DAE JUNG’S DEATH | Secretary Haig’s Memo on Korea | MEMORANDUM FOR THE PRESIDENT FROM RICHARD ALLEN(Secretary Haig’s Memo on Meeting with President Chun) | MEMORANDUM FOR FICHARD V. ALLEN FROM CHARLES P.TYSON(Delegation to the Chun Inaugural),,,
usa1-desc-레이건-9.2,"KOREA, SOUTH(02/28/1981-04/23/1981)",대한민국(1981년 2월28일-4월23일),레이건,1981년,레이건,9.2,- 1981년 2월부터 4월까지 수발신된 한국관련 메모 및 전문들로 이루어져 있다. 대체로 날짜순으로 정리되어 있으나 정확하게 일치하는 것은 아니다. GREGG이 ALLEN에게 보낸 한미일관계 요약 메모 및 한국의 대일정책에 관련된 메모가 있으나 폴더 내 모든 내용은 모두 비공개이다.,대한민국(1981년 2월28일-4월23일),2건(19매),08-1-0040,9,306,MEMO FROM DONALD GREGG TO RICHARD V. ALLEN : SUMMARY OF KOREAN/ JAPANESE & US RELATIONS | MEMO FROM DONALD GREGG TO RICHARD V. ALLEN : KOREAN POLICY INITIATIVES & RELATIONSHIP WITH JAPAN,,,
usa1-desc-레이건-9.3,"KOREA, SOUTH(04/24/81-06/30/1981)",대한민국(1981년 4월24일-6월30일),레이건,1981년,레이건,9.3,"- 1981년 4월부터 6월까지 수발신된 한국관련 메모 및 전문들로 이루어져 있다. 대체로 날짜순으로 정리되어 있으나 정확하게 일치하는 것은 아니다. GREGG이 ALLEN에게 보낸 한국 군수판매 상환기한에 관한 메모, 한국인들과의 안보자문회의에 관한 메모, 국방장관 Weinberger의 13차 한미 안보회의에 관한 보고서, 한국 중앙정보부장 유학성에 관한 정보 등이 있으나 내용은 전부 비공개이다.",대한민국(1981년 4월24일-6월30일),2건(27매),08-1-0041,9,307,MEMO FROM GREGG TO ALLEN(ROK FMS REPAYMENT TERMS) | MEMO : Security Consultative Meeting with Koreans,,,
usa1-desc-레이건-9.4,"KOREA, SOUTH(07/01/81-09/15/1981)",대한민국(1981년 7월 1일-9월 15일),레이건,1981년,레이건,9.4,"- 이 폴더는 1981년 7월부터 9월까지 수발신된 한국관련 메모 및 전문들로 구성되어 있으며, 이중 L.PAUL BREMER가 ALLEN에게 보낸 민정당 사무총장 권정달과의 회담을 요청하는 메모외에는 모두 비공개문서이다.",대한민국(1981년 7월 1일-9월 15일),1건(17매),08-1-0042,9,308,REQUEST FOR APPOINTMENT WITH RICHARD. V. ALLEN FROM SECRETARY GENERAL OF DEMOCRATIC JUSTICE PARTY OF FOK DURING WEEK OF SEP 7-11,,,
usa1-desc-레이건-9.5,"KOREA, SOUTH(09/16/1981-10/16/1981)",대한민국(1981년 9월 16일-10월 16일),레이건,1981년,레이건,9.5,"- 이 폴더는 1981년 9월부터 10월 사이에 수발신된 메모 및 전문들로 이루어져 있으며, 대체로 날짜순으로 정리되어 있다. 여기에는 GREGG이 ALLEN에게 보낸 한국의 외무부 장관과의 회담을 요청하는 메모와 국무부에서 서울주재 미대사관으로 보낸 한미 대통령 사이에 오간 편지내용을 인용하는 전문만 공개되어 있으며, 그 외 기록물은 모두 비공개문서이다.",대한민국(1981년 9월 16일-10월 16일),2건(19매),08-1-0043,9,308,"MEMORANDUM FOR RICHARD V. ALLEN FROM DONALD GREGG(Meeting with the South Korean Foreign Minister) | Cable: PRESIDENTIAL LETTERS(S/S 8127392, S/S 8129525)",,,
usa1-desc-레이건-9.6,"KOREA, SOUTH(10/17/1981-12/31/1981)",대한민국(1981년 10월 17일-12월 31일),레이건,1981년,레이건,9.6,- 1981년 10월부터 12월 사이의 한국관련 기록물로 날짜순으로 정리된 1건의 메모와 8건의 전문으로 이루어져 있다. 메모는 한국에 대한 소련의 조치에 관한 것이며 메모내용과 8건의 전문의 내용은 모두 비공개이다.,대한민국(1981년 10월 17일-12월 31일),1건(13매),08-1-0044,9,309,MEMO FROM GREGG TO ALLEN(SOVIET DEMARCHE TO SOUTH KOREA),,,
usa1-desc-레이건-9.7,"KOREA, SOUTH(01/01/1982-04/13/1982)",대한민국(1982년 1월 1일-4월 13일),레이건,1982년,레이건,9.7,"- 1982년 1월부터 4월까지 날짜순으로 정리된 7건의 전문으로 이루어져 있으며, 전문의 내용은 모두 비공개이다.",대한민국(1982년 1월 1일-4월 13일),건(9매),08-1-0045,9,309,모두 미공개문서로 각 문서에 대한 Withdrawal Sheet만 있음,,,
usa1-desc-레이건-9.8,"KOREA, SOUTH(04/14/1982-04/30/1982)",대한민국(1982년 4월14일-4월30일),레이건,1982년,레이건,9.8,- 1982년 4월 남한에 대한 안보지원계획 및 전두환대통령의 군사판매(FMS)신용한도 증가요청에 대한 논의와 관련된 메모로 이루어져 있다.,대한민국(1982년 4월14일-4월30일),2건(13매),08-1-0046,9,309,"Letter from William Clark to Weinberger(April 29, 1982) | MEMORANDUM FOR WILLIAM P. CLARK FROM FOBERT M. KIMMITT: South Korean Security Assistance",,,
usa1-desc-레이건-9.9,"KOREA, SOUTH(05/01/1982-09/09/1982)",대한민국(1982년 5월 1일-9월 9일),레이건,1982년,레이건,9.9,"- 1982년 5월부터 9월까지 날짜순으로 정리된 전문 8건, 7월2일 외무부장관 이범석과 GREGG의 비공식회담 메모, WILLIAM P. CLARK이 레이건대통령에게 보낸 메모로 이루어져 있으나 모두 비공개문서이다.",대한민국(1982년 5월 1일-9월 9일),15매,08-1-0047,9,310,모두 미공개문서로 각 문서에 대한 Withdrawal Sheet만 있음,,,
usa1-desc-레이건-9.10,"KOREA, SOUTH(09/10/1982)",대한민국(1982년 9월 10일),레이건,1982년,레이건,9.10,"- 1982년 9월 WEINBERGER가 CLARK에게 보낸 남한 안보지원에 관한 연구 관련 메모 및 편지, CARLUCCI가 WEINBERGER에게 보낸 메모, 국가 이익면에서 합동방어시설 강화에 관한 문서, 남한관련자료 배부기록표 등으로 이루어져 있으나 모두 비공개문서 이다.",대한민국(1982년 9월 10일),10매,08-1-0048,9,310,모두 미공개문서로 각 문서에 대한 Withdrawal Sheet만 있음,,,
usa1-desc-레이건-9.11,"KOREA, SOUTH(09/11/1982-02/28/1983)",대한민국(1982년 9월 11일-1983년 2월 28일),레이건,1982-83년,레이건,9.11,"- 1982년 11월부터 1983년 2월까지 수발신된 한국에 대한 군사판매 관련 전문 및 메모, 편지들로 이루어져 있으며 1982년도 미국의 국가별 FMS(대외군사판매) 액수가 나온 표와 수기로 작성된 메모 2장, 한국에 관한 문서 배부기록, 문서인수증 등이 포함되어 있으나 그 외 나머지는 비공개문서가 포함이다. [주요 기록물명] ∙ FY 1982 FMS GUARANTEED LOANS, FMS TERMS FOR KOREA ∙ [Handwriting Memo] ∙ [Handwriting Memo]",대한민국(1982년 9월 11일-1983년 2월 28일),3건(32매),08-1-0049,9,311,,,,
usa1-desc-레이건-9.12,"KOREA, SOUTH(03/01/1983-04/15/1983)",대한민국(1983년 3월1일-4월15일),레이건,1983년,레이건,9.12,"- 한국전쟁 휴전 30주년 및 제15차 한미 안보협력회의 참석차 워싱턴에 방문한 윤성민 국방부장관의 1983년 4월 14일 레이건대통령 예방일정과 관련된 문서들(예방일정, 인사말, 참석자명단, 윤성민장관 약력, 보도자료 초안 등)로 이루어져 있다. 그 외에 부산 미문화원 방화자에게 대법원이 사형 선고내린 것을 서울주재 미대사관이 국무부에 알린 전문, Jim Cicconi가 John Poindexter에게 보낸 한국과의 쌀거래에 관한 메모가 있다.",대한민국(1983년 3월1일-4월15일),9건(35매),08-1-0050,9,311,"Schedule Proposal: Proposed Presidential Meeting with Korean Minister of Defense YOON sung Min | CABLE #080754Z | MEMORANDUM FOR JOHN POINDEXTER FROM JIM CICCONI: SOUTH KOREAN RICE | MEMORANDUM: Presidential Meeting with Korean Minister of Defense YOON sung Min | MEMORANDUM: Meeting with YOON Sung Min Minister of National Defense OF THE REPUBLIC OF KOREA | BIOGRAPHIC SKETCH FOR YOON SUNG MIN | MEMORANDUM: Talking Points for President’s Meeting with Koran Minister of National Defense YOON Sung Min on Thurday, April 14 at 11:00 a.m. | MEMORANDUM: President’s Meeting with Korean minister of National Defense YOON Sung Min | MEMORANDUM: Talking Points for President’s Meeting with Koran Minister of National Defense YOON Sung Min on Thurday, April 14 at 4:30 p.m.",,,
usa1-desc-레이건-9.13,"KOREA, SOUTH(04/16/1983-10/15/1983)",대한민국(1983년 4월16일-10월15일),레이건,1983년,레이건,9.13,"- 1983년 5월3일 한국 외무부장관 이범석과 레이건대통령간의 면담 관련 문서들(브리핑 자료, 참석자명단, 면담일정, 논의사항 등), 레이건대통령의 한국과 일본 방문목적 재고에 관한 내부메모와 메모배부기록, 버마 랑군 테러사건에 대한 한미 연합대응조치에 관한 문서들로 이루어져 있다.",대한민국(1983년 4월16일-10월15일),6건(33매),08-1-0051,9,312,"MEMORANDUM: MEETING WIHT LEE BUM SUK FOREIGN MINISTER OF THE REPUBLIC OF KOREA | MEMORANDUM: The President’s May 3 Meeting with the Korean Foreign Minister- Suggested Participants | MEMORANDUM: President’s Meeting with BUM UK LEE, Foreign Minister of the Republic of Korea, May 3 at 11:00 a.m. | MEMORANDUM: President’s Meeting with KOREAN Foreign Minister LEE: PROPOSED TALKING POINTS | MEMORANDUM: Rethinking our objectives for the President’s Asian Trip | MEMORANDUM: ACTION PAPER ON US AND KOREAN RESPONSE TO THE RANGOON TERRORIST INCIDENT",,,
usa1-desc-레이건-9.14,"KOREA, SOUTH(10/16/1983-12/31/1983)",대한민국(1983년 10월16일-12월31일),레이건,1983년,레이건,9.14,"- WEINBERGER 국방장관이 레이건대통령에게 보낸 한국방문 결과보고서, 1983년 12월 1일 한국 외무부장관 이원경과 레이건대통령간의 면담 관련 문서들(면담일정, 참석자 명단, 논의사항, 인물소개)로 이루어져 있다.",대한민국(1983년 10월16일-12월31일),4건(29매),08-1-0052,9,313,MEMORANDUM: SCHEDULE PROPOSAL for Foreign Minister Lee Won Kyung of Korea | MEMORANDUM: MEETING WITH KOREAN Foreign Minister Lee Won Kyung | MEMORANDUM: THE President’s MEETING WITH KOREAN Foreign Minister Lee Won Kyung,,,
usa1-desc-레이건-9.15,"KOREA, SOUTH(01/01/1984-05/15/1984)",대한민국(1984년 1월1일-5월15일),레이건,1984년,레이건,9.15,"- NSC 동아시아 담당관 GASTON J. SIGUR가 ROBERT C. MCFARLANE에게 한국 4자 회담에 관해 보낸 메모, 1984년 5월2일 교황 요한 바오로 2세가 급유를 위해 알래스카에 기착하는 것에 대한 준비와 관련해 CHARLES HILL이 ROBERT C. MCFARLANE에게 보낸 메모, 한미간 에너지회의와 관련해 MARTIN과 ROBINSON이 MCFARLANE에게 보낸 메모, GASTON J.SIGUR가 대한항공사 사장인 조중건을 만나고 나서 ROBERT C. MCFARLANE에게 보내는 메모 및 첨부된 한미 민간항공관련 논의사항, 한국방문에 대해 WEINBERGER국방장관이 레이건대통령에게 보내는 메모, 그 외 1984년 5월에 수 발신된 전문들로 이루어져 있으며, 구체적인 메모 및 전문은 모두 비공개문서이다.",대한민국(1984년 1월1일-5월15일),2건(5매),08-1-0053,9,314,MEMORANDUM FOR ROBERT M. KIMMITT FROM TYFUS W. COBB: Papal Refueling Stop in Alaska | MEMORANDUM FOR ROBERT C. MCFARLANE FROM GASTON J. SIGUR: US-KOREA Civil Aviation),,,
usa1-desc-레이건-9.16,"KOREA, SOUTH(05/16/1984-12/31/1984)",대한민국(1984년 5월16일-12월31일),레이건,1984년,레이건,9.16,"- 1984년 9월 10일 MCMINN과 SIGUR가 McFARLANE에게 철강산업에 관한 한국대사와의 회담과 관련하여 보내는 메모, 1985년 4월 전두환대통령 미국방문 초청과 관련된 문서들 (메모, 보도자료 초안), 미8군사령관 위컴(WICKHAM)의 1984년 12월 9-13일 한국출장에 대해 레이건대통령에게 보내는 보고서, 기타 메모, 전문, 편지, 이메일 등으로 이루어져 있으나 모두 비공개이다.",대한민국(1984년 5월16일-12월31일),3건(25매),08-1-0054,9,314,"CABLE: #060015Z | MEMORANDUM : Press Release for Korean President Chun Doo Hwan’s April 1985, Visit to Washington | MEMORANDUM: Trip Report",,,
usa1-desc-레이건-10,"EXECUTIVE SECRETARIAT, NSC: VIP VISITS: Records, 1981-1985",,레이건,,레이건,10,,,,,,,,,,
usa1-desc-레이건-10.1,Department of State Briefing Book re: the official visit of Korea President Chun Feb1-3 1981[1/2] 1981년 2월 1-3일 대한민국 전두환대통령의 미국 공식방문에 관한 미국무부,브리핑문서철[1/2],레이건,1981년,레이건,10.1,"- 1981년 2월 1일-3일간 전두환대통령의 방미와 관련하여 레이건대통령에 전두환대통령의 방미목적, 정상회담시 입장표명서(TALKING PAPER) 등에 대한 보고서와 방미일정표, 참석자 명단, 한미공동성명서, 레이건대통령 인사말 등이 기록된 보고서와 메모들로 이루어져 있다.",브리핑문서철[1/2],6건(70매),08-1-0055,91434,315,"MEMORANDUM FOR THE PRESIDENT FROM RICHARD ALLEN: President Chun of Korea | [TOAST] PRESIDENT CHUN VISIT: February 2, 1981 | FAREWELL REMARK: PRESIDENT CHUN VISIT: February 2, 1981 | JOINT COMMUNIQUE | THE Official Visit to Washington of the President f the Republic of Korea and Mrs. Chun Doo-Hwan : Schedule, Members of the Official Korean Party. | MEMORANDUM FOR THE PRESIDENT : Your Meeting with Chun Doo-Hwan, President of the Republic of Korea",,,
usa1-desc-레이건-10.2,Department of State Briefing Book re: the official visit of Korea President Chun Feb1-3 1981[2/2] 1981년 2월 1-3일 대한민국 전두환대통령의 미국 공식방문에 관한 미국무부,브리핑문서철[2/2],레이건,1981년,레이건,10.2,"- 1981년 당시 한국의 경제, 정치, 군사, 남북관계와 국제관계, 인권 등 각 분야별로 작성된 미국무부의 브리핑문서들로 이루어져 있다.",브리핑문서철[2/2],12건(46매),08-1-0056,91434,316,"DEPARTMENT OF STATE BRIEFING PAPER: REVIEW OF MEETINGS BETWEEN U.S. AND KOREAN PRESIDENTS SINCE THE KOREAN WAR | DEPARTMENT OF STATE BRIEFING PAPER: NORTH-SOUTH MILITARY BALANCE | DEPARTMENT OF STATE BRIEFING PAPER: U.S. MILITARY ASSISTANCE AND SALES | DEPARTMENT OF STATE BRIEFING PAPER: THE EFFORT TO REDUCE NORTH- SOUTH KOREAN TENSIONS | DEPARTMENT OF STATE BRIEFING PAPER: CHINA, THE SOVIET UNION AND THE KOREAN PENINSULA | DEPARTMENT OF STATE BRIEFING PAPER: SOUTH KOREA’S EXTERNAL RELATIONS | DEPARTMENT OF STATE BRIEFING PAPER: JAPAN-SOUTH KOREA RELATIONS | DEPARTMENT OF STATE BRIEFING PAPER: KOREAN ECONOMIC OUTLOOK | DEPARTMENT OF STATE BRIEFING PAPER: U.S.-ROK ECONOMIC RELATIONS | DEPARTMENT OF STATE BRIEFING PAPER: U.S.-SOUTH KOREA NUCLEAR COOPERATION | DEPARTMENT OF STATE BRIEFING PAPER: POLITICAL SITUATION | DEPARTMENT OF STATE BRIEFING PAPER: HUMAN RIGHTS",,,
usa1-desc-레이건-10.3,"KOREA-President CHUN Visit Feb 1-3, 1981(1/5)",1981년 2월 1-3일 대한민국 전두환대통령의 미국방문(1/5),레이건,1981년,레이건,10.3,"- 전두환대통령의 미국 방문에 대비한 준비과정에서 생산된 보고서 및 메모들로 구성되어 있다. 미 국무부 브리핑북에 수록된 한국 소개, 전대통령의 방미목적 및 전대통령의 이력을 보여주는 메모, 한미공동성명서 초안, 만찬사 등의 문서들로 이루어져 있다.",1981년 2월 1-3일 대한민국 전두환대통령의 미국방문(1/5),4건(38매),08-1-0057,91434,317,Background Notes: (South)Korea | Memorandum for the President: President Chun of Korea | JOINT COMMUNIQUE | MEMORANDUM FOR RICHARD V. ALLEN FROM PETER TARNOFF: The Official Visit of Korean President Chun,,,
usa1-desc-레이건-10.4,"KOREA-President CHUN Visit Feb 1-3, 1981(2/5)",1981년 2월 1-3일 대한민국 전두환대통령의 미국방문(2/5),레이건,1981년,레이건,10.4,"- 전두환대통령 방미일정표, 수행원 명단, 한미공동성명서, 레이건대통령 인사말, Mrs. Reagan의 영부인 간담회를 위해 준비된 간략한 한국 소개자료 등으로 이루어져 있다.",1981년 2월 1-3일 대한민국 전두환대통령의 미국방문(2/5),4건(61매),08-1-0058,91434,317,"THE OFFICIAL VISIT OF HIS EXCELLENCY THE PRESIDENT OF THE REPUBLIC OF KOREA AND MRS.CHUN DOO HWAN TO WASHINGTON, D.C. FEBRUARY 1981 (DELEGATION LIST/SUMMARY SCHEDULE) | SUMMARY PRESIDENTIAL SCHEDULE FOREIGN VISITS-1981, | MEMORANDUM FROM DONALD GREGG TO RICHARD ALLEN: Mrs. Reagan’s Meeting with Mrs. Chun | MEMORANDUM FROM STEPHEN M. STUDDERT TO JOSEPH W. CANZERI: PROPOSED Scenario-Visit of President and Mrs. Chun Doo Hwan of Korea to the White House",,,
usa1-desc-레이건-10.5,"KOREA-President CHUN Visit Feb 1-3, 1981(3/5)",1981년 2월 1-3일 대한민국 전두환대통령의 미국방문(3/5),레이건,1981년,레이건,10.5,"- 전두환대통령 방미일정, 행사 시나리오, 시나리오 검토 메모, 참석자명단 및 10·26사태 이후 한국 정국 및 제5공화국에 대한 전망 보고서 등으로 이루어져 있다.",1981년 2월 1-3일 대한민국 전두환대통령의 미국방문(3/5),3건(92매),08-1-0059,91434,318,"MEMORANDUM : Scenario and Luncheon Guest List for Korea Visit | THE OFFICIAL VISIT OF HIS EXCELLENCY THE PRESIDENT OF THE REPUBLIC OF KOREA AND MRS.CHUN DOO HWAN TO WASHINGTON, D.C. FEBRUARY 1981(Draft) | SOUTH KOREA PROSPECTS FOR THE FIFTH REPUBLIC",,,
usa1-desc-레이건-10.6,"KOREA-President CHUN Visit Feb 1-3, 1981(4/5)",1981년 2월 1-3일 대한민국 전두환대통령의 미국방문(4/5),레이건,1981년,레이건,10.6,"- 전두환대통령의 방미일정표, 레이건대통령 인사말, 한미공동성명서에 대한 검토, 전두환 대통령 방미와 관련하여 주한미국대사관과 국무부사이에 오간 전문 등으로 이루어져 있다. 폴더내에 부분 및 전체 비공개문서가 포함되어 있다(제한사유: P1, F1, B3).",1981년 2월 1-3일 대한민국 전두환대통령의 미국방문(4/5),9건(64매),08-1-0060,91434,319,"MEMORANDUM FOR THE VICE PRESIDENT FROM RICHARD V. ALLEN : Scenario and Luncheon Guest List for Korean Visit | MEMORANDUM FROM DON GREGG TO Charles Tyson: Follow-up Items on Chun Visit | MEMORANDUM FROM DON GREGG TO RICHARD ALLEN: Proposed ROK-US Joint Communique | CABLE 270846Z-TELEGRAM FROM AMEMBASSY SEOUL TO SECSTATE WASHDC: Members of ROK Presidential Delegation to the U.S. | MEMORANDUM FOR RICHARD ALLEN: Official Visit of Korean President Chun | MEMORANDUM FROM PHYLLIS KAMINSKY TO CHUCK TYSON: Upcoming Jamaican and Korean Visits: Press Aspects | CABLE 220956Z-TELEGRAM FROM AMEMBASSY SEOUL TO SECSTATE WASHDC: AGENDA SUGGESTIONS FOR REAGAN-CHUN MEETING | CABLE 212138Z: Visit to Washington by President Chun | NOTICE TO THE PRESS(January 21, 1981)",,,
usa1-desc-레이건-10.7,"KOREA-President CHUN Visit Feb 1-3, 1981(5/5)",1981년 2월 1-3일 대한민국 전두환대통령의 미국방문(5/5),레이건,1981년,레이건,10.7,"- 대부분 81년 전두환대통령 방미일정과 내용을 논의하는 미국무부 내부 연락메모와 전문들로 구성되어 있다. 그외 한국에 대해 작성한 국무부 브리핑문서와 정상회담 의제 문서가 있으며, 이 문서들은 각각의 메모에 첨부되어 있다.",1981년 2월 1-3일 대한민국 전두환대통령의 미국방문(5/5),8건(50매),08-1-0061,91434,319,"MEMORANDUM FOR THE VICE PRESIDENT FROM RICHARD V. ALLEN : Scenario and Luncheon Guest List for Korean Visit | MEMORANDUM FOR FICHARD V. ALLEN FROM DON GREGG: Foreign Military Sales and the Chun Visit | MEMORANDUM FOR FICHARD V. ALLEN FROM DON GREGG: Visit of Korean President Chun | MEMORANDUM FOR RICHARD V. ALLEN FROM CHARLES P. TYSON: Joint Press Statement on Chun Visit | MEMORANDUM FOR RICHARD V. ALLEN FROM Donald Gregg: Mrs. Reagan’s Meeting with Mrs. Chun | MEMORANDUM FOR MRS. REAGAN FROM RICHARD V. ALLEN: Your Meeting with Mrs. Chun, Wife of the President of Korea | BRIEFING PAPER: PEOPLE, CULTURE AND HISTORY | CABLE 220956Z: AGENDA SUGGESTIONS FOR REAGAN-CHUN MEETING",,,
usa1-desc-레이건-11,"EXECUTIVE SECRETARIAT, NATIONAL SECURITY COUNCIL: NATIONAL SECURITY DECISION DIRECTIVES (NSDD): Records, 1981-1987",,레이건,,레이건,11,,,,,,,,,,
usa1-desc-레이건-11.1,NSDD 99: United States Security strategy for Near east and South Asia,NSDD 99: 미국의 근동 및 남아시아 안보전략,레이건,1983년,레이건,11.1,"- 소련의 근동 및 남아시아지역 세력팽창을 저지하고 자국의 안보이익과 다른 국가들과의 협력을 공고히 하도록 기존 안보 전략을 재차 확인하는 레이건대통령의 국가안보명령서 제99호. 군사적, 외교적 전략 실행에 적절하면서 포괄적인 의제를 국무장관과 국방장관이 준비해 줄 것도 요청하고 있다. 동일 문서가 2건 수록.",NSDD 99: 미국의 근동 및 남아시아 안보전략,2건(7매),08-1-0063,1,320,NSDD 99: United States Security strategy for Near east and South Asia,,,
usa1-desc-레이건-11.2,NSDD 102: U.S Response to Soviet Destruction of KAL AIRLINER,NSDD 102: 소련의 대한항공기 격추사건에 대한 미국의 대응,레이건,1983년,레이건,11.2,- 소련의 대한항공 격추사건에 대하여 미국이 취할 조치(목표와 실행사항)를 담고 있는 레이건대통령의 국가안보명령서 제102호.,NSDD 102: 소련의 대한항공기 격추사건에 대한 미국의 대응,1건(5매),08-1-0062,1,321,NSDD 102: U·S Response to Soviet Destruction of KAL AIRLINER,,,
usa1-desc-레이건-12,"EXECUTIVE SECRETARIAT, NATIONAL SECURITY COUNCIL: HEAD OF STATE FILE: Records, 1981-1989",,레이건,,레이건,12,,,,,,,,,,
usa1-desc-레이건-12.1,"KOREA, SOUTH-President Chun Cables",대한민국-전두환대통령 전문,레이건,1981-83년,레이건,12.1,- 국무부에서 서울주재 미대사관으로 양국정상간 편지내용을 인용하여 전하는 전문모음 으로 이루어져 있다.,대한민국-전두환대통령 전문,건(11매),08-1-0064,20,321,CABLE 071812Z: RESPONSE TO FOURTH. OF JULY MESSAGE TO THE PRESIDENT FROM REPUBLIC OF KORA PRESIDENT CHEN DOO HWAN | CABLE 150021Z: PRESIDENTIAL LETTERS | CABLE 011930Z: PRESIDENT’S RESPONSE TO PRESIDENT CHUN | CABLE 061525Z: RESPONSE TO ROK INDEPENDENCE DAY GREETING | CABLE 272237Z: TEXT OF PRESIDENTIAL LETTER | CABLE 062323Z: KAL 007 SHOOTDOWN: PRESIDENTIAL LETTER,,,
usa1-desc-레이건-12.2,"KOREA, SOUTH-President Chun(8100690-8200425)",대한민국-전두환대통령(8100690-8200425),레이건,1981-82년,레이건,12.2,"- 레이건대통령의 전두환대통령 취임 축하메시지, 전두환대통령이 레이건대통령에게 한반도 통일구상 제안내용을 알리는 편지와 레이건대통령의 답장 및 국무부에서 서울 주재 미대사관으로 보내는 같은 내용(레이건대통령답장)의 전문으로 이루어져 있다.",대한민국-전두환대통령(8100690-8200425),4건(40매),08-1-0065,20,322,CONGRATULATORY INAUGURAL MESSAGE TO SOUTH KOREAN PRESIDENT | MEMORANDUM FOR THE PRESIDENT: INAUGURAL MESSAGE TO KOREAN PRESIDENT Chun Doo Hwan | LETTER TO PRESIDENT FROM PRESIDENT SOUTH KOREA RE UNIFICATION OF PENINSULA | PRESIDENT’S RESPONSE TO PRESIDENT CHUN,,,
usa1-desc-레이건-12.3,"KOREA, SOUTH-President Chun(8203490-8205856)",대한민국-전두환대통령(8203490-8205856),레이건,1982년,레이건,12.3,- 1982년 레이건대통령과 전두환대통령사이에 오간 편지 및 편지내용을 검토하는 메모 및 전문들로 이루어져 있다.,대한민국-전두환대통령(8203490-8205856),4건(40매),08-1-0066,21,323,LETTER FROM PRESIDENT CHUN TO THE PRESIDENT REGAN RE THANKING PRESIDENT REAGAN FOR THE LETTER HE SENT VIA SECRETARY WEINBERGER LAST MARCH | Presidential Response to Letter from Republic of Korea President Chun Doo Hwan | Letter of Greeting for President Chun of the Republic of Korea | PROPOSED LETTER TO PRESIDENT CHUN TO BE PRESENTED DURING STOP IN ANCHORAGE ON AUG31 & CHUN ACKNOWLEDGEMENT,,,
usa1-desc-레이건-12.4,"KOREA, SOUTH-President Chun(8300564)",대한민국-전두환대통령(8300564),레이건,1983년,레이건,12.4,- 1983년 1월 6일 전두환대통령이 나카소네 일본총리의 한국방문 및 한국의 레바논 정책에 관해 레이건대통령에게 보낸 편지와 그 전달과정을 보여주는 메모들로 이루어져 있다. 편지 원문은 비공개문서로 수집되지 못했다.,대한민국-전두환대통령(8300564),건(17매),08-1-0067,21,323,LETTERS FROM PRESIDENT CHUN RE NAKASONE VISIT TO KOREA & KOREAN POLICY TOWARDS LEBANON | LETTER DRAFT-Regan to Chun,,,
usa1-desc-레이건-12.5,"KOREA, SOUTH-President Chun(8306228-8403022)",대한민국-전두환대통령(8306228-8403022),레이건,1983-84년,레이건,12.5,"- 1983년 9월2일 전두환대통령이 레이건대통령에게 보내는 대한항공기 격추사건에 대한 조문편지 및 레이건대통령의 답장, 1984년 3월 8일 레이건대통령이 3월19일에 열릴 미국과 중국의 제4차 경제위원회와 관련하여 자오쯔양 중국수상과 전두환대통령에게 보낸 편지 및 전두환대통령의 답장, 각각의 편지별로 전달과 검토과정을 보여주는 메모들로 이루어져 있다.",대한민국-전두환대통령(8306228-8403022),3건(43매),08-1-0068,10,324,"LETTER from president Chun to President Reagan(Subject: KAL Condolences), KAL 007 SHOOTDOWN: PRESIDENTIAL LETTER | PRESIDENT LETTERS TO ZHAO & CHUN RE JOINT ECONOMIC COMMITTEE 19 MARCH | PRESIDENT CHUN THANK YOU LETTER FOR PRESIDENT 15 MARCH LETTER DURING SECRETARY REGAN VISIT",,,
usa1-desc-레이건-12.6,"KOREA, SOUTH-President Chun(8406588)",대한민국-전두환대통령(8406588),레이건,1984년,레이건,12.6,"- 1984년 8월29일 전두환대통령이 미국으로부터 강철수입에 관해 레이건대통령에게 보내는 편지와 레이건대통령의 답장, 각각의 편지에 대하여 내부전달 및 검토과정을 보여주는 메모들로 이루어져 있으나 구체적인 편지내용은 비공개문서로 수집되지 못했다.",대한민국-전두환대통령(8406588),2건(30매),08-1-0069,10,324,CHUN DOO HWAN LETTER RE IMPORTS OF STEEL INTO US. | Letter to President Chun Regarding Steel Imports to the United States,,,
usa1-desc-레이건-12.7,"KOREA, SOUTH-President Chun(8407458-8409222)",대한민국-전두환대통령(8407458-8409222),레이건,1984년,레이건,12.7,"- 강철수입에 관한 레이건대통령답장과 관련하여 William E. Brock이 Craig L. Fuller에게 보낸 메모(8406588폴더와 동일편지), 1984년 12월7일 전두환대통령편지에 대한 레이건 대통령의 답장(내용 비공개)으로 이루어져 있다.",대한민국-전두환대통령(8407458-8409222),2건(9매),08-1-0070,10,325,PRESIDENT LETTER TO KOREAN PRESIDENT CHUN DOO HWAN | PRESIDENT LETTER TO CHUN(NSC 9222),,,
usa1-desc-레이건-12.8,"KOREA, SOUTH-President Chun(8506712-8507903)",대한민국-전두환대통령(8506712-8507903),레이건,1985년,레이건,12.8,"- 1985년 8월20일 전두환대통령이 국제무역에 관해 레이건대통령에게 보낸 편지와 레이건 대통령의 답장, 그 답장에 대한 전두환대통령의 재답장, 각각의 편지에 대한 내부전달 및 검토과정을 보여주는 메모들로 이루어져 있다.",대한민국-전두환대통령(8506712-8507903),3건(24매),08-1-0071,10,325,LETTER TO PRESIDENT FROM PRESIDENT CHUN RE INTERNATIONAL TRADE | PRESEDENT LETTER TO PRESIDENT CHUN RE INTERNATIONAL TRADE | PRESIDENT CHUN RESPONSE TO PRESIDENT 18 SEP LETTER/FREE TRADE & APPOINTMENT REQUEST FOR KIHWAN WITH PRESIDENT,,,
usa1-desc-레이건-12.9,"KOREA, SOUTH-President Chun(8510179-8603267)",대한민국-전두환대통령(8510179-8603267),레이건,1985-86년,레이건,12.9,"- 1985년 12월 19일 전두환대통령이 레이건대통령에게 섬유관련 법률안의 거부권행사와 관련하여 보낸 편지와 레이건대통령의 답장, 1986년 5월 7-8일 서울을 방문하는 슐츠국무 장관이 전두환대통령에게 전할 레이건대통령의 친서, 각각의 편지와 관련하여 내부전달 및 검토과정을 보여주는 메모들로 이루어져 있다.",대한민국-전두환대통령(8510179-8603267),3건(20매),08-1-0072,10,326,PRESIDENT CHUN 19 DEC LETTER TO PRESIDENT RE VETO/THURMOND BILL | Reply to Letter from President Chun of Korea on Textile Veto | Proposed Letter to President Chun of Korea for Secretary Shultz to Hand Carry,,,
usa1-desc-레이건-12.10,"KOREA, SOUTH-President Chun(8390362-8391150)",대한민국-전두환대통령(8390362-8391150),레이건,1983년,레이건,12.10,"- 1983년 3월23일 중거리 핵무기 관련 교서에 대해 레이건대통령에게 보내는 서신들, 3월23일 레이건대통령 편지에 대한 전두환대통령의 답장, 그 답장과 레이건대통령의 재답장을 검토하기 위해 Charles Hill이 William P. Clark에게 보내는 메모, 레이건대통령의 아시아순방일정 조정에 따라 각국 정상에게 보낸 양해편지 등으로 이루어져 있다.",대한민국-전두환대통령(8390362-8391150),3건(20매),08-1-0073,10,326,RESPONSES TO PRESIDENT MARCH 23 MESSAGE ON INF | PRESIDENT CHUN RESPONSE TO PRESIDENT LETTER OF MARCH 23 | PRESIDENT TRIP LETTERS & MIKE DEAVER TALKING POINTS,,,
usa1-desc-레이건-13,"EXECUTIVE SECRETARIAT, NATIONAL SECURITY COUNCIL: SUBJECT FILE: Records, 1981-1985",,레이건,,레이건,13,,,,,,,,,,
usa1-desc-레이건-13.1,KOREAN AIRLINE SHOOTDOWN (8/31/83-Nov 1983)(1/22),대한항공기 격추(8/31/83-11/83)(1/22),레이건,1983년,레이건,13.1,"- 1983년 9월1일 대한항공 격추사건에 대한 보도자료 초안(질의준비서), 타스통신의 보도내용, 대한항공 격추사건에 대한 성명서, AP통신의 보도문 등으로 이루어져 있다.",대한항공기 격추(8/31/83-11/83)(1/22),5건(15매),08-1-0074,43,327,KOREAN AIRLINER SHOT DOWN | DRAFT RELEASE FOR MEDIA | TASS REPORTS KOREAN PLANE ENTERED SOVIET AIRSPACE | STATEMENT ON SHOOTING DOWN OF KOREAN PLANE | AP-KOREAN AIRLINER(TOPS),,,
usa1-desc-레이건-13.2,KOREAN AIRLINE SHOOTDOWN (8/31/83-Nov 1983)(2/22),대한항공기 격추(8/31/83-11/83)(2/22),레이건,1983년,레이건,13.2,"- 소련의 대한항공 여객기 격추사건에 대해 각국(스페인, 프랑스, 브라질 등)에서 발표한 성명을 각국주재 미대사관에서 워싱턴 국무부로 보내는 전문들로 이루어져 있다.",대한항공기 격추(8/31/83-11/83)(2/22),7건(11매),08-1-0075,43,328,cable 010233Z : | cable 021712Z : SHOOTING DOWN OF SOUTH KOREAN AIRLINER | cable 021809Z : SPANISH FOREIGN MINISTRY STATEMENT ON DOWNING OF KOREAN COMMERCIAL AIRCRAFT | cable 021337Z : SHOOTING DOWN OF SOUTH KOREAN AIRLINER:FRENCH STATEMENT | cable 020902Z : AMBASSADOR’S STATEMENT ON KAL 007 SHOOTDOWN | cable 020903Z : KAL SHOOTDOWN | cable 021511Z : GOB CONDEMNS SOVIET DOWNING OF KORAN AIRCRAFT,,,
usa1-desc-레이건-13.3,KOREAN AIRLINE SHOOTDOWN (8/31/83-Nov 1983)(3/22),대한항공기 격추(8/31/83-11/83)(3/22),레이건,1983년,레이건,13.3,"- 한국정부가 대한항공 007기 격추사건에 대해 3일간의 애도기간을 선포하고 소련에 보상을 청구하는 내용을 담은 한국주재 미대사관의 전문 및 대한항공기 격추사건에 대한 각국(태국, 네덜란드, 호주, 노르웨이 등)의 성명서를 주재 미대사관에서 워싱턴 국무부로 전하는 전문들로 이루어져 있다.",대한항공기 격추(8/31/83-11/83)(3/22),9건(14매),08-1-0076,43,328,cable 021255Z: KOREAN AIRLINE INCIDENT IN UN SECURITY COUNCIL | cable 020804Z: SHOOTING DOWN OF SOUTH KOREAN AIRLINER | cable 020639Z: KAL 007 SHOOTDOWN: ROK GOVERNMENT ANNOUNCES THREE DAY MOURNING PERIOD; DEMANDS SOVIET APOLOGY AND COMPENSATION | cable 020542Z: KAL FLT 007 SHOOTDOWN: ROKG STATEMENTS | cable 020513Z: PM HAWKE AND FM HAYDEN ISSUE STATEMENTS ON KOREAN AIRLINER INCIDENT | cable 020951Z: KAL 007 SHOOT-DOWN: FILIPINO VICTIMS | cable 020903Z: SOVIET DOWNING OF KAL AIRCRAFT | cable 020922Z: MEDIA REACTION: DOWNED KOREAN PLANE | cable 021548Z: FLYING OF US NATIONAL FLAG,,,
usa1-desc-레이건-13.4,KOREAN AIRLINE SHOOTDOWN (8/31/83-Nov 1983)(4/22),대한항공기 격추(8/31/83-11/83)(4/22),레이건,1983년,레이건,13.4,"- 일본 삿포로 주재 미국영사가 워싱턴 국무부로 보내는 NHK의 대한항공 관련기사 내용 전문, 주한 미대사관에서 워싱턴 국무부로 보내는 대한항공 007기 탑승 실종자 명단전문으로 이루어져 있다.",대한항공기 격추(8/31/83-11/83)(4/22),4건(11매),08-1-0077,43,329,cable 010310Z: DISAPPEARANCE OF KOREAN AIR LINES FLIGHT OFF HOKKAIDO | cable 010814Z: AMERICAN CITIZENS OF KOREAN AIRLINES FLIGHT 007 | cable 010428Z: MISSING KAL FLIGHT NO. 007 | cable 010312Z: MISSING KOREAN AIRLINES FLIGHT#007 BETWEEN ANCHORAGE AND SEOUL,,,
usa1-desc-레이건-13.5,KOREAN AIRLINE SHOOTDOWN (8/31/83-Nov 1983)(5/22),대한항공기 격추(8/31/83-11/83)(5/22),레이건,1983년,레이건,13.5,"- KAL 007기의 교신기록을 포함한 미국측 성명서, UN안보리에서 발표된 일본외무성 성명서, 영국과 독일주재 미대사관에서 워싱턴 국무부로 보내는 전신(영국노동조합 회의의 대한항공기 격추사건에 대한 성명서, 미국의 제재조치에 대한 독일정부의 반응), 소련 타스통신의 보도요약 문서 등으로 이루어져 있다.",대한항공기 격추(8/31/83-11/83)(5/22),5건(29매),08-1-0078,43,330,"SPOT COMMENTARY: KAL INCIDENT: Tracer Founds Used in any Case | Statement by the Director-general of the Public Information and Cultural Affairs Bureau, Ministry of Foreign Affairs, Japan, dated 7 September 1983 | cable 061732Z: SHOOTING DOWN OF SOUTH KOREAN AIRLINER: FRG GOVERNMENT REACTION TO U.S. SANCTIONS | cable 061703Z: SHOOTING DOWN OF KAL PLANE-BRITISH TRADES UNION CONGRESS STATEMENT | ADDENDUM TO TASS STATEMENTS AND REPORTS",,,
usa1-desc-레이건-13.6,KOREAN AIRLINE SHOOTDOWN (8/31/83-Nov 1983)(6/22),대한항공기 격추(8/31/83-11/83)(6/22),레이건,1983년,레이건,13.6,"- 소련 타스통신 보도 요약, 주한 미대사관에서 워싱턴국무부로 대한항공 007기의 추가 희생자명단을 전하는 전문, 일본주재 미대사관에서 워싱턴 국무부로 일본내각 수석 비서인 GOTODA의 대한항공사고에 대한 성명서를 보내는 전문, 내부문서경로표 등으로 이루어져 있다.",대한항공기 격추(8/31/83-11/83)(6/22),3건(11매),08-1-0079,43,330,"ADDENDUM TO TASS STATEMENTS AND REPORTS | cable 060621Z: KOREAN AIRLINES FLIGHT007, CASUALTY UPDATE | cable 060828Z: CHIEF CABINET SECRETARY GOTODA’S STATEMENT ON THE KOREAN AIRLINES INCIDENT",,,
usa1-desc-레이건-13.7,KOREAN AIRLINE SHOOTDOWN (8/31/83-Nov 1983)(7/22),대한항공기 격추(8/31/83-11/83)(7/22),레이건,1983년,레이건,13.7,"- 폴더내에는 문서경로표(ROUTE SLIP) 1장만 공개되어있으며, 나머지 28건의 전문 (cable)와 1건의 보고서(Situation Report No.4)는 비공개문서로 수집되지 않았다.",대한항공기 격추(8/31/83-11/83)(7/22),1건(3매),08-1-0080,43,331,WHSR ROUTE SLIP,,,
usa1-desc-레이건-13.8,KOREAN AIRLINE SHOOTDOWN (8/31/83-Nov 1983)(8/22),대한항공기 격추(8/31/83-11/83)(8/22),레이건,1983년,레이건,13.8,"- 캐나다에서 대한항공기 격추사건 희생자 추모로 조기게양 소식을 알리는 전문, 미국 연안경비대 사령관이 각 지역 연안경비대에 소련 선박에 대한 협박전화에 관해 알리는 전문, 미국 태평양지구 총사령관이 워싱턴 국무부 및 서울과 도쿄의 미대사관 등으로 전하는 대한항공 007기 수색구조노력에 관한 전문, 레이건대통령의 소련대응에 대한 성명서초안, 1983년 9월2일 국가안전보장회의(NSC)의 대한항공기 격추사건 관련 회의 문서, 타스통신 성명서 등으로 이루어져 있다.",대한항공기 격추(8/31/83-11/83)(8/22),7건(19매),08-1-0081,43,331,"cable 021951Z: CANADA TO LOWER FLAGS IN MEMORY OF KAL VICTIMS | cable 021659Z: PHONE THREATS AGAINST SOVIET VESSELS | cable 031135Z: KAL 007 SAR EFFORT | cable 030220Z: KOREAN AIRLINES FLIGHT 007, CASUALTY UPDATE | DRAFT PRESIDENTIAL STATEMENT | MEMORANDUM: KAL FLIGHT: Options Paper for Today’s NSC meeting 9/2/83 | TASS RELEASES STATEMENT ON AIRCRAFT INCIDENT",,,
usa1-desc-레이건-13.9,KOREAN AIRLINE SHOOTDOWN (8/31/83-Nov 1983)(9/22),대한항공기 격추(8/31/83-11/83)(9/22),레이건,1983년,레이건,13.9,"- 1983년 9월18일 워싱턴포스트지에 실린 George Will의 논설(대한항공기 격추사건에 대한 미국측 대응 논평)을 분석하고 대통령에게 알리는 메모들, 안드로포프 소련 공산당 서기장이 레이건대통령에게 보낸 대한항공기 사건에 대한 답변을 전하는 메모, 대한 항공기 잔해수거와 관련된 메모들, 슐츠국무장관이 레이건대통령에게 보내는 대한항공기 사건관련 메모들로 이루어져 있다.",대한항공기 격추(8/31/83-11/83)(9/22),4건(40매),08-1-0082,44,332,"MEMORANDUM FOR WILLIAM P. CLARK: KAL Shootdown-George Will article | MEMORANDUM FOR THE PRESIDENT: KAL Shootdown-George Will article | Analysis of George Will Article-Washington Post, Sunday, September 18, 1983 | MEMORANDUM FOR WILLAM P. CLARK: Briefing Memorandum for Ed Meese’s Meeting with MITI Minister Uno",,,
usa1-desc-레이건-13.10,KOREAN AIRLINE SHOOTDOWN(8/31/83-Nov 1983)(10/22),대한항공기 격추(8/31/83-11/83)(10/22),레이건,1983년,레이건,13.10,"- 대한항공기 잔해수거와 관련한 상황보고서, 미국정부의 소련 공식방문 축소와 관련한 메모들, 대한항공기 사건과 관련 아예로플로트항공사 제재조치에 대한 레이건대통령 메시 지 및 민간항공위원회에 보내는 편지, 일본수상 나카소네와 주고받은 편지, 대한항공기 사건처리 진행과정에 대한 메모들로 이루어져 있으며, 구체적인 내용은 비공개이다.",대한항공기 격추(8/31/83-11/83)(10/22),6건(41매),08-1-0083,44,333,SITUATION REPORT RE SOVIET TURNOVER OF DEBRIS FROM KAL 007 | MINIMIZING OFFICIAL US GOVERNMENT TRAVEL TO USSR | DRAFT PRESIDENT MESSAGE TO NAKASONE RE KAL INCIDENT & AEROFLOT SANCTIONS | LETTER TO PRESIDENT FROM PRIME MINISTER NAKASONE OF JAPAN | LETTER TO THE CAB RE ACTIONS AGAINST AEROFLOT | LETTER TO THE PRESIDENT ON KOREAN AIR LINE SHOOT-DOWN,,,
usa1-desc-레이건-13.11,KOREAN AIRLINE SHOOTDOWN (8/31/83-Nov 1983)(11/22),대한항공기 격추(8/31/83-11/83)(11/22),레이건,1983년,레이건,13.11,"- 아예로플로트항공사의 미국사무소 폐지에 관한 언론발표자료 및 질의서, 미국해외 정보국(USIA)에서 작성한 대한항공 007기 사건에 대한 각국 미디어 반응에 대한 보고서, 대한항공기 수색작업동안 미해군 다목적 헬리콥터 손실에 관한 메모, 각국의 소련에 대한 항공제재조치 정리표, 국무부에서 각 외교관과 영사관으로 공식적인 소련방문과 RC-135기에 대한 정보를 보내는 전문, 소련측 주장에 대한 CIA 정보이사회의 요약 논평(부분비공개), 레이건대통령의 라디오연설문등으로 이루어져 있다.",대한항공기 격추(8/31/83-11/83)(11/22),10건(63매),08-1-0084,44,333,MEMORANDUM: Transmission of Press Statement and Guidance on Closure of Aeroflot Offices in the United States | MEMORANDUM: USIA Activities on KAL Flight #007 Shoot-down(SPECIAL REPORT) | MEMORANDUM: Loss of USN LAMPS Helo during KAL Search Operations | SUMMARY OF MAJOR DEVELOPMENTS | MEMORANDUM FOR THE PRESIDENT: Handling of Korean Airliner | International Reactions to KAL Shootdown Civil Aviation Ban | cable 130202Z: official travel to the soviet union/ | cable 060244Z: guidance on RC-135 Flight | CIA Directorate of Intelligence: SPOT COMMENTARY: USSR-New Charges Against the US in KAL Affair | PRESIDENTIAL RADIO TALK: REACTION TO KAL 007(9/16-3:00 p.m.),,,
usa1-desc-레이건-13.12,KOREAN AIRLINE SHOOTDOWN (8/31/83-Nov 1983)(12/22),대한항공기 격추(8/31/83-11/83)(12/22),레이건,1983년,레이건,13.12,"- 1983년 9월20일 백악관 상황실의 대한항공 007기 수색 구조지역에서 음파발신기 교신 관련 비망록, 소련의 반박에 대한 국무장관의 성명서, 외국방송청취팀(FBIS)에서 수집한 대한항공기 사건관련 기사들(타스통신, 프라우다지 등의 인용), 대한항공기 격추사건에 대한 레이건대통령의 연설문, 수기로 작성된 초안 등으로 이루어져 있다.",대한항공기 격추(8/31/83-11/83)(12/22),4건(55매),08-1-0085,44,334,"SITUATION ROOM NOTE: Pinger Contact at KAL 007 Search and Salvage Area | STATEMENT BY THE PRINCIPAL DUPUTY PRESS SECRETARY TO THE PRESIDENT | SUMMARY OF MAJOR DEVELOPMENTS: Foreign Reaction to the President’s speech | PRESIDENTIAL ADDRESS: DOWNED KOREAN AIRLINER(September 4, 1983, 5:00 p.m.)",,,
usa1-desc-레이건-13.13,KOREAN AIRLINE SHOOTDOWN (8/31/83-Nov 1983)(13/22),대한항공기 격추(8/31/83-11/83)(13/22),레이건,1983년,레이건,13.13,- 민간항공의 안전을 위해 전지구위치확인시스템(GPS)을 상업항공에서도 이용할 수 있도록 하는 레이건대통령 성명서 및 보도지침과 질의서로 이루어져 있다.,대한항공기 격추(8/31/83-11/83)(13/22),2건(4매),08-1-0086,44,335,DRAFT PRESIDENTIAL STATEMENT ON THE GLOBLA POSITIONING SYSTEM | PRESS GUIDANCE,,,
usa1-desc-레이건-14,PRESIDENTIAL HANDWRITING FILE: PRESIDENTIAL SPEECHES: 1981-1989,,레이건,,레이건,14,,,,,,,,,,
usa1-desc-레이건-14.1,Folder 203(8/28/83-9/5/83),폴더 203(1983년 8월23일-1983년 9월5일),레이건,1983년,레이건,14.1,"- 1983년 9월8일 시카고와 디트로이트의 브래디재단 행사에서 발표내용, UNITED JEWISH APPEAL 모임에서의 대통령 연설문, 대한항공기 격추사건을 언급한 9월3일 라디오담화문, 대한항공기 격추사건에 대한 대통령연설문(9월5일)으로 이루어져 있다.",폴더 203(1983년 8월23일-1983년 9월5일),4건(51매),08-1-0087,11,335,"PRESIDENTIAL TAPING: BRADY FOUNDATION EVENTS IN CHICAGO AND DETROIT THURSDAY, SEPTEMBER 8, 1983 | TALKING POINTS FOR THE PRESIDENT’S MEETING WITH THE UNITED JEWISH APPEAL | PRESIDENTIAL RADIO TALK: KOREAN AIRLINER&LABOR DAY SATURDAY, SEPTEMBER 3, 1983 | PRESIDENTIAL TELEVISION ADDRESS: FLIGHT 007 MONDAY, SEPTEMBER 5, 1983",,,
usa1-desc-레이건-14.2,Folder 230(11/12/83),폴더 203 (1983년8월23일-1983년9월5일),레이건,1983년,레이건,14.2,"- 레이건대통령의 한일순방에 앞선 라디오 연설문, 재향군인의 날 기념사, 1983년 11월 12일 김포공항 도착인사말, 조선호텔 리셉션 인사말, 레이건대통령의 대한민국 국회 에서의 연설문으로 이루어져 있다.",폴더 203 (1983년8월23일-1983년9월5일),4건(40매),08-1-0088,12,336,"PRESIDENTIAL RADIO TALK: TRIP TO JAPAN&KOREA | VETERANS DAY CELEBRATION, ARRIVAL AT KIMPO AIRPORT | RECEPTION FOR PROMINENT KOREANS CHOSUN HOTEL | PRESIDENTIAL ADDRESS: NATIONAL ASSEMBLY SEOUL, KOREA SATURDAY, NOVEMBER 12, 1983",,,
usa1-desc-레이건-14.3,Folder 231(11/12/83 Cont-11/13/83),폴더 231(1983년 11월12일-1983년 11월13일),레이건,1983년,레이건,14.3,"- 1983년 11월12일 청와대만찬사, 11월13일 미보병 제2연대 오찬 격려사 및 미군부대 연설문, 11월13일 귀국인사말로 이루어져 있다.",폴더 231(1983년 11월12일-1983년 11월13일),4건(31매),08-1-0089,13,336,"STATE DINNER AT BLUE HOUSE | PRESIDENTIAL REMARKS: LUNCH WITH U.S. 2ND INFANTRY TROOPS CAMP LIBERTY BELL SEOUL, KOREA, SUNDAY, NOVEMBER 13, 1983 | PRESIDENTIAL ADDRESS: U.S. TROOPS IN MORTAR AREA(CAMP LIBERTY BELL, SEOUL, KOREA) SUNDAY, NOVEMBER 13,1983 | ARRIVAL FROM THE FAR EAST",,,
usa1-desc-레이건-15,"PRESS SECRETARY, WHITE HOUSE OFFICE OF: PRESS RELEASES AND BRIEFINGS: Records, 1981-89",,레이건,,레이건,15,,,,,,,,,,
usa1-desc-레이건-15.1,#4960: 09/08/83,"언론브리핑자료 #4960, 1983년 9월 8일",레이건,1983년,레이건,15.1,"- 1983년 9월 1일 소련의 대한항공 007기 격추사건에 대한 대응조치로, 미국 민간항공 위원회에 러시아 아예로플로트(aeroflot)항공사에 대한 제재조치를 요구하는 백악관 수석부대변인의 성명서","언론브리핑자료 #4960, 1983년 9월 8일",1건(3매),08-1-0090,65,337,"STATEMENT BY THE PRINCIPAL DEPUTY PRESS SECRETARY(Sep. 8, 1983) ※ 종이크기가 A4보다 길기 때문에 접혀있음",,,
usa1-desc-레이건-15.2,#4961: 09/09/83,"언론브리핑자료 #4961, 1983년 9월9일",레이건,1983년,레이건,15.2,"- 대한항공 007기 격추사건의 희생자들을 애도하고, 1983년 9월 11일 일요일을 애도의 날 (NATIONAL DAY OF MOURNING)로 선언하는 레이건대통령의 선언서","언론브리핑자료 #4961, 1983년 9월9일",1건(5매),08-1-0091,65,338,"NATIONAL DAY OF MOURNING, SUNDAY, SEPTEMBER 11, 1983 BY THE PRESIDENT OF THE UNITED STATES OF AMERICA (A PROCLAMATION) ※ 종이크기가 A4보다 길기 때문에 접혀있음",,,
usa1-desc-레이건-16,"SPEECHWRITING, WHITE HOUSE OFFICE OF: RESEARCH OFFICE : Records, 1981-1989",,레이건,,레이건,16,,,,,,,,,,
usa1-desc-레이건-16.1,09/01/1983-09/03/1983 Korean Airlines Statements(1),대한항공기 격추사건 관련 성명서(1983년 9월1일-9월3일)(1),레이건,1983년,레이건,16.1,"- 1983년 9월1일 KAL 007기 격추사건에 대한 미국측 성명서들과 소련정부의 입장을 전하는 타스통신 기사 및 외신기사들로 이루어져 있다. 비슷한 시기(9월2일) 사망한 미국 상원 군사위원회 의장이었던 Henry M. Jackson의 부고기사가 포함되어 있다. 주요 수록내용은 미 의회 양원합동결의에 대한 레이건대통령 성명서, 대한항공 사고 희생자에 대한 레이건대통령 성명서, 라디오연설문, PAUL NITZE대사가 KAL 사건 후 INF(중거리핵전력)협상을 앞두고 발표한 브리핑내용, 애도의 날 선언서, 대한항공 격추 사건에 따른 안전보장이사회 결의안에 대한 기사, UN 미국대표 Jeane J. Kirkpatrick의 안전보장이상회 연설문(뉴욕타임즈 기사), 소련정부의 성명서(타스통신), 포인트 무구 (Point Mugu) 미 해군항공기지에서의 레이건대통령 발표문(Henry Jackson의 사망애도 및 KAL사고에 대한 언급) 등이 있다.",대한항공기 격추사건 관련 성명서(1983년 9월1일-9월3일)(1),15건(41매),08-1-0092,112,338,"STATEMENT BY THE PRESIDENT(SEPTEMBER 28, 1983) | STATEMENT BY THE PRINCIPAL DUPUTY PRESS SECRETARY TO THE PRESIDENT | Draft Presidential Statement | PRESIDENTIAL STATEMENT(September 2, 1983 10:30 a.m.) | PRESIDENTIAL STATEMENT(September 1, 1983 12:30 p.m.) | DEATH OF AMERICAN CITIZENS ON BOARD KOREAN AIRLINES FLIGHT BY THE PRESIDENT OF THE UNITED STATES OF AMERICA (A PROCLAMATION) | RADIO ADDRESS OF THE PRESIDENT TO THE NATION, | STATEMENT BY AMBASSADOR PAUL NITZE, | STATEMENT BY THE PRINCIPAL DEPUTY PRESS SECRETARY TO THE PRESIDENT | PRESIDENTIAL RADIO ADDRESS: VOICE OF AMERICA SATURDAY, SEPTEMBER 10, | PRESS BRIEFING BY LARRY SPEAKES SEPTEMBER1, 1983, | A PROCLAMATION BY THE PRESIDENT OF THE UNITED STATES OF AMERICA (NATIONAL DAY OF MOURNING) | REMARKS OF THE PRESIDENT UPON DEPARTURE FROM POINT MUGU | Transcript of Kirkpatrick Address on Korean Airliner to Security Council | Text of Statement by Soviet Government",,,
usa1-desc-레이건-16.2,09/01/1983-09/03/1983 Korean Airlines Statements(2),대한항공기 격추사건 관련 성명서(1983년 9월1일-9월3일)(2),레이건,1983년,레이건,16.2,"- 1983년 9월5일 레이건대통령이 대한항공 격추사건에 대해 행한 전국 연설문이 수록되어 있으며, 성명서와 관련하여 수발신된 전문 16건은 비공개문서이다.",대한항공기 격추사건 관련 성명서(1983년 9월1일-9월3일)(2),1건(21매),08-1-0093,112,339,"Korean Airline Massacre(September 5, 1983): President Reagan’s address",,,
usa1-desc-레이건-17,Federal Government-Organization(FG),,레이건,,레이건,17,,,,,,,,,,
usa1-desc-레이건-17.1,FG001-390429 SOUTH KOREA,대한민국(식별번호: 390429),레이건,1987년,레이건,17.1,"- 남한의 정치적 불안상태가 필리핀과 어떻게 다른지, 한국의 대통령선거 및 헌법개정에 대한 미국입장이 무엇인지에 대한 질의응답서",대한민국(식별번호: 390429),1건(2매),08-1-0094,41,340,SOUTH KOREA,,,
usa1-desc-레이건-17.2,FG001-541340 [1of2]SOUTH KOREA,대한민국(1/2)(식별번호: 541340),레이건,1987년,레이건,17.2,"- 1988년 3월11일/15일 White House Office of Public Affairs에서 작성한 한국과의 통상 관련 문서. 한국의 관세, 주요 상품에 대한 한국시장의 규모 등을 제시하고 있다.",대한민국(1/2)(식별번호: 541340),1건(5매),08-1-0095,55,340,SOUTH KOREA,,,
usa1-desc-레이건-17.3,FG001-02/555916,식별번호: 555916,레이건,1988년,레이건,17.3,- 국가안전보장이사회 간부진에게 대통령 서신(노태우대통령이 레이건대통령에게 보낸 편지)에 대해 알리는 메모 1건 수록,식별번호: 555916,1건(2매),08-1-0096,81,341,MEMORANDUM FOR MR. Paul Schott Stevens: Alerting NSCS onf Presidential Correspondence,,,
usa1-desc-레이건-17.4,FG001-02/581966/587237,식별번호: 581966/587237,레이건,1988년,레이건,17.4,"- 상원의원 Ted Stevens에게 대통령 특사로 서울올림픽에 참석해주기를 요청하는 메모 (581966)와 Ted Stevens의 정중한 거절의 편지(587237), 1988년 9월3일 공보실에서 발표한 서울올림픽 사절단 명단",식별번호: 581966/587237,3건(5매),08-1-0097,82,341,"MEMORANDUM FOR SENATOR HOWARD BAKER FROM ROBERT H. TUTTLE: Talking Points for Telephone Call to Senator Ted Stevens to Invite Him to Represent the President at the Seoul Olympics | LETTER FROM TED STEVENS TO THE PRESIDENT | For Immediate Release(September 13, 1988)",,,
usa1-desc-레이건-17.5,FG001-02/589011,식별번호: 589011,레이건,1988년,레이건,17.5,- ROBERT H. TUTTLE가 RHETT DAWSON에게 서울올림픽 대표단 명단 발표를 위해 보내는 메모,식별번호: 589011,3건(4매),08-1-0098,82,342,"MEMORANDUM FOR RHETT DAWSON(Sep 13, 1988): Personnel Announcement | MEMORANDUM FOR RHETT DAWSON(Sep 12, 1988): Personnel Announcement | For Immediate Release(September 13, 1988)",,,
usa1-desc-레이건-17.6,FG001-02/600951,식별번호: 600951,레이건,1988년,레이건,17.6,- 시민활동단체대표 ROY PFAUTCH가 서울올림픽 방문대표단으로 선출된 것에 레이건 대통령에게 감사를 전하는 편지(수기로 작성됨),식별번호: 600951,1건(2매),08-1-0099,82,342,LETTER FROM ROY PFAUTCH TO THE PRESIDENT,,,
usa1-desc-레이건-17.7,FG001-02/616788,식별번호: 616788,레이건,1988년,레이건,17.7,- JOHN TUCK이 BOB TUTTLE에게 보내는 메모와 TED STEVENS이 대통령에게 보낸 전문(587237과 동일내용),식별번호: 616788,2건(3매),08-1-0100,82,343,MEMORANDUM FOR BOB TUTTLE FROM JOHN TUCK,,,
usa1-desc-레이건-17.8,FG010-04/326824,식별번호: 326824,레이건,1985년,레이건,17.8,-경제정책위원회에서 레이건대통령에게 통상법 301조 사건조사와 관련하여 보내는 메모,식별번호: 326824,1건(10매),08-1-0101,93,343,MEMORANDUM FOR THE PRESIDENT FROM THE ECONOMIC POLICY COUNCIL: Initiating Section 301 Investigations,,,
usa1-desc-레이건-17.9,FG010-04/330071,식별번호: 330071,레이건,1985년,레이건,17.9,- 불공정무역절차의 우선협상과 관련하여 경제정책위원회에서 레이건대통령에게 보내는 결정메모 및 그 전달과 관련된 메모,식별번호: 330071,건(15매),08-1-0102,93,343,MEMORANDUM: Economic Policy Council Decision Memo: Initiating Unfair Foreign Trade Proceedings | MEMORANDUM FOR THE PRESIDENT FROM THE ECONOMIC POLICY COUNCIL: Initiating Unfair Foreign Trade Proceedings,,,
usa1-desc-레이건-17.10,FG011/391225,식별번호: 391225,레이건,1986년,레이건,17.10,"- 1986년 5월6일 슐츠국무장관의 한국방문과 관련하여 재미 한국인권문제연구소 서부 지회에서 레이건대통령에게 4월24일 보낸 편지, 국무부 한국담당관 Harriet Isom의 5월22일 답장, 슐츠국무장관의 5월8일 서울 조선호텔에서의 기자회견문 및 질의응답서로 이루어져 있다.",식별번호: 391225,3건(16매),08-1-0103,9,344,"letter to Rhee, Chung and Choe from Harriet Isom | Letter from Messrs. Rhee, Chung, and Choe to the President: Writes regarding George Shultz and his upcoming visit to South Korea) | PRESS CONFERENCE BY THE HONORABLE GEORGE P. SHULTZ",,,
usa1-desc-레이건-17.11,FG012/222033,식별번호: 222033,레이건,1984년,레이건,17.11,- David L. chew가 Robert M. Kimmitt에게 재무장관 도날드 리건의 극동방문관련 문서를 첨부하여 보낸 메모,식별번호: 222033,1건(5매),08-1-0104,2,344,MEMORANDUM FOR ROBERT M. KIMMITT FROM DAVID L. CHEW : Secretary Regan upcoming trip to the Far East,,,
usa1-desc-레이건-17.12,FG013/571213,식별번호: 571213,레이건,1987년,레이건,17.12,- Frank C. Carlucci의 국방장관 임명을 축하하는 한국과 일본 외교부장관의 편지 및 이에 대한 Carlucci의 답장,식별번호: 571213,1건(10매),08-1-0105,17,345,Replies to Messages of Congratulations re Carlucci appointment,,,
usa1-desc-레이건-17.13,FG016/417611,식별번호: 417611,레이건,1986년,레이건,17.13,- 1986년 5월5일 미공군차관 Edward C. Aldridge가 대한민국 공군사관학교에서 행한 대한민국 공군 항공우주산업 심포지엄에서의 연설문,식별번호: 417611,1건(13매),08-1-0106,2,345,SPEECH BY EDWARD C. ALDRIDGE UNDER SECRETARY OF THE AIR FORCE TO AEROSPACE SYMPOSIUM OF THE REPUBLIC OF KOREA AIR FORCE REPUBLIC OF KOREA AIR FORCE ACADEMY 7 MAY 1986,,,
usa1-desc-레이건-18,PUBLIC RELATIONS(PR),,레이건,,레이건,18,,,,,,,,,,
usa1-desc-레이건-18.1,PR005-01/030372,식별번호: 030372,레이건,1981년,레이건,18.1,- 노신영 외무부장관과 레이건대통령이 악수하는 칼라사진에 레이건대통령의 자필서명을 요청하는 대한민국 대사관의 의사를 전하는 메모와 노신영 외무부장관에게 자필서명된 사진을 전하는 메모 및 레이건대통령 자필서명이 있는 복사된 자료사진으로 이루어져 있다.,식별번호: 030372,1건(5매),08-1-0107,39,346,MEMORANDUM FOR MR. RICHARD V. ALLEN FROM L. PAUL BREMER : Request for President Reagan to autograph picture of himself and the Korean Foreign Minister,,,
usa1-desc-레이건-18.2,PR007-01/157843,식별번호: 157843,레이건,1983년,레이건,18.2,-이범석 외무부장관의 미국방문 이후에 보낸 레이건대통령의 답례편지,식별번호: 157843,1건(5매),08-1-0108,10,346,"PRESIDENTIAL LETTER TO Bum Suk Lee, Minister of Foreign Affairs of the Republic of Korea",,,
usa1-desc-레이건-18.3,PR007-01/498512,식별번호: 498512,레이건,1987년,레이건,18.3,- 1987년 3월11일 백악관집무실에서 이루어진 레이건대통령과 현대그룹회장 정주영과의 비공식회담 메모록 및 JAMES A. KELLY가 FRANK C. CARLUCCI에게 이를 전하는 메모로 이루어져 있다.,식별번호: 498512,1건(6매),08-1-0109,26,347,"Memorandum of Conversation of Meeting between the President and Mr. Chung Ju Yung of Korea on Wednesday, March 11, 1987",,,
usa1-desc-레이건-18.4,PR007-01/514908,식별번호: 514908,레이건,1987년,레이건,18.4,- 이기백 국방부장관이 1987년 5월7일 백악관방문 환대에 대해 레이건대통령에게 보내는 5월12일자 감사편지,식별번호: 514908,1건(3매),08-1-0110,27,347,Minister of National Defense LEE KI BAEK THANK YOU LETTER RE WHITE HOUSE VISIT 7 MAY,,,
usa1-desc-레이건-18.5,PR007-01/529137,식별번호: 529137,레이건,1987년,레이건,18.5,- 1987년 9월14일-16일 민정당총재 노태우의 예방과 관련한 일정계획 메모와 10월29일 민정당 총재 노태우가 88올림픽 초청과 함께 백악관 예방환대에 대해 레이건대통령에게 보내는 감사편지,식별번호: 529137,2건(7매),08-1-0111,27,348,"MEMORANDUM FOR GRNAT S. GREEN, JR FROM JAMES A. KELLY: Courtesy Call/Photo Opportunity for Roh Tae Woo, Ruling Party Presidential Nominee, Republic of Korea | LETTER FROM MR. TAE WOO ROH TO PRESIDENT",,,
usa1-desc-레이건-18.6,PR007-02/396045,식별번호: 396045,레이건,1986년,레이건,18.6,- 1986년 3월2일 JOHN O. KOEHLER가 레이건대통령에게 보내는 편지와 Ms. Kathy Osborne에게 전달을 요청하는 짧은 편지,식별번호: 396045,2건(4매),08-1-0112,21,348,LETTER FROM JOHN O. KOEHLER TO PRESIDENT RONALD REAGAN | LETTER TO JOHN O. KOEHLER,,,
usa1-desc-레이건-19,White House Television Office(WHTV) Videotape 제 목 Reagan Visit to Korea 생산년도 1983년 상영시간 120분 매 체 비디오테이프(VHS) 수 량 2개,,레이건,,레이건,19,-1983년 11월 12일부터 14일까지 레이건대통령의 방한과 관련 촬영된 영상물,,,,,,,,,
usa1-media-존슨-30-514,한국 방문자 접견,사진 · 존슨,존슨·사진영상,1964,존슨,,,,,,,,,사진,,30
usa1-media-존슨-30-515,박정희대통령 내외 미국 방문,사진 · 존슨,존슨·사진영상,1965,존슨,,,,,,,,,사진,,30
usa1-media-존슨-30-516,박정희대통령 내외 주최 환영회,사진 · 존슨,존슨·사진영상,1965,존슨,,,,,,,,,사진,,30
usa1-media-존슨-30-517,박정희-존슨대통령 회담,사진 · 존슨,존슨·사진영상,1965,존슨,,,,,,,,,사진,,30
usa1-media-존슨-30-518,백악관 대통령집무실에서 박정희대통령과 회담,사진 · 존슨,존슨·사진영상,1965,존슨,,,,,,,,,사진,,30
usa1-media-존슨-30-519,박정희대통령 내외 미국 방문,사진 · 존슨,존슨·사진영상,1965,존슨,,,,,,,,,사진,,30
usa1-media-존슨-30-520,대한민국 박정희대통령 내외 방문 환영식,사진 · 존슨,존슨·사진영상,1965,존슨,,,,,,,,,사진,,30
usa1-media-존슨-30-521,박정희대통령 내외 주최 환영회,사진 · 존슨,존슨·사진영상,1965,존슨,,,,,,,,,사진,,30
usa1-media-존슨-30-522,대한민국 정일권총리 및 일행 접견,사진 · 존슨,존슨·사진영상,1967,존슨,,,,,,,,,사진,,30
usa1-media-존슨-30-523,대한민국 정일권총리 및 일행 접견,사진 · 존슨,존슨·사진영상,1967,존슨,,,,,,,,,사진,,30
usa1-media-존슨-30-524,대한민국 정일권 총리와 회담,사진 · 존슨,존슨·사진영상,1967,존슨,,,,,,,,,사진,,30
usa1-media-존슨-30-525,대한민국 정일권총리 환영식,사진 · 존슨,존슨·사진영상,1967,존슨,,,,,,,,,사진,,30
usa1-media-존슨-30-526,대한민국 정일권총리 환영식,사진 · 존슨,존슨·사진영상,1967,존슨,,,,,,,,,사진,,30
usa1-media-존슨-31-527,호놀룰루 회담,사진 · 존슨,존슨·사진영상,1968,존슨,,,,,,,,,사진,,31
usa1-media-존슨-31-528,호놀룰루 회담,사진 · 존슨,존슨·사진영상,1968,존슨,,,,,,,,,사진,,31
usa1-media-존슨-31-529,호놀룰루 회담,사진 · 존슨,존슨·사진영상,1968,존슨,,,,,,,,,사진,,31
usa1-media-존슨-31-530,호놀룰루 회담,사진 · 존슨,존슨·사진영상,1968,존슨,,,,,,,,,사진,,31
usa1-media-존슨-31-531,호놀룰루 회담,사진 · 존슨,존슨·사진영상,1968,존슨,,,,,,,,,사진,,31
usa1-media-존슨-31-532,존슨대통령 내외의 방한,사진 · 존슨,존슨·사진영상,1966,존슨,,,,,,,,,사진,,31
usa1-media-존슨-31-533,존슨대통령의 방한,사진 · 존슨,존슨·사진영상,1966,존슨,,,,,,,,,사진,,31
usa1-media-존슨-31-534,존슨대통령의 이한,사진 · 존슨,존슨·사진영상,1966,존슨,,,,,,,,,사진,,31
usa1-media-존슨-31-535,존슨대통령 내외의 한국 도착,사진 · 존슨,존슨·사진영상,1966,존슨,,,,,,,,,사진,,31
usa1-media-존슨-31-536,존슨대통령의 방한,사진 · 존슨,존슨·사진영상,1966,존슨,,,,,,,,,사진,,31
usa1-media-존슨-31-537,존슨대통령의 이한,사진 · 존슨,존슨·사진영상,1966,존슨,,,,,,,,,사진,,31
usa1-media-존슨-31-538,존슨대통령의 방한,사진 · 존슨,존슨·사진영상,1966,존슨,,,,,,,,,사진,,31
usa1-media-존슨-31-539,존슨대통령 내외의 방한,사진 · 존슨,존슨·사진영상,1966,존슨,,,,,,,,,사진,,31
usa1-media-존슨-31-540,박정희대통령 내외-존슨대통령 내외 회합,사진 · 존슨,존슨·사진영상,1966,존슨,,,,,,,,,사진,,31
usa1-media-존슨-31-541,존슨대통령 방한,사진 · 존슨,존슨·사진영상,1966,존슨,,,,,,,,,사진,,31
usa1-media-존슨-31-542,존슨대통령 내외의 대한민국 방문,사진 · 존슨,존슨·사진영상,1966,존슨,,,,,,,,,사진,,31
usa1-media-존슨-31-543,존슨대통령 마닐라 정상회담 참석,사진 · 존슨,존슨·사진영상,1966,존슨,,,,,,,,,사진,,31
usa1-media-존슨-32-544,박정희대통령 마닐라 정상회담 참석,사진 · 존슨,존슨·사진영상,1966,존슨,,,,,,,,,사진,,32
usa1-media-존슨-32-545,베트남전 관련 동남아시아조약기구 마닐라회담: 각국 지도자의 그룹사진,사진 · 존슨,존슨·사진영상,1966,존슨,,,,,,,,,사진,,32
usa1-media-존슨-32-546,베트남전 관련 동남아시아조약기구 마닐라 정상회담,사진 · 존슨,존슨·사진영상,1966,존슨,,,,,,,,,사진,,32
usa1-media-존슨-32-547,존슨대통령 마닐라회담 참석,사진 · 존슨,존슨·사진영상,1966,존슨,,,,,,,,,사진,,32
usa1-media-존슨-32-548,베트남전 관련 동남아시아조약기구 마닐라 정상회담,사진 · 존슨,존슨·사진영상,1966,존슨,,,,,,,,,사진,,32
usa1-media-존슨-32-549,베트남전 관련 동남아시아조약기구 마닐라 정상회담,사진 · 존슨,존슨·사진영상,1966,존슨,,,,,,,,,사진,,32
usa1-media-존슨-32-550,태평양 방문,42 · 존슨,존슨·사진영상,1966,존슨,,,,,,,,,42,,32
usa1-media-존슨-32-551,우정과 신뢰의 가교,26 · 존슨,존슨·사진영상,1965,존슨,,,,,,,,,26,,32
usa1-media-존슨-32-552,존슨대통령 아시아방문: 마닐라회담 전야,26 · 존슨,존슨·사진영상,1966,존슨,,,,,,,,,26,,32
usa1-media-존슨-32-553,아시아국가 방문,52 · 존슨,존슨·사진영상,1966,존슨,,,,,,,,,52,,32
usa1-media-존슨-32-554,존슨대통령 : 1968년 4월,46 · 존슨,존슨·사진영상,1968,존슨,,,,,,,,,46,,32
usa1-media-존슨-32-555,대한민국 박정희대통령 미국 방문,14 · 존슨,존슨·사진영상,1965,존슨,,,,,,,,,14,,32
