id,제목,부제/번역제목,유형,생산년도,상위계층명,철ID,기록물건수,주요내용,세부기록물
usa2-닉슨-1,South Korea PM Il Kwon Chung Corres,,닉슨대통령도서관,1969,National Security Council ▹ Subject Files,PZA0002201,2,"한국 국회의원들의 방미를 앞두고, 정일권 국무총리가 헨리 키신저에게 보낸 서한 과 키신저의 답신으로 이루어진 폴더. 방미 의원 중 박병대 의원은 키신저와 면담 을 희망하였지만, 성사되지는 않았다.","Letter from Henry A. Kissinger to Il Kwon Chung: August 7, 1969 (1p~1p) | Memorandum from Lindsey Grant to Kissinger: Letter to Korean Prime Minister Chung (2p~8p) <첨부> Letter from Il Kwon Chung to Henry A. Kissinger"
usa2-닉슨-2,USS PUEBLO,,닉슨대통령도서관,1969,National Security Council ▹ Subject Files,PZA0002202,11,"푸에블로호 사건 관련자 처벌에 대한 사문위원회와 해군장관간의 상이한 결정 내 용 보고와 해군장관의 발표문, 푸에블로호 승무원들의 석방을 위해 CIA의 역할이 있었다는 주장에 대한 백악관의 입장 등이 포함되어 있다.","[Withdrawal Sheet Index] USS PUEBLO (1p~3p) | Memorandum from Al Haig to Henry A. Kissinger: PUEBLO Decision (4p~5p) | Memorandum for Henry A. Kissinger: 28 Mar 1969 (6p~6p) | Memorandum from Joseph B. McDevitt to the Chief of Naval Operations: Disciplinary recommendations possible from PUEBLO Court of Inquiry (7p~16p) | Statement of John H. Chafee Secretary of the Navy: 6 May 1969 (17p~23p) | Memorandum from Henry A. Kissinger to the President: PUEBLO (24p~26p) | Memorandum from John P. Walsh to Henry A. Kissinger: March 27, 1969 (27p~28p) | Memorandum from Henry A. Kissinger to the President: Release of Pueblo Crew (29p~30p) | Memorandum from Alexander P. Butterfield to Kissinger: Note from the President (Action item) (31p~32p) | Document Control Record: Item Removed… (33p~33p) | Presidential Action Item (34p~34p)"
usa2-닉슨-3,Vice President’s Briefing Book Aug 70 - Republic of Korea,,닉슨대통령도서관,1970,National Security Council ▹ Subject Files,PZA0002203,4,"1979년 8월 미 부통령의 방한을 앞두고 준비한 브리핑 문서로, 주한미군 감축과 한국군 현대화 계획에 따른 추가 비용 문제, 한미간 섬유 쿼타 등에 대한 미국의 목 표와 쟁점별 대응방침, 배경설명, 박정희대통령을 비롯한 주요 인물에 대한 조사 보고서(비공개) 등","[Withdrawal Sheet Index] Vice President’s Briefing Book Aug 70 - Republic of Korea (1p~1p) | Memorandum from Henry A. Kissinger to the Vice President: Your Visit to The Republic of Korea (2p~6p) | Key Points in Briefing by Assistant Secretary Green (7p~10p) | The Vice President’s Trip to the Far East, August 1970 (11p~50p) <첨부1> Objectives <첨부2> Special Note on Korean Forces Modernization Project <첨부3> Talking Points Paper <첨부4> Background - Reduction of US Troops in Korea <첨부5> Background - Internal Political Situation <첨부6> Background - The Economy (첨부7> Background - US-ROK Textile Issue (첨부8> Background - The North Korean Threat 012 대통령기록관 해외기록물 수집목록집"
usa2-닉슨-4,MemCon - The President and President Pak (Korea),,닉슨대통령도서관,1969,"August 31, 1969 National Security Council ▹ Presidential/HAK MemCons",PZA0002204,2,"닉슨대통령과 박정희대통령의 비공개회담 회담록(비공개)을 본국으로 보내기 전, 공개수위 조절을 위한 보고자료","[Withdrawal Sheet Index] MemCon - The President and President Pak (Korea) August 31, 1969 (1p~2p) | Memorandum from Tony Lake to Henry A. Kissinger: Memcon of Talks Between Presidents Nixon and Pak (3p~4p)"
usa2-닉슨-5,NSSM 27 1 of 2 [1 of 4] Interagency Planning,,닉슨대통령도서관,1969,"Programming Budgeting, 1969.2.22 National Security Council ▹ National Security Council Institutional Files",PZA0002205,8,NSSM 27(한국관련 범부처간 계획예산 연구)을 반영한 미국의 대한(對韓) 정책관 련 보고,"[Withdrawal Sheet Index] NSSM 27 1 of 2 [1 of 4] Interagency Planning Programming Budgeting, 1969.2.22 (1p~2p) | Memorandum from Jeanne W. Davis to Richard Pederson, G. Warren Nutter, R. Jack Smith, Gen. F. T. Unger, Haakon Lindjord: U.S. Policy Toward Korea -- Interagency Program Analysis(NSSM 27) (3p~3P) | Memorandum from Henry A. Kissinger to the Chairman of the NSSM 27 Steering Group: Guidance on NSSM 27 (4p~5p) | Memorandum from Laurence E. Lynn to Henry A. Kissinger: Korea Program Analysis (NSSM 27) (6p~7p) | Memorandum from Laurence E. Lynn to Henry A. Kissinger: Draft NSSM for a Study of Korea (8p~9p) | Memorandum for the Secretary of State: Interagency Planning - Programming-Budgeting Study for Korea (10p~11p) | Memorandum for the Secretary of State: Interagency Planning - Programming-Budgeting Study for Korea (12p~13P) | Memorandum from Harry J. Shaw to Laurence E. Lynn: NSSM-27 (14p~18p) <첨부1> Additional Comments on Section III <첨부2> Alternative 4: Minimum Counter-Infiltration Program"
usa2-닉슨-6,NSSM 27 1 of 2 [2 of 4] Interagency Planning Programming,,닉슨대통령도서관,1969,"Budgeting, 1969.2.22 National Security Council ▹ National Security Council Institutional Files",PZA0002206,2,Korea Program Analysis 프로젝트 책임자인 Earl C. Ravenal 이 스나이더에게 제출하기 위한 NSSM 27 검토보고서,"[Withdrawal Sheet Index] NSSM 27 1 of 2 [2 of 4] Interagency Planning Programming Budgeting, 1969.2.22 (1p~1p) | Memorandum from Earl C. Ravenal to Sneider: Korea Program Memorandum (NSSM-27) (2p~2p) 014 대통령기록관 해외기록물 수집목록집"
usa2-닉슨-7,NSSM 27 1 of 2 [3 of 4] Interagency Planning Programming,,닉슨대통령도서관,1970,"Budgeting, 1969.2.22 National Security Council ▹ National Security Council Institutional Files",PZA0002207,3,Korean Program 추진그룹의 NSSM 27 최종 검토보고서,"[Withdrawal Sheet Index] NSSM 27 1 of 2 [3 of 4] Interagency Planning Programming Budgeting, 1969.2.22 (1p~1p) | Memorandum from Jeanne W. Davis to Elliot L. Richardson, David Packard, Richard Helms, General Earle G. Wheeler, Paul W. McCracken, Robert P. Mayo: Final Report of Korean Program Steering Group(NSSM 27) (2p~3p) | Memorandum from Claus W. Ruser to Henry A. Kissinger: NSSM 27 - Final Report (4p~4P)"
usa2-닉슨-8,NSSM 27 1 of 2 [4 of 4] Interagency Planning Programming,,닉슨대통령도서관,1968 ~ 1970,"Budgeting, 1969.2.22 National Security Council ▹ National Security Council Institutional Files",PZA0002208,16,"NSSM 27의 추진 결정부터 추진과정에서 발생된 관계부처의 고려사항 등에 관한 자료. 제43차 고위급 부처간 협의그룹(SIG, Senior Interdepartmental Groups) 회의에서 한국 방위 관련 부처간 정책연구 추진이 결정됨에 따라 관련 자료 등을 구성원에게 보내고 The Korea PPBS Study 프로젝트의 운영그룹 구성과 관련하 여 주고 받은 보고 자료","[Withdrawal Sheet Index] NSSM 27 1 of 2 [4 of 4] Interagency Planning Programming Budgeting, 1969.2.22 (1p~1p) | Memorandum from Nicholas deB. Katzenbach to SIG Members: Interagency Planning- Programming-Budgeting Study for Korea (2p~10p) | Memorandum from EA - Winthrop G. Brown to U - The Under Secretary: Korea - Consideration of NSSM 27 (11p~14p) | Memorandum from EA - Marshall Green to U - The Under Secretary: NSSM 27 - Korean Program Study (15p~15p) | Memorandum from EA - Marshall Green to The Secretary: Sino-U.S. Warsaw Talks (16p~16p) | Sino-US Warsaw Talks (17p~18p) | Memorandum from Earl C. Ravenal to Henry A. Kissinger: Korea PPBS Study (19p~19p) | Letter from Earl C. Ravenal to Henry A. Kissinger: December 28, 1968 (20p~20p) | Interagency Program Budgeting Study for Korea (21p~21p) | Terms of Reference for Interagency Planning, Programming, Budgeting Study for Korea (22p~23p) | Interagency Program Budgeting Study for Korea (24p~25p) | Memorandum from John Court to Larry Lynn: The Next Step of NSSM 27 (26p~27p) | 해독 불가 (28p~28p) | [Memo] from Claus W. Ruser to Lynn: February 7, 1969 (29p~29p) | Memorandum: Interagency Planning-Programming-Budgeting Study for Korea (30p~36p) <첨부1> Memorandum from Nicholas deB. Katzenbach to SIG Members: Interagency Planning- Programming-Budgeting Study for Korea <첨부2> Terms of Regerence for Interagency Planning, Programming, Budgeting Study for Korea | Memorandum from Claus W. Ruser to Lawrence Lynn: Korea Interagency Program Analysis (37p~38p)"
usa2-닉슨-9,NSSM 27 2 of 2 [1 of 3],,닉슨대통령도서관,1969,National Security Council ▹ National Security Council Institutional Files,PZA0002209,1,NSSM 27 관련 보고(비공개),[Withdrawal Sheet Index] NSSM 27 1 of 2 [1 of 3] (1p~2p) 016 대통령기록관 해외기록물 수집목록집
usa2-닉슨-10,NSSM 27 2 of 2 [3 of 3],,닉슨대통령도서관,1969 ~ 1970,National Security Council ▹ National Security Council Institutional Files,PZA0002210,36,NSSM 27에 따른 미국의 한국 군사원조 프로그램(MAP) 수정안 및 관계부처간 PPBS 예산 검토와 관련하여 의사결정 과정에서 주고 받은 정부 부처의 의견 및 제안사항 등을 보고.,"[Withdrawal Sheet Index] NSSM 27 2 of 2 [3 of 3] (1p~1p) | Memorandum for the President: U.S. Troop Levels in Europe and Korea (2p~4p) | Revised Posture 4 (5p~6p) | Memorandum from Harry J. Shaw to Claus W. Ruser: Korean Force Structure and Program Package Options (7p~7p) | US Troop Levels in Europe & Korea (8p~8p) | Modernization of Republic of Korea Armed Forces (9p~9p) | Memorandum from U. Alexis Johnson to the President: Modernization of Republic of Korea Armed Forces (10p~20p) <첨부> FY 1971 ROK $150.0 Million Supplemental Illustrative List | Record Copy of Memo to the President (21p~21p) | Memorandum for the President: Korea Program Analysis Study (NSSM-27) (22p~24p) | Telegram from SECSTATE WASHDC to AMEMBASSY SEOUL: NSSM-27 (25p~25p) | 해독 불가 (26p~26p) | Distribution Sheet: Report (27p~27p) | Memorandum from John Court to Lynn: Meeting with BOB (28p~30p) | Memorandum from Laurence E. Lynn to Henry A. Kissinger: ROK Force Capabilities (31p~36p) | Delay in NSC Consideration of Korea (37p~37p) | Memorandum: Interagency Planning-Programming-Budgeting Study for Korea (38p~39p) | 해독 불가 (40p~42p) | Memorandum: Interagency Planning-Programming-Budgeting Study for Korea (43p~44p) | [Memo] from Laurence E. Lynn to Richard Sneider: February 10, 1969 (45p~47p) <첨부> Memorandum: Interagency Planning-Programming-Budgeting Study for Korea | [Memo] from Laurence E. Lynn to Earl Ravenal: February 10, 1969 (48p~50p) <첨부> Memorandum: Interagency Planning-Programming-Budgeting Study for Korea | Memorandum: Interagency Planning-Programming-Budgeting Study for Korea (51p~51p) | Terms of Reference for Interagency Planning, Programming, Budgeting Study for Korea (52p~55p) <첨부1> Interagency Planning-Programming-Budgeting Study for Korea Organization <첨부2> Interagency Planning-Programming-Budgeting Study for Korea Personnel | An ROK force of 16-18 improved divisions could hold a combined NK/CPR attack for at least 30 days north of Seoul (56p~56p) | Memorandum from Henry A. Kissinger to the Secretary of State: Interagency Planning- Programming-Budgeting Study for Korea (57p~58p) | [Memo] from Larry Lynn to Al Haig: May 7, 1969 (59p~59p) | Memorandum from Laurence E. Lynn to Henry A. Kissinger: Korea Decisions (60p~63p) | Memorandum from Henry A. Kissinger to the President: U.S. Programs in Korea (64p~70p) | Memorandum for the Secretary of State: U.S. Programs in Korea (71p~73p) | Memorandum from Robert P. Mayo to the President: Korea Program Analysis Study (NSSM-27) (74p~76p) | Memorandum from Laurence E. Lynn to Henry A. Kissinger: ROK Force Capabilities (77p~83p) | Memorandum from Larry Lynn to Henry A. Kissinger: Korean MAP Supplemental (84p~94p) <첨부> Issues Raised by The DOD Request for a Korean Map Supplemental | Memorandum from Ralph Earle II to the Assistant to the President for National Security Affairs: JCS Staff Responsibilities (95p~95p) | Memorandum from Nels C. Johnson to the Assistant to the President for National Security Affairs: NSSM 27; Interagency Planning-Programming-Budgeting Study for Korea (U) (96p~96p) | Memorandum from Henry A. Kissinger to the President: Proposal for Supplemental Appropriation for Korean MAP (97p~99p) | Memorandum from Charles A. North to John Court: External Military Assistance for North Korea (U) (100p~101p) | Additional Items for a Larger Package, but Mostly Unavailable in Next 12 Months (102p~127p) <첨부1> Items the Provision of which will Immediately Increase Combat Capability (Army) <첨부2> Items the Provision of which will Immediately Increase Combat Capability (Air Force) <첨부3> Items the Provision of which will Immediately Increase Combat Capability 018 대통령기록관 해외기록물 수집목록집 (Marine Corps) <첨부4> Primarily Counter-Infiltration Items (Navy) <첨부5> Items which Contribute both to Counter-Infiltration and Conventional Warfare <첨부6> Primarily Counter-Infiltration Items <첨부7> Primarily Conventional Warfare Items"
usa2-닉슨-11,NSC Meeting North Korean Downing of US Aircraft,,닉슨대통령도서관,1969,National Security Council ▹ National Security Council Institutional Files,PZA0002211,11,"북한이 EC-121 정찰기가 격추하자 백악관은 1969년 4월 16일 국가안전보장회의 를 소집하였다. 이 폴더에는 참석대상자 명단, 키신저 대통령 안보보좌관이 작성한 의제 요약문, 리뷰그룹(평가단)이 작성한 대안적 행동방침에 대한 보고 등이 있으 며 작전 수행에 따른 경비와 위험 부담으로 군사적 보복보다는 정치・외교적 행동 방침을 고려하고 북한의 행동에 대한 정전협정 위반 여부를 논의하는 보고서 등이 포함되어 있다.","[Withdrawal Sheet Index] NSC Meeting North Korean Downing of US Aircraft (1p~2p) | Invitees for NSC Meeting Wednesday, April 16, 1969 (3p~3P) | Talking Points - NSC Meeting, April 16, 1969 (4p~4p) | Memorandum from Henry A. Kissinger to the President: NSC Meeting on Korea, April 16, 1969 -- 10:00 a.m. (5p~10p) <첨부> Hak[Pak] Talking Points - NSC Meeting, April 16, 1969 | Memorandum for the Security Council: Possible Courses of Action in Response to North Korean Downing of U.S. Reconnaissance Plane (11p~11p) | Diplomatic Options (12p~13p) | Memorandum from Henry A. Kissinger to The Secretary of State: Seventh Fleet Operations and Resumption of Reconnaissance in the Korean Area (14p~14p) | Memorandum for Assistant to the President for National Security Affairs: Seventh Fleet Operations and Resumption of Reconnaissance (15p~15p) | Relationship of Armistice Agreement to the North Korean Shooting Down of a U.S. Reconnaissance Aircraft, April 15, 1969 (16p~17p) | Memorandum from Henry A. Kissinger to The Vice President: NSC Consideration of the North Korean Downing of a U.S. Reconnaissance Plane (18p~18p) | Memorandum from Jeanne W. Davis to Office of the Secretary of State: Briefings for NSC Meeting on the North Korean Downing of U.S. Plane, April 16, 10:00 A.M. (19p~19p)"
usa2-닉슨-12,NSC Meeting (San Clemente) 8/14/69,,닉슨대통령도서관,1969,Briefings: Korea; China [1~3] National Security Council ▹ National Security Council Institutional Files,PZA0002212,11,"박정희대통령의 방미를 앞 둔 1969년 8월 14일, 한국과 중국 관련 논의를 위해 샌클레멘테에서 열리는 국가안전보장회의 준비 자료와 NNSM 27과 관련된 자료 등으로 이루어져 있다. 여기에는 주한미군의 주둔 목적이 북한의 공격에 대한 방어 가 아니라 공격 억지에 있음을 언급하고 있으며, 미/한국군의 재배치(posture)문 제에 대해서는 미군 철수와 한국군의 현대화가 이루어지는 예상 시점 등이 수록되 어 있다. NSSM 27과 관련해서는 미국의 대한정책 기획-프로그래밍-예산을 위한 부처 간 테스크포스의 공동연구 종결에 대한 대통령 지시와 NSDM 4에 의해 작성 된 보고서 초안(비공개) 등이 있다.","[Withdrawal Sheet Index] NSC Meeting (San Clements) 8/14/69 Briefings: Korea; China [1 of 3] (1p~1p) | Memorandum from Henry A. Kissinger to the President: The August 14 NSC Meeting on Korea and China (2p~3p) | U.S. Policy and Programs Toward Korea (4p~12p) | Memorandum from Henry A. Kissinger to the Vice President: Briefing Requirements for NSC Meeting (13p~14p) | U.S. Policy Issues and Alternatives (15p~17p) | Talking Points - NSC Meeting, August 14, 1969 (18p~20p) | U.S. Policy and Programs Toward Korea (21p~28p) 020 대통령기록관 해외기록물 수집목록집 | Document Control Record: Item Removed… (29p~29p) | Part IV. Technical Annexes (30p~54p) | Memorandum from Henry A. Kissinger to The Secretary of State: Interagency Planning- Programming-Budgeting Study for Korea (55p~56p) | Memorandum from Jeanne W. Davis to Col. Haig: Revised Summary of Paper on Korea (NSSM 27) (57p~57p)"
usa2-닉슨-13,NSC Meeting 3/4/70 Korea (NSSM 27),,닉슨대통령도서관,1969 ~ 1970,National Security Council ▹ National Security Council Institutional Files,PZA0002213,16,1970년 3월 4일 개최된 미 국가안보회의(NSC) 한국관련 보고 자료,"[Withdrawal Sheet Index] NSC Meeting 3/4/70 Korea (NSSM 27) (1p~1p) | Memorandum from Laurence E. Lynn to Henry A. Kissinger: NSC Meeting on Korea (NSSM 27) (2p~2p) | Memorandum from Henry A. Kissinger to the President: NSC Meeting on Korea (6p~9p) <첨부> The Korea Study | Talking Points for the President NSC Meeting - March 4, 1970 (10p~12p) | ROKG and U.S. Costs for Alternative Force Postures (13p~13p) | Memorandum from Henry A. Kissinger to the Chairman of the NSSM 27 Steering Group: Guidance on NSSM 27 (14p~17p) | Memorandum from Henry A. Kissinger to The Secretary of State: Interagency Planning- Programming-Budgeting Study for Korea (18p~20p) | Memorandum from Elliot L. Richardson to Henry Kissinger: NSC 4 March Meeting on Korea (21p~22p) | Memorandum from Henry A. Kissinger to the Vice President: Program Analysis Studies (23p~25p) | Document Control Record: Item Removed… (26p~27p) | Memorandum for Secretary of State: US Forces in Korea (28p~31p) | Memorandum from Jeanne W. Davis to Henry A. Kissinger: NSC Meeting on Korea (32p~32p) | NSSM 27 - Possible Withdrawal of US Division (33p~38p) | Memorandum from Jeanne W. Davis to General Haig: Attendance at NSC Meeting (39p~39p) | Memorandum from Jeanne W. Davis to Henry A. Kissinger: Budget Bureau Attendance at NSC Meeting on Korea (40p~41p) | Memorandum from the Staff Secretary to Henry A. Kissinger: Presient’s Meeting with the National Security Council on Wednesday, March 4 at 9:45 A.M. (42p~43p)"
usa2-닉슨-14,NSC Meeting 3/4/70 Korea (NSSM 27),,닉슨대통령도서관,1968 ~ 1969,National Security Council ▹ National Security Council Institutional Files,PZA0002214,22,"북한의 미군 EC-121 정찰기 격추 사건 관련 미국의 대응 자료. 검토그룹회의와 국 가안보회의가 소집되었으며 북한의 동기와 군사적 대응의 영향, 미국이 취할 수 있 는 외교적 조치와 군사적 조치의 사례 및 각각의 조치들이 가지는 득실, 이러한 조 치가 남북한과 관련 국가에 미칠 영향과 예상 반응 등을 분석. 또한 국무장관과 국 방장관의 합동 성명서와 푸에블로호 사건 당시 미 유엔대표의 안보리 성명서, 유엔 군사령관의 보고서 등이 포함되어 있다.","Memorandum from Thelma Seibert to White House Police: April 15, 1969 (1p~2p) | Memorandum from Henry A. Kissinger to The Vice President: NSC Consideration of the North Korean Downing of a U.S. Reconnaissance Plane (3p~3p) | DPRK spokesmen have continued to deny the presence of North Korean agents in the South, 17 April 1969 (4p~6p) | The following joint statement was issued today by Secretary of State William P. Rogers and Secretary of Defense Melvin R. Laidd, April 17, 1969 (7p~8p) | Memorandum from John P. Walsh to Henry A. Kissinger: Attention: Mr. Eagleburger, April 16, 1969 (9p~9p) 022 대통령기록관 해외기록물 수집목록집 | Letter Dated 2 November 1967 from the Permanent Representative of the United States of America Addressed to the President of the Security Council (10p~15p) <첨부> Report of the United Nations Command to the United Nations on the Increase in Violations by North Korea of the Military Armistice Agreement in Korea | Statement by Ambassador Arthur J. Goldberg, United States Representative to the United Nations in the Security Council on Korea, January 26, 1968 (16p~23p) | Letter Dated 26 January 1968 from the Permanent Representative of the United States of America Addressed to the President of the Security Council (24p~28p) <첨부> Report of the United Nations Command to the United Nations | Draft Report of the United Nations Command to the United Nations (29p~33p) | Supplement to UNC Report(1968) (34p~44p) <첨부1> Kim Il-song statements, Octobor 8, 1968 <첨부2> Celebrating the 20th Anniversary of the DPRK, September 7, 1968 <첨부3> Kim Il-song Speech of 8 February 1968 <첨부4> Kim Il-song statements, December 16 1967 <첨부5> Excerpts from Kim Il-song’s Report on the 20th Anniversary of the Korean Workers Parth, October 11, 1965 | Draft Statement - April 15, 1969 (45p~47p) | All Times are EST - April 16, 1969 (48p~51p) | Memorandum for Henry A. Kissinger: North Korean Fish Factories (52p~54p) | Pyongyang’s Motivations in Downing US Reconnaissance Plane (55p~57p) | Relationship of Armistice Agreement to the North Korean Shooting Down of a U.S. Reconnaissance Aircraft, April 15, 1969 (58p~59p) | Telegram from AMEMBASSY SEOUL to SECSTATE WASHDC (60p~63p) | North Korea: Estimated Reactions of Selected East Asian Countries and the Soviet Union to Possible US Courses of Action (64p~69p) | Talking Points - NSC Meeting April 16, 1969 (70p~75p) | Alternative Courses of Action in Response to Korean Attack on US Aircraft (76p~96p) | Brief of Courses of Action (97p~101p) <첨부> Analysis of Courses of Action | Estimated Reactions of Selected East Asian Countries and the Soviet Union to Possible US Courses of Action Against North Korea (102p~107p) | Possible Courses of Action in Response to the Korean Shoot-down (108p~113p)"
usa2-닉슨-15,Review Group Meeting - NSSM 27 Korea 2/6/70,,닉슨대통령도서관,1969 ~ 1970,National Security Council ▹ National Security Council Institutional Files,PZA0002215,20,"1968년 9월 26일 SIGM #85로 시작된 한국문제 관련 관계부처간 기획-프로그 래밍-예산 연구의 첫번째 보고서(NSSM 27) 초안이 5월 1일에 나오자, 그 보고서 에 대한 리뷰그룹과 NSC 회의를 통한 검토와 평가가 이루어지고 완성되는 과정에 서 생산된 비망록들로, 보고서는 비공개. 주요 내용은 한국에 대한 미국의 정책과 대안적인 프로그램들에 대해 5개년 계획을 수립하고, 대안적 주요 프로그램들과 예산 등도 함께 기술하도록 요청되었으며 이 보고서에 의해 주한미군의 감축과 한 국군 현대화 문제가 논의되고, 잉여농산물 원조를 포함하는 미국의 경제 및 기술 원조 프로그램과도 긴밀히 연계되었다.","[Withdrawal Sheet Index] Review Group Meeting - NSSM 27 Korea 2/6/70 (1p~2p) | Memorandum from Laurence E. Lynn to Henry A. Kissinger: Review Group Meeting on Korea (3p~4p) | Memorandum from Henry A. Kissinger to the Chairman of the NSSM 27 Steering Group: Guidance on NSSM 27 (5p~6p) | Memorandum from Henry A. Kissinger to the Secretary of State: Interagency Planning- Programming-Budgeting Study for Korea (7p~9p) | Memorandum from John H. Holdridge to Henry A. Kissinger: US Withdrawals from Korea, January 21, 1970 (10p~10p) | Memorandum from John H. Holdridge to Henry A. Kissinger: US Withdrawals from Korea, January 22, 1970 (11p~11p) | Memorandum from Jeanne W. Davis to Henry A. Kissinger: February 4, 1970 (12p~12p) | Memorandum from Laurence E. Lynn to Henry A. Kissinger: DPRC Meeting on Korea (13p~15p) | Memorandum from Henry A. Kissinger to Elliot L. Richardson: DPRC Meeting on Korea (NSSM 27) (16p~16p) | Memorandum from Jeanne W. Davis to Henry A. Kissinger: AID, Budget Attendance at Review Group Meeting on Korea (17p~17p) | Memorandum: NSSM 27 - Changes In NSC Issues Paper (18p~22p) | Memorandum from Robert P. Mayo to the President: Economic Assistance Program to Korea 024 대통령기록관 해외기록물 수집목록집 for FY 1970 (23p~24p) | Memorandum from C. Fred Bergsten to Henry A. Kissinger: Economic Assistance Program for Korea for FY 1970 (25p~25p) | Memorandum from Henry A. Kissinger to the President: Economic Assistance Program to Korea for FY 1970 (26p~27p) | Memorandum from Acting Secretary to the President: FY 1970 Economic Assistance for Korea (28p~33p) | Memorandum from Henry A. Kissinger to the Secretary of Defense: General Wheeler’s Memorandum of Conversation with President Park (34p~34p) | Memorandum from Henry A. Kissinger to the Chairman of the NSSM 27 Steering Group: Guidance on NSSM 27 (35p~36p) | Memorandum from Henry A. Kissinger to the President: Reduction in U.S. Presence in Korea (37p~38p) | Memorandum from Henry A. Kissinger to the President: General Wheeler on his Conversation with President Park of Korea (39p~39p) | Memorandum from the President to Henry Kissinger: November 24, 1969 (40p~40p)"
usa2-닉슨-16,Review Group Meeting - NSSM 27 Korea 2/19/70,,닉슨대통령도서관,1969 ~ 1970,National Security Council ▹ National Security Council Institutional Files,PZA0002216,7,"2월 19일 사전검토그룹회의(Pre-Review Group Meeting)에서 논의된 NSSM 27 이슈보고서의 검토와 관련하여 Bill Cargo에게 보고한 자료. 미군 합동참모본 부가 제기한 NSSM 27의 미군 감축 규모와 철군 시기에 대한 반론, 한국과의 협의 를 위해 신속한 결정을 원하는 국무부 등 부처간 이견이 있었고 키신저 백악관 안 보보좌관이 조정 역할을 수행했음을 보여주는 보고서가 수록되어 있다. 부분공개 자료인 Paper on Korea에서는 주한미군 철군의 경제적 측면, 북한의 침투행위, 주한미군의 현 위치, 역내 협력 등이 수록되어 있다.","[Withdrawal Sheet Index] Review Group Meeting - NSSM 27 Korea 2/19/70 (1p~2p) | Review Group Meeting -- NSSM 27 Issues Paper (3p~3p) | Memorandum from Jeanne W. Davis to Kissinger: February 18, 1970 (4p~5p) | Memorandum from F. T. Unger: NSSM-27, US Policy for Korea (U) (6p~7p) | Memorandum from Laurence E. Lynn to Henry A. Kissinger: Review Group Meeting on Korea (8p~10p) | Economic Implications (11p~42p) | Memorandum from Henry A. Kissinger to the Secretary of State: Interagency Planning- Programming-Budgeting Study for Korea (43p~44p)"
usa2-닉슨-17,Review Group NSSM 27 Korea 2/23/70,,닉슨대통령도서관,1970,National Security Council ▹ National Security Council Institutional Files,PZA0002217,5,"2월 19일 사전검토그룹회의서 논의된 NSSM 27 이슈보고서에 대한 의견 및 추가 사항, NSC 직원의 교정 내용을 Bill Cargo에게 보고한 자료와 NSSM 27 이슈보 고서에 대한 미군 합동참모본부의 검토 의견 등이 포함되어 있다.",[Withdrawal Sheet Index] Review Group NSSM 27 Korea 2/23/70 (1p~1p) | Memorandum from S/PC - Colonel Davenport to S/PC - Mr. Cargo: Review Group Meeting-- NSSM 27 Issues Paper (2p~7p) | Memorandum from John C. Court to Henry A. Kissinger: Review Group Meeting on Korea (8p~9p) | Memorandum for the Secretary of Defense: NSSM 27 - US Policy for Korea (U) (10p~15p) | Suggested Changes to NSSM-27 Issues Paper (18 FEB 70) (16p~18p) 026 대통령기록관 해외기록물 수집목록집
usa2-닉슨-18,SRG Meeting Korea/UN 8/9/72,,닉슨대통령도서관,1972,National Security Council ▹ National Security Council Institutional Files,PZA0002218,5,1972년 8월 9일 열린 한국/유엔 관련 고위급 검토그룹회의 자료로 주요 회의 요 점 및 제27차 UN총회에서 다룬 한국문제 안건에 대한 보고 등이 포함되어 있다.,"[Withdrawal Sheet Index] SRG Meeting Korea/UN 8/9/72 (1p~1p) | Senior Review Group Meeting, August 9, 1972 (2p~8p) | Memorandum from John H. Holdridge to Henry A. Kissinger: SRG Meeting on the Korean Item in the 27th U.N. General Assembly (9p~23p) <첨부> Analytical Summary | Korean Question at the 27th General Assembly (24p~78p) | Telegram from SECSTATE WASHDC to All Diplomatic Posts: Korean Question at 27th GA (79p~86p)"
usa2-닉슨-19,SRG Meeting Korea 2/19/74,,닉슨대통령도서관,1973 ~ 1974,National Security Council ▹ National Security Council Institutional Files,PZA0002219,5,"NSSM 190(한국에서의 외교전략)에 대한 SRG 회의 준비자료. 여기에는 유엔군 사령부(UNC) 해체와 관련하여 한국·북한·UN과의 관계, 한반도 군비통제, 정전협 정문, UNC 해체시 미군의 역할 등의 내용을 담고 있다.","[Withdrawal Sheet Index] SRG Meeting Korea 2/19/74 (1p~2p) | Memorandum from W. R. Smyser, Richard H. Solomon to Secretary Kissinger: NSSM 190: Diplomatic Initiatives in Korea (3p~8p) | Memorandum from Arthur W. Hummel to Major General Brent Scowcroft: NSSM-190 -- Diplomatic Initiatives in Korea (9p~61p) <첨부1> Arms Limitation Measures <첨부2> Resolution of the UN Security Council Calling for the Establishment of a Unified Command for UN Forces in Korea, July 7, 1950 <첨부3> Military Armistice in Korea and Temporary Supplementary Agreement’ | Memorandum for the Assistant to the President for National Security Affairs: NSSM 171 Follow-On -- Analysis of the Role of the Army Division in Korea (62p~76p) <첨부1> Merits of Converting the Division in Korea to a More Mobile Configuration (C) <첨부2> US Force Presence on the DMZ (U) <첨부3> The KATUSA Program in Korea (U)’ | Memorandum from Thomas R. Pickering to Major General Brent Scowcroft: Strategy and Forces for Asia - NSSM 171 (77p~84p) <첨부> Political and Diplomatic Implications of Converting the US Second Infantry Division to a More Mobile Configuration"
usa2-닉슨-20,NSSM 34,,닉슨대통령도서관,1969 ~ 1970,National Security Council ▹ National Security Council Institutional Files,PZA0002220,18,"NSSM 34(한반도 비상계획)에 대한 WSAG(Washington Special Action Group) 회의 소집과 관련하여, NSC 등으로 부터 제공된 자료 및 1970년 한국 경 제지원 예산 관련 대통령 보고문서, 한국 군사력 분석자료, NSSM 27 채택과 관 련한 닉슨대통령의 검토 및 결정사항 등을 보고한 자료 등이 포함되어 있다.",[Withdrawal Sheet Index] NSSM 34 (1p~1p) | Memorandum from Jeanne W. Davis to Holders of NSSM 34: Contingency Planning for Korea (2p~3p) | Document Control Record: Item Removed… (4p~4p) | Memorandum for Holders of NSSM 34: Contingency Planning for Korea (5p~5p) 028 대통령기록관 해외기록물 수집목록집 | Memorandum from Jeanne W. Davis to U. Alexis Johnson: Contingency Study for Korea (NSSM-34) (6p~8p) | Memorandum from Marshall Green to Henry A. Kissinger: Contingency Planning for Korea (9p~9p) | 해독 불가 (10p~11p) | Memorandum from Jeanne W. Davis to U. Alexis Johnson: Follow-on Work to the NSSM 34 Report (12p~13p) | Memorandum from C. Fred Bergsten to Henry A. Kissinger: Economic Assistance Program for Korea for FY 1970 (14p~14p) | Memorandum from Henry A. Kissinger to the President: Economic Assistance Program to Korea for FY 1970 (15p~16p) | Memorandumf from Acting Secretary to the President: FY 1970 Economic Assistance for Korea (17p~22p) | Memorandum from Robert P. Mayo to the President: Economic Assistance Program to Korea for FY 1970 (23p~24p) | Memorandum from Laurence E. Lynn to Henry A. Kissinger: ROK Force Capabilities (25p~31p) | Memorandum from Laurence E. Lynn to Henry A. Kissinger: Korea Decisions (32p~35p) | Memorandum from Henry A. Kissinger to the President: U.S. Programs in Korea (36p~42p) | Memorandum for the Secretary of State: U.S. Programs in Korea (43p~45p) | Memorandum from Jeanne W. Davis to U. Alexis Johnson: Contingency Study for Korea (NSSM-34) (46p~46p) | Draft Contingency Study for Korea (47p~47p)
usa2-닉슨-21,NSSM 53,,닉슨대통령도서관,1969,National Security Council ▹ National Security Council Institutional Files,PZA0002221,7,"키신저 안보보좌관이 국무부장관, 국방부장관, CIA국장 등에게 제출한 자료로 NSSM 34가 대통령에 의해 채택됨에 따라 기존의 NSSM 53은 폐지된다는 것을 알리는 내용","Memorandum from Henry A. Kissinger to the Secretary of State: NSSM 53 (1p~1p) | Memorandum from Al Haig, Morton H. Halperin to Henry A. Kissinger: NSSM 53 (2p~2p) | Memorandum from Henry A. Kissinger to Holders of NSSM 53: Korean Contingency Planning (3p~3p) | Memorandum from Henry A. Kissinger to the Secretary of Defense: NSSM 53 and Attached Memorandum to Holders (4p~4p) | Memorandum from Henry A. Kissinger to the Secretary of State: NSSM 53 (5p~5p) | Memorandum from Al Haig to Henry A. Kissinger: Rescission of NSSM 53 (6p~6p) | Memorandum from Henry A. Kissinger to the Secretary of State: NSSM 53 (7p~7p)"
usa2-닉슨-22,NSSM 154 [1 of 2],,닉슨대통령도서관,1972 ~ 1973,National Security Council ▹ National Security Council Institutional Files,PZA0002222,32,"NSSM 154에서 논의된 한국군 현대화계획 및 제27차 유엔총회에서 제기될 한국 문제에 대한 고위급 검토회의 준비 자료. 미국의 입장, 한국내 유엔의 영향력 등에 대한 국무부의 분석과 제안사항을 키신저에게 보고한 자료와 미국의 한반도정책 을 논의한 NSSM과 관련하여 키신저와 관계부처간에 주고받은 문서 등이 포함되 어 있다.","[Withdrawal Sheet Index] NSSM 154 [1 of 2] (1p~1p) | Document Control Record: Item Removed… (2p~2p) | Memorandum from Jeanne W. Davis to the Under Secretary of State: NSSM 154 - Korea (3p~3p) | Memorandum from Robert H. Miller to Henry A. Kissinger: Korean Question at the 27th UN General Assembly (4p~8p) | Korean Question at the 27th General Assembly (9p~63p) | Analysis of Korean Question at the 27th in General Assembly re NSSM 154 (63p~64p) 030 대통령기록관 해외기록물 수집목록집 | Memorandum from Henry A. Kissinger to the Secretary of State: U.S. Policy Concerning the Korean Peninsula (65p~66p) | Distribution Sheet: NSSM 154 (67p~67p) | Memorandum from RTKennedy to Davis: Korea NSSM (68p~68p) | Memorandum from RTKennedy to the Record: Proposed NSSM on Korea (69p~69p) | Memorandum from RTKennedy to Robert Miller: Proposed NSSM on Korea (70p~70p) | Memorandum from Henry A. Kissinger to the Secretary of State: U.S. Policy Concerning the Korean Peninsula (71p~72p) | Memorandum from Richard T. Kennedy, John H. Holdridge to Henry A. Kissinger: Proposed NSSM on the Korean Peninsula (73p~75p) | Memorandum from Henry A. Kissinger to the President: Proposed NSSM on the Korean Peninsula (76p~76p) | Proposed NSSM to Review Basic Policy toward the Korean Peninsula (77p~77p) | Memorandum from Henry A. Kissinger to the Chairman, Under Secretaries Committee: Annual Korea Force Modernization Program Review (78p~78p) | Document Control Record: Item Removed… (79p~79p) | Memorandum from Kenneth W. Dam to Jeanne Davis: April 12, 1972 (80p~80p) | Memorandum from Alexander M. Haig to Theodore L. Eliot: NSSM 154 - Korea (81p~81p) | Memorandum from Richard T. Kennedy to General Haig: NSSM 154 - Korea (82p~82p) | 해독 불가 (83p~83p) | Document Control Record: Item Removed… (84p~84p) | Memorandum from Jeanne W. Davis to Frank Pagnotta: Request for NSSMs (85p~86p) | Memorandum from Jeanne W. Davis to Theodore L. Eliot: NSSM 154: A Review of U.S. Policy Toward the Korean Peninsula (87p~87p) | 해독 불가 (88p~88p) | Memorandum from Brent Scowcroft to Thomas Pickering: Consultations on the Korean Question (89p~89p) | Memorandum from John A. Froebe to Henry A. Kissinger: Consultations on the Korean Question in the U.N. (90p~90p) | Memorandum from Brent Scowcroft to Thomas R. Pickering: Consultations on the Korean Qusetion in the U.N. (91p~92p) | Memorandum from Thomas R. Pickering to Henry A. Kissinger: Korean Consultations (93p~94p) | Memorandum from Henry A. Kissinger to the Chairman, Under Secretaries Committee: Annual Korea Force Modernization Program Review (95p~95p) | Memorandum for the Chairman, Under Secretaries Committee: Annual Korea Force Modernization Program Review (96p~98p) | Korea Force Modernization Review (99p~99p)"
usa2-닉슨-23,NSSM 154 [2 of 2],,닉슨대통령도서관,1972 ~ 1973,National Security Council ▹ National Security Council Institutional Files,PZA0002223,28,"NSSM 154와 관련하여 CIA, 국방부 등 관계부처의 검토 의견을 보고하고 북한의 세계보건기구(WHO) 가입과 관련하여 미국 정부의 입장 분석, 한국정부의 반대 입장을 지지할 것을 제안하는 보고서, ISG(부처간 운영그룹)에서 재검토한 한국 군 현대화 계획 관련 내용을 국방부 차관, CIA 국장 등에게 보고한 문서 등으로 이 루어져 있다.","[Withdrawal Sheet Index] NSSM 154 [2 of 2] (1p~1p) | Memorandum from A. M. Christopher to Jeanne Davis: Response to NSSM-154, United States Policy Concerning the Korean Peninsula (2p~2p) | 해독 불가 (3p~3p) | Memorandum from Edward W. Proctor to Henry A. Kissinger: Response to NSSM 154 (4p~4p) | 해독 불가 (5p~5p) | Memorandum from Dennis J. Doolin to the staff Secretary: NSSM 154 (6p~7p) <첨부> Department of Defense Comment | 해독 불가 (8p~8p) | 해독 불가 (9p~9p) | Internal NSC Routing (10p~10p) | Memorandum from Deane R. Hinton to Jeanne W. Davis: NSSM 154 - United States Policy Concerning the Korean Peninsula (11p~12p) | Response to NSSM 154 - Korean Peninsula (13p~13p) | Memorandum from A. M. Christopher to Jeanne Davis: Response to NSSM-154, United States Policy Concerning the Korean Peninsula (14p~15p) 032 대통령기록관 해외기록물 수집목록집 | Memorandum from Edward W. Proctor to Henry A. Kissinger: Response to NSSM 154 (16p~17p) | Memorandum from John H. Holdridge to Henry A. Kissinger: North Korean Application for Membership in World Health Organization (WHO) (18p~21p) | Telegram: 26th World Health Assembly: Application of North Korea for Membership (22p~23p) | Reexamination of the Korea Force Modernization Plan (24p~25p) | Memorandum for the President: Reexamination of the Korea Force Modernization Plan (26p~29p) | Report of Korea Force Modernization Interagency Steering Group, May 31, 1973 (30p~82p) <첨부1> The Future of Military Assistance to Korea <첨부2> Arms Limitation and Military Assistance to Korea <첨부3> Economic Analysis of ROK and Capability to Pay Defense Costs | Memorandum from U. Alexis Johnson to the President: Annual Program Review of Korea Force Modernization Plan, as directed by NSDM 129 (83p~84p) | Memorandum from Phil Odeen, John Holdridge: Korean Force Modernization Program (85p~88p) | Memorandum from John A. Froebe to Henry A. Kissinger: Follow-on SRG Meeting on the Korean NSSM (89p~90p) | Korea: A Review of the Negotiations and Their ProspectsKorea: A Review of the Negotiations and Their Prospects (91p~96p) | Telegram from USMISSION USUN NEW YORK to SECSTATE WASHDC: Korean Question in 27th UNGA (97p~100p) | Telegram from AMEMBASSY SEOUL to SECSTATE WASHDC: Foreign Policy Changes (101p~107p) | Telegram from SECSTATE WASHDC to AMEMBASSY SEOUL: ROK Foreign Policy (108p~109p) | Telegram from SECSTATE WASHDC to AMEMBASSY SEOUL: FY 73-74 Korean Map O&M Levels (110p~111p) | Telegram from AMEMBASSY SEOUL to SECSTATE WASHDC: FY 73-74 Korean Map O&M Levels (112p~114p) | Telegram from USMISSION USUN NY to SECSTATE WASHDC: Korea in 27th GA: Comment on Deferral Vote (115p~117p)"
usa2-닉슨-24,NSSM 190 [1 of 3],,닉슨대통령도서관,1973 ~ 1974,National Security Council ▹ National Security Council Institutional Files,PZA0002224,37,"미국의 군사원조 축소와 관련하여 한국과의 외교적 조치를 논의하기 위한 NSSM 190과 관련하여 국무부차관, 국방부장관, CIA 국장 등 고위급 검토회의 관계자들 과 키신저 사이에 주고받은 의견 및 한국군 현황 및 정전협정, 한국내 유엔 현황 등 관련 참고 자료 등이 포함되어 있다.","[Withdrawal Sheet Index] NSSM 190 [1 of 3] (1p~2p) | Memorandum from Arthur W. Hummel to Major General Brent Scowcroft: NSSM-190 -- Diplomatic Initiatives in Korea (3p~3p) | Document Control Record: Item Removed… (4p~4p) | Memorandum from George S. Springsteen to Major General Brent Scowcroft: SRG Meeting on U.S. Strategy for Korea (5p~6p) | Memorandum for the Assistant to the President for National Security Affairs: NSSM 171 Follow-On -- Analysis of the Role of the Army Division in Korea (7p~7p) | Memorandum from Thomas R. Pickering to Major General Brent Scowcroft: Strategy and Forces for Asia - NSSM 171 (8p~8p) | Memorandum from Jeanne W. Davis to the Deputy Secretary of State: Korea: 1) Diplomatic Initiatives: NSSM 190, 2) U.S. Force Deployments, 3) Analysis of a Possible Change in the Role of the Army Division in Korea: Follow-on to NSSM 171 (9p~9p) | Arms Limitation Measures (10p~19p) | Resolution of the UN Security Council Calling for the Establishment of a Unified Command for UN Forces in Korea, July 7, 1950 (20p~21p) | Military Armistice in Korea and Temporary Supplementary Agreement (22p~61p) | Document Control Record: Item Removed… (62p~64p) | Merits of Converting the Division in Korea to a More Mobile Configuration (C) (65p~80p) <첨부1> US Force Presence on the DMZ (U) <첨부2> The KATUSA Program in Korea (U) | Political and Diplomatic Implications of Converting the US Second Infantry Division to a more Mobile Configuration (81p~87p) 034 대통령기록관 해외기록물 수집목록집 | State response to NSSM 190 Follow-on to NSSM 171 (88p~88p) | Memorandum from Henry A. Kissinger to the Secretary of State: Diplomatic Initiatives in Korea (89p~90p) | Document Control Record: Item Removed… (91p~92p) | New tick mark three… (93p~93p) | Memorandum for the Secretary of State: Diplomatic Initiatives in Korea (94p~94p) | Memorandum for the Secretary of State: Diplomatic Initiatives in Korea (95p~95p) | Korean Situation New Initiatives - LA (96p~96p) | Memorandum from Froebe to Henry A. Kissinger: The Korean Situation-New Initiatives (97p~97p) | Memorandum from Henry A. Kissinger to the Secretary of Defense: Diplomatic Initiatives in Korea (98p~99p) | Memo dtd. 2/24/74 Diplomatic Initiatives in Korea (100p~100p) | [Memo] from Jeanne W. Davis to General Scowcroft: Request for Agency Comments on Korean Paper (101p~102p) | Memorandum from W. R. Smyser to Secretary Kissinger: Request for Agency Comments on Korean Paper (103p~103p) | Memorandum from Henry A. Kissinger to the Secretary of Defense: Diplomatic Initiatives in Korea (104p~111p) | [Memo] from Eddy to Davis: 2/25/74 (112p~112p) | [Memo] from Jeanne W. Davis to General Scowcroft: Request for Agency Comments on Korean Paper (113p~113p) | Memorandum from W. R. Smyser to Secretary Kissinger: Request for Agency Comments on Korean Paper (114p~114p) | Memorandum from Henry A. Kissinger to the Secretary of Defense: Diplomatic Initiatives in Korea (115p~116p) | Memorandum from W. R. Smyser to Secretary Kissinger: Request for Agency Comments on Korean Paper (117p~117p) | Memorandum from Henry A. Kissinger to the Secretary of Defense: Diplomatic Initiatives in Korea (118p~119p) | 해독 불가 (120p~120p) | [Memo] from Eddy: 2/26/74 (121p~121p) | Memorandum from W. R. Smyser to Brent Scowcroft: Diplomatic Initiatives in Korea (122p~123p) | Memorandum from Brent Scowcroft to Thomas R. Pickering: Diplomatic Initiatives in Korea (124p~124p) | Document Control Record: Item Removed… (125p~125p)"
usa2-닉슨-25,NSSM 190 [2 of 3],,닉슨대통령도서관,1972 ~ 1973,National Security Council ▹ National Security Council Institutional Files,PZA0002225,28,"군사정전에 관한 협정(1953)자료 및 UNCURK의 해체(1974)에 따른 주한 유엔군 사령부(UNC) 폐지에 대응하기 위한 중국·북한과의 협상 대비 이슈 논의, NSSM 190에 대한 관계 부처의 검토의견 등이 포함되어 있다.","[Withdrawal Sheet Index] NSSM 190 [2 of 3] (1p~2p) | Military Armistice in Korea and Temporary Supplementary Agreement (3p~42p) | Memorandum from Henry A. Kissinger to the President: Negotiation on Terminating the United Nations Command in Korea (43p~46p) | Memorandum from Fred C. Ikle to Henry A. Kissinger: Diplomatic Initiatives in Korea (47p~50p) | Memorandum from W. R. Smyser to Secretary Kissinger: Reclame on Two Issues in NSSM 190: Diplomatic Initiatives in Korea (51p~54p) | [Memo] from Jeanne W. Davis to Kennedy: April 1, 1974 (55p~55p) | 해독 불가 (56p~57p) | Memorandum from Henry A. Kissinger to the Secretary of Defense: Termination of the U.N. Command in Korea (58p~60p) | Document Control Record: Item Removed… (61p~61p) | Option One Strategy for Pursuing (62p~63p) | Memorandum for the Assistant to the President for National Security Affairs: Diplomatic Initiatives in Korea (U) (64p~65p) | Memorandum from T. H. Moorer to the Assistant to the President for National Security Affairs: Diplomatic Initiatives in Korea (U) (66p~69p) | Assigned ROK, US, and KATUSA Strengths as of 31 December 1973 (70p~71p) 036 대통령기록관 해외기록물 수집목록집 | Document Control Record: Item Removed… (72p~72p) | Memorandum from Arthur W. Hummel to Major General Brent Scowcroft: NSSM-190 -- Diplomatic Initiatives in Korea (73p~74p) | 해독 불가 (75p~75p) | From Action Officer to Secretariat (76p~76p) | Internal NSC Routing (77p~77p) | Document Control Record: Item Removed… (78p~78p) | Memorandum from Fred C. Ikle to Henry A. Kissinger: Diplomatic Initiatives in Korea (79p~82p) | Internal NSC Routing (83p~83p) | ACDA Response to D/R 4015 Diplomatic Initiatives in Korea re NSSM 190 (84p~84p) | Document Control Record: Item Removed… (85p~86p) | Response to D/R 4015 Diplomatic Initiatives in Korea re NSSM 190 (87p~87p) | Memorandum for the Assistant to the President for National Security Affairs: Diplomatic Initiatives in Korea (U) (88p~88p) | Memorandum from T. H. Moorer to the Assistant to the President for National Security Affairs: Diplomatic Initiatives in Korea (U) (89p~91p) | Assigned ROK, US, and KATUSA Strengths as of 31 December 1973 (92p~93p) | Document Control Record: Item Removed… (94p~94p)"
usa2-닉슨-26,NSSM 190 [3 of 3],,닉슨대통령도서관,1973 ~ 1974,National Security Council ▹ National Security Council Institutional Files,PZA0002226,10,주한미군 감축정책에 따른 미군 제2보병사단의 역할 변화의 정치·외교적 의미 등 주한미군 감축에 따른 주변국의 정세 분석보고서,[Withdrawal Sheet Index] NSSM 190 [3 of 3] (1p~1p) | Document Control Record: Item Removed… (2p~3p) | Memorandum from Thomas R. Pickering to Major General Brent Scowcroft: Strategy and Forces for Asia - NSSM 171 (4p~12p) | Document Control Record: Item Removed… (13p~14p) | Memorandum from George S. Springsteen to Major General Brent Scowcroft: SRG Meeting on U.S. Strategy for Korea (15p~16p) | Document Control Record: Item Removed… (17p~17p) | Memorandum from Henry A. Kissinger to the Secretary of Defense: Termination of the U.N. Command in Korea (18p~19p) | Document Control Record: Item Removed… (20p~20p) | Memorandum from Henry A. Kissinger to the Secretary of Defense: Termination of the U.N. Command in Korea (21p~22p) | NSDM - 251 Termination of UN Command in Korea (23p~23p)
usa2-닉슨-27,NSDM 48 / NSC H-Files : Policy Papres,,닉슨대통령도서관,1970,National Security Council ▹ National Security Council Institutional Files,PZA0002227,40,"키신저가 국무부장관, 국방부장관, CIA국장, 예산국장, 합참의장에게 보낸 NSDM 48 관련 자료로, 이를 통해 주한미군 철수가 공식 결정되었다. 이 폴더에는 NSDM 48호와 관련된 관계부처의 검토의견, 향후 실행 계획 등이 포함되어 있다.","Memorandum from Henry A. Kissinger to the Secretary of State: U.S. Programs in Korea (1p~6p) | Distribution Sheet: NSDM 48 (7p~7p) | Document Control Record: Item Removed… (8p~8p) | ’70 Mar 20 PM 4:08 (9p~9p) | 해독 불가 (10p~10p) | Memorandum from Henry A. Kissinger to the Secretary of State: U.S. Programs in Korea (11p~14p) 038 대통령기록관 해외기록물 수집목록집 | Memorandum for JWD (15p~15p) | Memorandum from Henry A. Kissinger to the Secretary of State: U.S. Programs in Korea (16p~21p) | Telegram from CINCUNC/COMUSKOREA to RUHHHGA/CIMCPAC: US Programs in Korea(U) (22p~24p) | Telegram from Deputy Secretary Packard and Under Secretary Johnson: U.S. Programs in Korea (U) (25p~25p) | Memorandum from Laurence E. Lynn to Henry A. Kissinger: Korea Decisions (26p~29p) | Memorandum from Robert P. Mayo to the President: Korea Program Analysis Study (NSSM-27) (30p~32p) | Memorandum from Henry A. Kissinger to the President: U.S. Programs in Korea (33p~38p) | Memorandum from Elliot L. Richardson to the President: Consultations on Korean Troop Issue (39p~46p) | Memorandum from U. Alexis Johnson to the President: Consultations on Korean Troop Issue (47p~51p) | Memorandum for the Chairman, NSC Under Secretaries Committee: NSDM 48: U.S. Programs in Korea (52p~58p) <첨부> Plan for the Withdrawal of 20,000 U.S. Personnel from the Republic of Korea | Memorandum from U. Alexis Johnson to the President: U.S. Programs in Korea (NSDM 48) (59p~59p) | Memorandum from John H. Holdridge to Henry A. Kissinger: Troop Reductions in Korea (60p~60p) | Memorandum from Henry A. Kissinger to the President: Troop Reductions in Korea (NSDM 48) (61p~62p) | Memorandum from C. Fred Bergsten to Henry A. Kissinger: Under Secretary Packard’s Proposals for Military Assistance for Korea (63p~65p) | Memorandum from Jeanne W. Davis to Theodore L. Eliot: Reduction of U.S. Forces in Korea (S/S 9607) (66p~66p) | Modernization of Republic of Korea Armed Forces (67p~67p) | Memorandum from U. Alexis Johnson to the President: Modernization of Republic of Korea Armed Forces (68p~78p) <첨부> FY 1971 ROK $150.0 Million Supplemental Illustrative List | Letter for U. Alexis Johnson: 12 OCT 1970 (79p~80p) | Memorandum from David Packard to the Assistant to the President for National Security Affairs: US Troop Redeployments from Korea (81p~81p) | Memorandum from Henry A. Kissinger to the Secretary of State: Funding Level for Program to Modernize the Republic of Korea Armed Forces (82p~82p) | 해독 불가 (83p~83p) | Telegram from Colonel Kennedy to General Haig (84p~86p) <첨부1> ’Memorandum from John H. Holdridge and Richard T. Kennedy to Henry A. Kissinger: Funding for Program to Modernize the ROK Armed Forces <첨부2> Memorandum for the Secretary of State: Funding for Program to Modernize the Republic of Korea Armed Forces <첨부3> Telegram from SECSTATE WASHDC to White House: Modernization of ROK Forces | Memorandum from Colonel Kennedy to General Haig: September 2, 1970 (87p~87p) | Memorandum from John H. Holdridge and Richard T. Kennedy to Henry A. Kissinger: Funding for Program to Modernize the ROK Armed Forces (88p~90p) | Memorandum for the Secretary of State: Funding Level for Program to Modernize the Republic of Korea Armed Forces (91p~92p) | Telegram from SECSTATE WASHDC to WHITE HOUSE: Modernization of ROK Forces (93p~93p) | Funding for Program to Modernize the ROK Armed Forces (94p~94p) | Telegram from SECSTATE WASHDC to AMEMBASSY SEOUL: Five Year Program Memorandum for Korea (95p~97p) | 해독 불가 (98p~98p) | Memorandum for the Assistant to the President for National Security Affairs: Combined US/ ROK Corps and Corps Artillery Headquarters (S) (99p~99p) | Telegram from SECSTATE WASHDC to AMEMBASSY SEOUL: ROK Force Modernization (100p~101p) | 해독 불가 (102p~103p) | Memorandum from John H. Holdridge and Richard T. Kennedy to Henry A. Kissinger: Funding for Program to Modernize the ROK Armed Forces (104p~108p) <첨부> Memorandum for the Secretary of State: Funding Level for Program to Modernize the Republic of Korea Armed Forces | Telegram from SECSTATE WASHDC to WHITE HOUSE: Modernization of ROK Forces (109p~109p) 040 대통령기록관 해외기록물 수집목록집"
usa2-닉슨-28,NSDM 113 / NSC H-Files: Policy Papers,,닉슨대통령도서관,1971 ~ 1972,National Security Council ▹ National Security Council Institutional Files,PZA0002228,37,월남 주둔 한국군 철수 문제를 논의하는 자료. 이와 관련하여 국무장관이 닉슨대 통령에게 1971년 10월 이후 해병 제2여단(청룡부대)을 시작으로 1973년까지 단 계적 철수방식에 대한 건의 및 대통령의 승인에 대해 관계부처에 통보한 문서 및 한국군 철수와 관련하여 미-월남간의 협상 등의 내용을 포함하고 있다.,"[Withdrawal Sheet Index] NSDM 113 / NSC H-Files :Policy Papers (1p~1p) | Memorandum from William P. Rogers to the President: Republic of Korea Forces in Viet-Nam (ROKFV) (2p~3p) | Memorandum from Jeanne W. Davis to John N. Irwin, II, David Packard, Richard Helms: June 18, 1971 (4p~14p) <첨부> Republic of Korea Forces in Viet-Nam (ROKFV) | Memorandum from K. Wayne Smith to Henry A. Kissinger: ROK Forces in Vietnam (5p~17p) | Memorandum from Henry A. Kissinger to the President: Korean(ROK) Forces in South Vietnam (18p~19p) | Memorandum from K. Wayne Smith to Henry A. Kissinger: Korean(ROK) Forces in South Vietnam (20p~21p) | Memorandum from Henry A. Kissinger to the President: Korean(ROK) Forces in South Vietnam (22p~23p) | Memorandum from Henry A. Kissinger to the Secretary of State: Republic of Korea Forces in South Vietnam (24p~25p) | Memorandum for the President: Republic of Korea (ROK) Forces in South Vietnam (26p~28p) | Memorandum from K. Wayne Smith to Henry A. Kissinger: Secretary Laird Reclama on ROK Forces in South Vietnam (29p~29p) | Memorandum from Henry A. Kissinger to the President: Secretary Laird Reclama on ROK Forces in South Vietnam (30p~33p) | Seoul 4703 (34p~34p) | Memorandum for the Secretary of Defense: NSDM 113 (35p~35p) | Telegram from AMEMBASSY SEOUL to SECSTATE WASHDC: ROK Forces in Vietnam (36p~36p) | Memorandum from William P. Rogers to the President: Negotiations on Withdrawal of Republic of Korea Forces from South Viet-Nam (37p~38p) | Memorandum from K. Wayne Smith and John Holdridge to Henry A. Kissinger: ROK Forces in South Vietnam (39p~40p) | Memorandum from Henry A. Kissinger to the Secretary of State: Republic of Korea Forces in South Vietnam (41p~41p) | Memorandum from William P. Rogers to the President: Negotiations on Withdrawal of Republic of Korea Forces from South Viet-Nam (42p~43p) | Memorandum from Henry A. Kissinger to the Secretary of State: Republic of Korea Forces in South Vietnam (44p~47p) | Memorandum for the Secretary of Defense: NSDM 113 (48p~48p) | Telegram from AMEMBASSY SEOUL to SECSTATE WASHDC: ROK Forces in Vietnam (49p~49p) | Memorandum from K. Wayne Smith and John Holdridge to Henry A. Kissinger: ROK Forces in South Vietnam (50p~51p) | Memorandum from Henry A. Kissinger to the Secretary of State: Republic of Korea Forces in South Vietnam (52p~52p) | Memorandum for the Assistant to the President for National Security Affairs: Republic of Korea Troops in Vietnam (ROKFV) (53p~53p) | 해독 불가 (54p~54p) | Memorandum from William P. Rogers to the President: Republic of Korea Forces in Viet-Nam (ROKFV) (p55~66p) <첨부> Republic of Korea Forces in Viet-Nam (ROKFV) | Memorandum from Henry A. Kissinger to the Secretary of State: Republic of Korea Forces in South Vietnam (67p~68p) | Option for ROK Forces in SVN (69p~69p) | Memorandum from Henry A. Kissinger to the Secretary of State: Republic of Korea Forces in South Vietnam (70p~71p) | Memorandum for SRG Members transmitting paper on: Republic of Korea Forces in Viet-Nam (72p~73p) | Document Control Record: Item Removed… (74p~74p) | Memorandum from William P. Rogers to the President: Republic of Korea Forces in Viet-Nam (ROKFV) (75p~86p) <첨부> Republic of Korea Forces in Viet-Nam (ROKFV) 042 대통령기록관 해외기록물 수집목록집 | Republic of Korea (ROK) Forces in South Vietnam (87p~87p) | Memorandum from Henry A. Kissinger to the Secretary of State: Republic of Korea Forces in South Vietnam (88p~89p) | Memorandum for the Secretary of Defense: NSDM 113 (90p~93p) <첨부1> Distribution Sheet: NSDM 113 <첨부2> Memo for Davis | Memorandum from William P. Rogers to the President: Negotiations on Withdrawal of Republic of Korea Forces from South Viet-Nam (94p~95p) | Memorandum from Henry A. Kissinger to the Secretary of State: Republic of Korea Forces in South Vietnam (96p~99p)"
usa2-닉슨-29,NSDM 129 [1 of 2],,닉슨대통령도서관,1969 ~ 1974,National Security Council ▹ National Security Council Institutional Files,PZA0002229,19,"NSDM 129에 따른 한국군 현대화계획과 관련하여 동아시아 관계부처간 운영그 룹의 검토보고서. 여기에는 지원예산 및 정치적, 경제적 분석 등과 1972년 11월 24일 보고된 한국군 현대화계획 현황보고서, 군사원조의 삭감 및 주한미군 주둔 에 소요되는 비용에 대한 한국측 부담 요구 등을 논의한 자료 등이 포함되어 있다.","[Withdrawal Sheet Index] Korea Force modernization steering group (1p~1p) | Memorandum for the Assistant to the President for National Security Affair: National Security Decision Memorandum (NSDM)129 (2p~5p) <첨부> Change to NSDM 129 | Memorandum for the Assistant to the President for National Security Affair: (NSDM) 129 (6p~8p) <첨부> Actual and Projected FMS programs - Korea FY 71-75 | Korea Force Modernization Program Review (9p~11p) <첨부> Memorandum for the President: Annual Program Review of Korea Force Modernization Plan, as directed by NSDM 129 | Korea Force Modernization - Transfer of Operating Costs (12p~21p) <첨부1> Memorandum for the President: Annual Program Review of Korea Force Modernization Plan, as directed by NSDM 129 <첨부2> CURRENT STATUS OF THE MODERNIZATION PLAN | Annual Korea Force Modernization Program Review (22p~24p) <첨부> Letter to Mr. Sneider dated February 16, 1973 | Document Control Record: Item Removed… (25p~25p) | Status Report on Korean Force Modernization Plan (26p~75p) | Memorandum from Henry A. Kissinger to the Chairman, NSC under Secratry Committee (76p~77p) | Memorandum from Phil Odeen to Dr. Kissinger: Korean Force Modernization - Transfer of Operating costs (78p~80p) | Memorandum from Phil Odeen to Dr. Kissinger: Korean Force Modernization (81p~83p) | Memorandum from Henry A. Kissinger to the President: Korean Force Modernization - Transfer of Operating Costs (84p~85p) | Memorandum for the President: Korea Force Modernization - Transfer of Dperating Costs to the Republic of Korea (86p~89p) | Memorandum for the President: Korea Force Modernization - Transfer of Dperating Costs to the Republic of Korea (90p~211p) <첨부1> Memorandum from Henry Kissinger to the Chairman, NSC under Secratry Committee <첨부2> Korean Force Modernization - Economic Assessment <첨부3> Proposed Telegram | Memorandum from Henry A. Kissinger to the Secretary of Defense: Korea FMS (212p~212p) | Memorandum from Phil Odeen to DR. Kissinger: Korea FMS (213p~213p) | Memorandum from Phil Odeen to DR. Kissinger: DOD Request to Change NSDM 129 Governing Korean MAP (21p~217p) | Memorandum from Henry A. Kissinger to the Secretary of Defense: Korea FMS (218p~219p) | Memorandum for Assistant to the President for National Security Affairs: National Security Decision Memorandum (NSDM) 129 (220p~221p) 044 대통령기록관 해외기록물 수집목록집"
usa2-닉슨-30,NSDM 129 [2 of 2],,닉슨대통령도서관,1969 ~ 1974,National Security Council ▹ National Security Council Institutional Files,PZA0002230,13,"‘한국군 현대화 5개년 계획’을 결정한 NSDM 129와 관련된 자료. 한국군 현대화 를 위해 향후 5년간 15억 달러 지원 결정 및 현대화 조건, 육군·해군·공군·해병대 별 지원병력 계획 등이 포함되어 있다.",Memorandum from K. Wayne Smith to DR. Kissinger: ROK Modernization Program (1p~3p) | Memorandum from K. Wayne Smith to DR. Kissinger: Five - Year Korea Program (4p~10p) | Memorandum from Henry A. Kissinger to the President: Five - Year Korea Program (11p~12p) | Memorandum from Henry A. Kissinger to the Secretary of State: ROK Force Structure and Modernization Program (13p~15p) | Memorandum from Henry A. Kissinger to the Secretary of State: ROK Force Structure and Modernization Program (16p~18p) | Memorandum from Henry A. Kissinger to the President: Five - Year Korea Program (19p~20p) | Memorandum from Henry A. Kissinger to the Secretary of State: ROK Force Structure and Modernization Program (21p~23p) <첨부> [Memo] for Henry | Memorandum from K. Wayne Smith to DR. Kissinger: ROK Modernization Program (24p~26p) | Memorandum from K. Wayne Smith to DR. Kissinger: Five - Year Korea Program (27p~33p) | Memorandum from John N. Irwin Ⅱ to the President: Republic of Korea Force Structure and Modernization Program (34p~90p) <첨부1> Tab A - Report of the NSDM 48 <첨부2> Interagency Steering Group <첨부3> ROK Force Structure and Five - year <첨부4> Modernization Program’ | Memorandum from Henry A. Kissinger to the Secretary of State: Funding Level for Program to Modernize the Republic of Korea Armed Force (91p~94p) | Memorandum from Henry A. Kissinger to the Secretary of State: ROK Force Structure and Modernization Program (95p~96p) | Memorandum from Henry A. Kissinger to the Secretary of State: ROK Force Structure and Modernization Program (97p~98p)
usa2-닉슨-31,NSDM 161,,닉슨대통령도서관,1969 ~ 1974,National Security Council ▹ National Security Council Institutional Files,PZA0002231,10,"월남 주둔 한국군 철수문제와 관련하여, 한-미간의 시기 및 방법에 대한 의견 조 율과 검토 내용 보고 자료","Republic of Korea Troops in Vietnam, October 5, 1972 (1p~22p) <첨부1> Memorandum <첨부2> Appendixes | Memorandum for the Assistant to the President for National Security Affairs: Republic of Korea Forces in South Vietnam (ROKFV) (23p~23p) | Memorandum from John N. Irwin Ⅱ to the President: ROK Forces in South Viet-nam (24p~25p) | Memorandum from John H. Holdridge to Mr. Kissinger: ROK forces in Vietnam (26p~29p) | Memorandum from Henry A. Kissinger to the President: Korean Forces in South Vietnam (30p~32p) | Republic of Korea Forces in South Vietnam, August 30, 1972 (33p~34p) | Memorandum from John N. Irwin Ⅱ to the President: Republic of Korea Troops in Viet-nam (35p~51p) <첨부1> Republic of Korea Forces in Viet-Nam <첨부2> Embassy Seoul Comments on Possible Costs of Retention on ROK Forces in Viet-Nam <첨부3> US Personnel Support Requirements | Memorandum from Henry A. Kissinger to the Secretary of State: Republic of Korea Forces in South Vietnam (52p~53p) | Memorandum from Henry A. Kissinger to the Secretary of State: Republic of Korea Forces in South Vietnam (54p~55p) | Memorandum from Henry A. Kissinger to the Secretary of State: Republic of Korea Forces in South Vietnam (56p~58p) 046 대통령기록관 해외기록물 수집목록집"
usa2-닉슨-32,NSDM 227,,닉슨대통령도서관,1969 ~ 1974,National Security Council ▹ National Security Council Institutional Files,PZA0002232,35,"클레멘트 국방차관이 1974년 9월23-24일간 하와이에서 개최될 제7차 한미연례 안보협의회의(SCM)에 대비하여 더 이상의 주한미군 감축계획이 없음에 대한 한 국 정부의 재확인 요청에 대해 미 정부의 입장을 검토 보고한 자료와 한국군 현대 화 계획과 관련한 안보결정(NSDM 227), 한국군 현대화 관련 부처간 운영위원회 보고서 등이 포함되어 있다.","Like habib, I think we should not crete a disincentive for the Koreans by telling them that we will pull out our forces as they improve their own (1p~4p) <첨부> Memorandum from Henry A. Kissinger to the Secretary of State: U.S. -Republic of Korea (ROK) Security Consulative Meeting(SCM) | Memorandum for the Assistant to the President for National Security Affairs: US-Republic of Korea(ROK) Security Consultative Meeting (SCM) (U) (5p~6p) | Memorandum from Henry A. Kissinger to the Secretary of State: Korean Force Modernization Plan (7p~8p) | Memorandum from George S. Springsteen to Lieutenant General Brent Scowcroft: U.S. / ROK Security Consultative Meeting: Department of Defense Memorandum (9p~9p) | Memorandum from Jeanne W. Davis to Mr. George S. Springsteen: U.S. - ROK Security Consultative Meeting: Defense Department Memo (10p~10p) | Memorandum for the Assistant to the President for National Security Affairs: US-Republic of Korea(ROK) Security Consultative Meeting (SCM) (U) (11p~12p) | Memorandum from George S. Springsteen to Lieutenant General Brent Scowcroft: U.S. / ROK Security Consultative Meeting: Department of Defense Memorandum (13p~13p) | Memorandum from Jeanne W. Davis to Mr. George S. Springsteen: U.S. - ROK Security Consultative Meeting: Defense Department Memo (14p~14p) | Memorandum for the Assistant to the President for National Security Affair: US- Republic of Korean (ROK) Security Consulative Meeting (SCM) (U) (15p~15p) | Memorandum from Henry A. Kissinger to the Secretary of State: The Korea and Modernization Plan (NSDM 227) (16p~16p) | Memorandum from John A. Knubel to Secretary Kissinger: DOD Reclama on NSDM 227(Korean Modernization Plan) (17p~17p) | Memorandum from Phil Odeen to Dr. Kissinger: DOD Reclama on NSDM 227(Korean Modernization Plan) (18p~21p) | Memorandum from Henry A. Kissinger to the Secretary of Defense: The Korea and Modernization Plan (NSDM 227) (22p~23p) | Memorandum from Henry A. Kissinger to the Secretary of State: Korean force Modernization Plan (24p~25p) | Memorandum for the Assistant to the President for National Security Affair: The Korea Modernization Plan (NSDM 227) © (26p~27p) | Memorandum from Kenneth Rush to Mr. Henry A. Kissinger: National Security Decision Memorandum 227 (28p~29p) | Memorandum from Fres C. Ikle to Mr. Henry A. Kissinger: National Security Decision Memorandum 227 (30p~30p) | Memorandum from Henry A. Kissinger to the President: Korea Military Assistance (31p~32p) | Memorandum from Henry A. Kissinger to the Secretary of Defense: Korean Modernization Plan (NSDM 227) (33p~33p) | Memorandum from Henry A. Kissinger to the Secretary of State: Korean Modernization Plan (NSDM 227) (34p~35p) | Memorandum for the Assistant to the President for National Security Affair: The Korea Modernization Plan (NSDM 227) © (36p~38p) | Memorandum from Kenneth Rush to Mr. Henry A. Kissinger: National Security Decision Memorandum 227 (39p~41p) | Memorandum from Fres C. Ikle to Mr. Henry A. Kissinger: National Security Decision Memorandum 227 (42p~42p) | Memorandum from Henry A. Kissinger to the Secretary of State: Korean Modernization Plan (43p~44p) | Memorandum from Henry A. Kissinger to the Secretary of State: Korean Modernization Plan (45p~46p) | Memorandum from Henry A. Kissinger to the Secretary of State: Korean Modernization Plan (47p~48p) | Memorandum from Phil Odeen to Dr. Kissinger: Korean Force Modernization Plan (49p~51p) | Memorandum from Henry A. Kissinger to the President: Korean Force Modernization Plan (52p~53p) | Telegram from SECSTATE WASHDC to AMEMBASSY CANBERRA: US VIEWS ON ROK FOREIGN POLICY CHANGES (57p~60p) 048 대통령기록관 해외기록물 수집목록집 | Telegram from AMEMBASSY SEOUL to SECSTATE WASHDC: ROK FOREIGN POLICY CHANGE AND MODERNIZATION PLAN (61p~63p) | Memorandum from William J. Porter to the President: Reexamination of the Korea Force Modernization Plan (64p~66p) | Memorandum for the Chairman, Under Secretaries Committee: Reexamination of the Korea Force Modernization Plan (NSC-U/sm 125C) (67p~69p) | Memorandum for the President: Annual Program Review of KoreaForce Modernization Plan, as directed by NSDM 129 (70p~71p) | Memorandum for the Chairman, Under Secretaries Committee: Annual Korea Force Modernization Program Review (72p~72p) | Report of Korea Force Modernization Interagency Steering Group (73p~174p) <첨부1> ROK Force Requirements Study Tab A <첨부2> Political factors TAB B <첨부3> Arms Limitation and Military Assistance to Korea Annex A <첨부4> Economic Factors Tab C"
usa2-닉슨-33,NSDM 251,,닉슨대통령도서관,1969 ~ 1974,National Security Council ▹ National Security Council Institutional Files,PZA0002233,12,"1974년 제29차 유엔총회에서 논의될 주한 유엔군사령부의 해체 문제와 관련하여 미국 정부내 관련 부처의 검토의견 및 한국정부와의 이견에 대한 협상내용, 미국 정부의 입장 등 포함되어 있다.",[Withdrawal Sheet Index] NSDM 251 (1p~1p) | Memorandum from W. R. Smyser to Brent Scowcroft: Why we Belabor the Obvious on Korea (2p~5p) | Document Control Record: Item Removed… (6p~6p) | Memorandum from Henry A. Kissinger to the Secretary of Defense: Termination of the U.N. Command in Korea (7p~8p) | At the Preparatory Meeting of the Security Consultative Committee today Ambassador MacArthur tabled draft terms of Reference for the Committee (9p~10p) | Sato Unilateral Statement (11p~11p) | Memorandum from W. R. Smyser to Secretary Kissinger: Termination of the U.N. Command in Korea (12p~16p) <첨부> Memorandum from Jeanne W. Davis to Mr. George S. Springsteen: Termination of the U.N. Command in Korea | Routine Seoul: Discussing on UN Command (17p~20p) | Telegram from SECSTATE WASHDC to RUEHCK/AMEMBASSY SEOUL: Discussions with ROKG on UN Command (21p~23p) | Telegram from AMEMBASSY SEOUL to SECSTATE WASHDC: Discussion with FONMIN ON UN Command (24p~29p) | Memorandum from Henry A. Kissinger to the Secretary of Defense: Termination of the U.N. Command in Korea (30p~32p) | Memorandum from Henry A. Kissinger to the Secretary of Defense: Termination of the U.N. Command in Korea (33p~34p)
usa2-닉슨-34,Korea [1 of 2],,닉슨대통령도서관,1976,National Security Council ▹ National Security Council Institutional Files,PZA0002234,10,"한국을 포함한 동아시아 지역의 1976년 3분기 경제수치 분석을 통해, 1977년 경 제 흐름과 향후 경제 전망에 대해 분석한 자료와 한국 정세보고서 등이 포함되어 있다.","Document Control Record: Item Removed… (1p~1p) | Document Control Record: Item Removed… (2p~2p) | Document Control Record: Item Removed… (3p~3p) | Document Control Record: Item Removed… (4p~4p) | Document Control Record: Item Removed… (5p~5p) 050 대통령기록관 해외기록물 수집목록집 | Memorandum from EA/EP - Anthony Geber to S/p - Mr. Armacost: Xconomic Prospects for East Asia in 1977 (6p~19p) <첨부> Economic Prospects in East Asia | Document Control Record: Item Removed… (20p~20p) | Memorandum from Jeanne W. Davis to The Secretary of State: NSDM 345: Additional Classification Control (21p~23p) | Document Control Record: Item Removed… (24p~24p) | Having just returned from two months in Seoul, this is the Issue to which I have given the most recent thought (25p~27p)"
usa2-닉슨-35,Korea [2 of 2],,닉슨대통령도서관,1976,National Security Council ▹ National Security Council Institutional Files,PZA0002235,24,"미국의 대북정책과 관련한 해외공관의 의견, 북한-소련 관계동향, 한국내 미 군사 력 현황, 한국의 인권상황 등 한국정세 분석 자료 등이 포함되어 있다.",The Christian Science Monitor: Cater urged to rewrite U.S. policy in S. Korea (1p~1p) | Document Control Record: Item Removed… (2p~2p) | The New York Times: Japanese concerned over fishery talks (3p~4p) | Document Control Record: Item Removed… (5p~5p) | Seoul~searching in Washington (6p~6p) | North Korea: Possible Peace Initiative (7p~7p) | For Several years North Korea has been riding the crest of a diplomatic offensive which had as its objectives: (8p~13p) | Telegram from AMEMBASSY TOKYO to SECSTATE WASHDC: FONOFF Appraisal of North Korean Policy (14p~19p) | North Korea Shows Its Displeasure with Moscow (20p~21p) | Telegram from AMEMBASSY TOKYO to SECSTATE WASHDC: Foreign Office Assessment of North Korean Policy Directions (22p~28p) | US Forces in Korea (29p~37p) | Document Control Record: Item Removed… (38p~38p) | 해독 불가 (39p~39p) | Document Control Record: Item Removed… (40p~40p) | Diplomatic Initiative (41p~43p) | Document Control Record: Item Removed… (44p~44p) | Document Control Record: Item Removed… (45p~45p) | Document Control Record: Item Removed… (46p~46p) | Southward Deployment within Korea of U.S. Forces (47p~48p) | Human rights (49p~55p) | Document Control Record: Item Removed… (56p~56p) | Document Control Record: Item Removed… (57p~57p) | Document Control Record: Item Removed… (58p~58p) | The Korean Military Balance (59p~63p)
usa2-닉슨-36,Cost of Korean war,,닉슨대통령도서관,1957,"Pre-Presidential Papers: Trip Files ▹ General Correspondence, Series 320",PZA0002236,7,6·25전쟁 희생자 수에 대한 국방부 및 미의회 자료 등이 포함되어 있다.,Letter from Foster Adams to Mr. Bofman (1p~3p) <첨부1> P28.1 dtd 4 Nov 54 <첨부2>Tabulation re Casualties in Korean War dtd 26 Jul 57 | Letter from Robert L. King to Bofman (4p~4p) | Letter from Robert L. King to Secretary Mcnell (5p~5p) | Letter from Albert Bofman to Mr. King (6p~6p) | Letter from Robert L. King to Bofman (7p~7p) | Letter from Albert Bofman to Mr. Nixon (8p~8p) 052 대통령기록관 해외기록물 수집목록집 | Cost of Korean war to June 1951 (9p~15p)
usa2-닉슨-37,Korea 1,,닉슨대통령도서관,1953,Pre-Presidential Papers: Trip Files ▹ SubseriesIII: 1953 Trip to Asia and,PZA0002237,4,"1953년 11월 12일 닉슨 부통령의 한국방문과 관련하여 미공보원(USIS)이 작성 한 “Liberty News” 방송용 원고 초안과 최종본, 11월 13일에 있었던 한국 국회 연설문 초안 등이 포함되어 있다.","Draft of Arrival Statement for Vice President Nixon (1p~3p) | Draft of Arrival Statement for Vice President Nixon (4p~7p) | Draft Address by Vice Presidenr Nixon to the Korean National assembly on Friday, Nov.13 (8p~12p) | Statement by Vice President Nixon for the Library News Fliming (November 12, 1953) (13p~14p)"
usa2-닉슨-38,Korea 2,,닉슨대통령도서관,1952 ~ 1954,Pre-Presidential Papers: Trip Files ▹ SubseriesIII: 1953 Trip to Asia and,PZA0002238,9,"1954년 이승만-아이젠하워 정상회담의 일환으로, 미국의 대한(對韓) 경제지원 실무협상을 하기 위해 방미중인 한미합동경제위원회 한국측 대표 백두진 국무총 리의 요청 내용과 이에 대한 국부무의 제안, 미 국무부의 이승만대통령과 영부인, 백두진 국무총리 등 한국정부 주요 인사에 대한 정보 요약, 닉슨 부통령이 한국 방 문시 백두진 국무총리와 나눈 통일문제와 미국의 군사 및 경제 지원 등의 안건에 대한 자료, 기타 한국에 대한 참고자료 등이 포함되어 있다.","Memorandum from Thruston B. Morton (1p~5p) <첨부> biographic Statement | Letter from Paik, Too Chin to Mr. Vice-President and Mrs. Nixon (6p~7p) | Memorandum from Prime Minister Paik Too Chin to His Excellency Vice-President Richard M. Nixon (8p~11p) | Draft Briefing Paper for Vice President Nixon “The Chinese in Korean” (12p~27p) | Press Ticket Received in Department at 12 noon November4, 1953 (28p~30p) | Memorandum from Justin Williams to Dr. Raymond T. Moyer: Briefing the Vice President on Korea Aid Program (31p~31p) | Republic of Korea (32p~46p) | Fear, Confusion Snarl U.S. Plans To Rebuild Korea (47p~47p) | Memorandum for the Vice President: The MIG15 [Defection] (48p~50p) <첨부> Memo from RN to General Caraway 054 대통령기록관 해외기록물 수집목록집"
usa2-닉슨-39,Korea 3,,닉슨대통령도서관,1953 ~ 1954,Pre-Presidential Papers: Trip Files ▹ SubseriesIII: 1953 Trip to Asia and,PZA0002239,60,"1953년 닉슨 부통령의 방한을 위한 참고자료로, 한국정부 주요 인사에 대한 요약 정보, 한국 정치·경제·사회·관광 현황, 방한시 받은 선물목록과 닉슨의 감사편지, 닉슨 이한 이후 이승만 대통령이 보낸 서신에는 1953년 8월에 백두진총리와 미국 경제조정관 우드(C.T.Wood)간에 체결한 ‘백·우드 협약’ 에 대한 언급이 포함되어 있다.","[Withdrawal Sheet Index] Korea 3 (1p~1p) | Letter from Jaycee, Korea to Mr. Christian Herter Jr. Executive Secretary to Vice-President Nixon (2p~2p) | Biographic Listing (3p~12p) | List of Contents (13p~26p) | [Withdrawal Sheet Index] Control Sheet: Document Removed… (27p~27p) | Letter for Mrs.Koo: November 22, 1953 (28p~28p) | Letter from Mrs. Lilly C. Koo to Mrs. Nixon (29p~29p) | Schedule for Mrs. Nixon (30p~38p) <첨부>Organization of the Embassy | List of Members of Vice President Nixon’s Party, Press Representatives, Crew of Vice Presiden’s Airplane (39p~39p) | Participation in Meetings and Social Events during the Vice President’s Visit (40p~41p) | List of Members of Vice President Nixon’s Party, Press Representatives, Crew of Vice Presiden’s Airplane (42p~43p) | List of Contents (44p~64p) | Seoul (65p~76p) <첨부1> State dining given by the President of the republic of Korea and madam Syngman Rhee in honor of the Vice President of the United States and MRs. Richard M. Nixon at Kyung mu dai <첨부2> Luncheon given by the Prime minister of the Republic of Korea in honor of the Vice President of the United States and Mrs. Richard M. Nixon <첨부3> Dinner given by ambassador and Mrs. Ellis O. Briggs in honor of the Vice President and Mrs. Richard M. Nixon on Friday <첨부4> Tea given by Dr. Helen Kim in honor of the Vice President of the United States and MRs. Richard M. Nixon on friday <첨부5> Luncheon in honor of Mrs. Richard M. Nixon at 172, Nai-soo dong, Seoul, on saturday <첨부6> Guest list for reception by anbassador and Mrs. Brigs in honor of the Vice President of the United States and Mrs. Richard M. Nixon ov saturday | Gifts received by the Vice President and Mrs. Nixon on trip to the far east-Korea (77p~80p) | Letter from Nixon to Mr. ambassador (81p~81p) | Letter from Nixon to Mayor Kim (82p~82p) | Letter from Nixon to General Taylor (83p~83p) | Letter from Nixon to Mr. Prime Minister (84p~84p) | Letter from Paik, too chin to Mr. Vice-President and Mrs. Nixon (85p~85p) | Letter from Nixon to Mr. Yi (86p~86p) | Letter from Nixon to Mr. Lee (87p~87p) | Letter from You Chan Yang to Vice-President (88p~88p) | Letter from Nixon to Mr. President (89p~89p) | Letter from Nixon to General Anderson (90p~91p) | Letter from Nixon to Lt. Barnes (92p~92p) | Letter from Nixon to Mr. Barnes (93p~93p) | Letter from J. Austin Barnes to Vice-President (94p~95p) | Local Man flies cover for Nixon (96p~96p) | Letter from Nixon to Dr. Kim (97p~97p) | Letter from Nixon to Mr. Limb (98p~98p) | Letter from Nixon to Mr. Park (99p~99p) | Letter from Nixon Mr. Chung (100p~100p) | Letter from Nixon to Mr. Seung (101p~101p) | Letter from Nixon to Mr. Bond (102p~102p) | Letter from Rose Mary Woods to Nile Bond (103p~103p) | Letter for Mr. Kang (104p~104p) | Letter from C.A.H., Jr. to Mrs. Nixon (105p~105p) | Letter from Christian A. Herter. Jr. to Mr. Kyo Sun Lee (106p~107p) | Letter from Niles W. Bond to Kyo Sun Lee (108p~108p) 056 대통령기록관 해외기록물 수집목록집 | Letter from Kyo Sun Lee to Vice President and Mrs. Nixon (109p~109p) | Letter from Christian A. Herter. Jr. to Mr. Niles Bond (110p~110p) | Letter from Nixon to Mr. Lee (111p~112p) | Letter from Nixon to Mr. Minwood Yim (113p~113p) | Letter from Mr. Minwood Yim to Nixon (114p~114p) | Letter from Nixon to Jack Cooper. Jr. (115p~115p) | Letter from Jack Cooper. Jr. to Nixon (116p~116p) | Letter from Rose Mary Woods to Chi Whan Choi (117p~119p) | Letter from Chi Whan Choi to Mr. Vice President (120p~121p) | Letter from Nixon to Chi Whan Choi (122p~122p) | Letter from Chi Whan Choi to Mr. Vice President (123p~123p) | Letter from Chi Whan Choi to Mr. Vice President (124p~125p) | Letter from Chi Whan Choi to Mr. Vice President (126p~127p) | Letter from Nixon to Mr. Kim (128p~128p) | Letter from Mr. Kim to Nixon (129p~130p) | Letter from Nixon to Mr. Suh (131p~132p) | Letter from Priscilla Joy Everts to Mr. Chi Whan Choi, Chief (133p~134p) | Letter from Chi Whan Choi to Mr. Vice President (135p~137p) | Letter from Nixon to Miss Young ja Choe (138p~141p) | Letter from J.A. Calhoun to P. Watts (142p~149p) <첨부> List1: Koreans and Americans who Entertained vice President and Mrs. Nixon | Letter from Syngman Rhee to Nixon (150p~150p)"
usa2-닉슨-40,Korea 4,,닉슨대통령도서관,1953 ~ 1954,Pre-Presidential Papers: Trip Files ▹ SubseriesIII: 1953 Trip to Asia and,PZA0002240,37,"이승만대통령의 전후 재건구상인 “이 플랜(The Rhee Plan)”과 50년대 한국인의 유학 등 미국 입국을 위해 미대사관 및 닉슨 부통령에게 보내는 후원 요청 서신, 유 엔총회 정치분과위원회 한국측 대표인 변영태 외무부장관이 닉슨 부통령에게 한 국문제에 관한 정치회의에 인도의 참여 철회와 관련하여 한국정부의 입장을 전달 한 서신 등이 포함되어 있다.","Korean Restruction - Views by Lou Baker (1p~1p) | Table of Contents: Part1-Synopsis of the Rhee Plan, Part2- Explanation of the Rhee Plan (2p~13p) | Letter from Niles W. Bond to Chris (14p~14p) | Letter from Niles W. Bond to Mr. Lyu (15p~15p) | Letter from Niles W. Bond to Mr. Kim (16p~16p) | Letter from Niles W. Bond to Miss Lee (17p~17p) | Letter from Rose Mary Woods to Mrs. Buschle (18p~18p) | 해독 불가 (19p~19p) | Letter from Mrs. Alfred A. Buschle to Mr. and Mrs. Richard Nixon (20p~21p) | Letter from Christian A. Herter. Jr. to Mr. Park No Soo (22p~22p) | Letter from Park No Soo to Mr. Richard M. Nixon (23p~26p) | Letter from Christian A. Herter. Jr. to Mr. Niles Bond (27p~27p) | Letter from Yeo-Gyeong Yun to Christian A. Herter. Jr. (28p~29p) | Letter from Christian A. Herter. Jr. to Yeo-Gyeong Yun (30p~30p) | Letter from Yeo-Gyeong Yun to Mr. Richard M. Nixon (31p~34p) | Letter from Richard Nixon to Mr. Allmon (35p~35p) | The Rhee Plan (36p~36p) | Letter from Larry Allmon to Hon. Richard Nixon (37p~38p) 058 대통령기록관 해외기록물 수집목록집 | Letter from Y. T. Pyun to Mr. Vice-President (39p~54p) <첨부> Copy of statement:Statement to be made on Indian participation by Dr. Y.T.Pyun, Republic of Korea chief delegate to the United Nations General Assembly | Letter from Donald H. Robinson to Richard Nixon (55p~72p) | Letter from Richard Nixon to Mr. Jhung (73p~73p) | Letter from Walter Jhung to Mr. Vice President (74p~75p) | Letter from Richard Nixon to George S. Pyunn (76p~76p) | Letter from George S. Pyunn to Richard Nixon (77p~78p) | Letter from Richard Nixon to Commodore Lee (79p~80p) | Letter from Arthur E. Paulson to Mr. Nixon (81p~81p) | Letter from Christian A. Herter. Jr. to Arthur E. Paulson (82p~87p) <첨부> Hour Glass | Letter from Cho Soon Choo to Mr. Nixon (88p~91p) | 해독 불가 (92p~93p) | Letter from Mr. Nixon to Mr. Cho Soon Choo (94p~94p) | Letter from Nixon to Miss Chwe (95p~95p) | Letter from Youngja Chwe to Mr. Nixon (96p~100p) | Letter from Dong Keun Kim to Mr. Nixon (101p~101p) | Letter from Rose Mary Woods to Mr. Dong (102p~102p) | Letter from Dong Keun Kim to Mr. Nixon (103p~104p) | Letter from Nixon to Mr. Dong (105p~107p) <첨부> Memo | Letter from You Chan Yang to Mr. Vice President (108p~108p)"
usa2-닉슨-41,"Rhee, Syngman (President)",,닉슨대통령도서관,1968 ~ 1970,"Pre-Presidential Papers: Trip Files ▹ General Correspondence, Series 320",PZA0002241,16,"닉슨 부통령과 이승만대통령간의 주고 받은 서신, 이승만 대통령의 방미관련 서신 모음으로, 1956년 8월 17일 이승만 대통령이 보낸 닉슨 부통령의 3선 축하서신에 대한 답신, 이승만 대통령의 1954년 7월 방미일정 관련 내용 등이 포함되어 있다.",Letter from Syngman Rhee to Mr. Nixon (1p~2p) | Letter from Richard Nixon to Presidenr Rhee (3p~3p) | Letter from Richard Nixon to Renah F. Camalier (4p~4p) | Letter from Renah F. Camalier to Richard Nixon (5p~5p) | Letter from Syngman Rhee to Mr. Vice President and Mrs. Nixon (6p~6p) | Letter from Richard Nixon to Thurston B. Morton (7p~7p) | Letter from Thurston B. Morton to Richard Nixon (8p~8p) | Letter from Thurston B. Morton to Richard Nixon (9p~9p) | Letter from You Chan Yang to Mr. Vice President (10p~10p) | Letter from Richard Nixon to Presidenr Rhee (11p~11p) | Letter from Syngman Rhee to Mr. Nixon (12p~14p) 060 대통령기록관 해외기록물 수집목록집
usa2-닉슨-42,Folder 5 : Trip file. 1953. Far East - Redacted briefing book,,닉슨대통령도서관,1968 ~ 1970,Pre-Presidential Papers: Trip Files ▹ Vice Presidential Work Files. –,PZA0002242,16,닉슨 부통령에게 보고한 중앙정보국(CIA)의 한국 정세보고서,Briefing for the Vice President: Korea (11p~11p)
usa2-닉슨-43,"Folder 6 : Trip file. 1953. Far East - Correspondence. 1953,",,닉슨대통령도서관,1953,Oct. 21- Nov. 11 Pre-Presidential Papers: Trip Files ▹ Vice Presidential Work Files. –,PZA0002243,7,정전협정 이후 정치회담 개최와 관련하여 중립국 감시위원단 단장 크리슈나 메논 (인도) 등의 발언 내용을 국무부에 보고한 전문,Telegram from DEAN MunSan-Ni to SECCTATE WASH (1p~2p) | Telegram from DEAN MunSan-Ni to SECCTATE WASH (3p~3p) | Telegram from DEAN MunSan-Ni to SECCTATE WASH (4p~5p) | Letter from Renah F. Camalier to Richard Nixon (5p~5p) | Telegram from DEAN MunSan-Ni to SECCTATE WASH (6p~7p) | Telegram from DEAN MunSan-Ni to SECCTATE WASH (8p~9p) | Telegram from DEAN MunSan-Ni to SECCTATE WASH (10p~11p)
usa2-닉슨-44,Folder 8 : Trip file. 1953. Far East - Correspondence 1953.,,닉슨대통령도서관,1953,Nov. 10-18 Pre-Presidential Papers: Trip Files ▹ Vice Presidential Work Files. –,PZA0002244,10,"1953년 12월 4~8일 버뮤다에서 열린 아이젠하워 ·처칠 ·J. 라니엘(프랑스 수상) 간의 3국 정상회의 자료. 한국을 포함한 아시아의 제반 문제를 협의하기 위한 ‘버 뮤다회담’ 개최 계획과 관련하여, 해당국들의 의견 및 한국내 중국인 현황에 대하 여 닉슨 부통령에게 보고한 전문, 이승만라인(Rhee Line, 평화선)과 관련하여 변 영태 외무장관과의 면담 내용 등을 국무부에 보고한 전문이 포함되어 있다.",Telegram from Department of State to AMEMBASSY SEOUL (1p~3p) | Telegram from Saigon to Secretary of State (4p~4p) | Draft Briefing Paper for Vice President Nixon “The Chinese in Korean” (5p~5p) | Over-All Proposal for the common agenda and procure of discussions (6p~6p) | Telegram from Department of State to AMEMBASSY SEOUL (7p~8p) | Telegram from Seceretary of State to Vice President Nixon (9p~9p) | Telegram from Tokyo to Seceretary of State (10p~12p) | Correspondence on Rhee Line (13p~13p) | Telegram from Seoul to Secretary of State (14p~15p) | Telegram from Seoul to Secretary of State (16p~16p) 062 대통령기록관 해외기록물 수집목록집
usa2-닉슨-45,Folder 9 : Trip file. 1953. Far East - RN’s notes re: meeting with,,닉슨대통령도서관,1953,"Syngman Rhee – Nov. 17, 1953. Pre-Presidential Papers: Trip Files ▹ Vice Presidential Work Files.",PZA0002245,6,닉슨 부통령의 11월 방한 동안에 이루어진 이승만대통령과의 면담내용을 덜레스 국무장관에게 전달한 서신,"Letter for the Secretary Department of State (1p~22p) | Letter for the Secretary Department of State [draft] (23p~30p) | Letter for the Secretary Department of State (31p~35p) | These two carbons were attached to the original, which had a number of changes on each page indicated in RN’s hand-writing (36p~39p) <첨부1> china <첨부2> propaganda for project | Joint Statement (40p~43p) | Letter from Syngman Rhee to Mr. Nixon (44p~45p)"
usa2-닉슨-46,"Folder 10 : Trip file. 1953. Far East. – Correspondence. 1953,",,닉슨대통령도서관,1953,Nov. 20-Dec. 3. Pre-Presidential Papers: Trip Files ▹ Vice Presidential Work Files.,PZA0002246,2,닉슨 부통령과 이승만대통령과의 면담내용에 따른 미국의 조치에 대하여 앨리슨 주일 미대사와 주한 미대사가 국무장관에서 보낸 전문,Telegram from Tokyo to Seceretary of State (1p~2p) | Telegram from Seoul to Secretary of State (3p~4p)
usa2-닉슨-47,Folder 3 : Trip file. 1953. Far East. – RN’s handwritten notes,,닉슨대통령도서관,1953,– Korea. Pre-Presidential Papers: Trip Files ▹ Vice Presidential Work Files. –,PZA0002247,3,"1953년 닉슨 부통령의 한국 방문 일정 및 관련 자료로, 한국 정부의 주요 인사(정 부관료 및 정치인)에 대한 요약정보가 포함되어 있다.","Schedule of Activities for Vice President Nixon on visit to Korea, November 12-15, 1953 (1p~5p) | Biographic Listing (6p~19p) | Figures gotten from Korean Embassy in Washington December 22, 1953 (20p~20p)"
usa2-닉슨-48,"HAK Trip - Mid East, Islamabad, Peking, Tokyo, Seoul Misc.&",,닉슨대통령도서관,1973,"Memos[1~2]November 5-16, 1973 National Security Council Files>Kissinger Office Files>HAK Trip Files",PZA0002248,12,"1973년 11월 5-16일간의 키신저 국가안보보좌관의 해외순방 관련 자료로, 서울 방문과 관련하여 주한 미대사관과 국무부간에 주고 받은 전신들로 구성되어 있다. 여기에는 한국 방문 형태 및 면담시간 등 일정 조율, 주한미군 감축, 한국군 현대화 계획, 김대중납치사건 등 주요 논의 안건에 대한 하비브 주한 미대사의 의견 등이 포함되어 있다. 064 대통령기록관 해외기록물 수집목록집",To/from Seoul (1p~1p) | Telegram from SECSTATE WASHDC to AMEMBASSY SEOUL : Secretary’s far Eastern Trip (2p~3p) | Telegram from SECSTATE WASHDC to AMEMBASSY SEOUL : Secretary’s Talk with CH’IAO (4p~5p) | Telegram from SECSTATE WASHDC to AMEMBASSY SEOUL : Secretary’s Visit (6p~6p) | Telegram from AMEMBASSY SEOUL to SECSTATE WASHDC: Secretary’s Visit (7p~7p) | Telegram from SECSTATE WASHDC to AMEMBASSY SEOUL: Secretary’s Visit (8p~10p) | Telegram from AMEMBASSY SEOUL to SECSTATE WASHDC: Secretary’s Visit (11p~11p) | Telegram from AMEMBASSY SEOUL to SECSTATE WASHDC: Secretary’s Visit to Seoul: Requirements (12p~12p) | Telegram from AMEMBASSY SEOUL to SECSTATE WASHDC: Secretary’s Visit to Seoul: Schedule (13p~13p) | Telegram from AMEMBASSY SEOUL to SECSTATE WASHDC: Secretary’s Visit to Seoul (14p~141p) | Telegram from AMEMBASSY SEOUL to SECSTATE WASHDC: Announcement of Korea Visit (15p~16p) | Telegram from AMEMBASSY SEOUL to SECSTATE WASHDC: Announcement of Korea Visit (17p~17p)
usa2-닉슨-49,"HAK Trip - Mid East, Islamabad, Peking, Tokyo,",,닉슨대통령도서관,1973,Seoul HAKTO 1-17 National Security Council Files ▹ Kissinger Office Files>HAK Trip Files,PZA0002249,1,제28차 유엔총회의 한반도 문제 결의안 표결 연기에 대하여 중국이 미국에 양해 를 구하는 내용이 담긴 전문,Telegram from Brent Scowcroft to Henry A. Kissinger (1p~4p)
usa2-포드-1,"Federal Reserve Bank of Chicago, 1969-77 (2)",,포드대통령도서관,1969 ~ 1977,Arthur F. Burns Papers ▹ Federal Reserve Board Subject Files,PZA0002285,1,"연방준비위원회 위원장 Arthur F. Burns가 1972년 11월 한국, 필리핀, 대만, 그리 고 홍콩을 방문한 후, 이들 국가의 경제 상황에 대해 정리한 보고서","Letter from Robert P. Mayo to Arthur F. Burns: 5 Feb, 1973 (1p~49p) <첨부> Some observations on the November 1972 trip to the orient"
usa2-포드-2,"Chungang University, Seoul, Korea, June 26, 1970",,포드대통령도서관,1970,Arthur F. Burns Papers ▹ Speeches and Congressional Testimony,PZA0002286,1,연방준비위원회 위원장 Arthur F. Burns가 1970년 6월 중앙대학교 명예박사학위 수여식에서 연설한 연설문. 자유경제 체제를 채택한 아시아 국가들이 공산주의식 중앙통제경제 체제 보다 우월하다고 주장,The Economic Contest Between Freedom and Authoritarianism (1p~18p)
usa2-포드-3,Korea,,포드대통령도서관,1970,정보없음,PZA0002287,2,한국의 수출 진흥 등에 관한 보고서,[Withdrawal Sheet index] Korea (1p~2p) | A case study in export promotion: Korea (3p~15p)
usa2-포드-4,"Intelligence Documents, July 4, 1975",,포드대통령도서관,1975,Dale Van Atta Papers ▹ Intelligence Chronological Files,PZA0002288,1,Defense Intelligence Agency에서 작성한 한국군의 3단계 보안경계시스템에 관 한 간략 보고,DIA Weekly Intelligence Summary: South Korea’s Alert System (1p~2p) 070 대통령기록관 해외기록물 수집목록집
usa2-포드-5,"Intelligence Documents, March 8, 1976",,포드대통령도서관,1976,Dale Van Atta Papers ▹ Intelligence Chronological Files,PZA0002289,1,"1974년 오일위기 직후 한국의 부채상환능력에 대한 우려가 대두되었으나, 1975 년 미·일 수출경기의 호전으로 경상수지 적자폭이 줄어들고 있어 우려할 정도는 아니라는 내용의 한국의 대외 부채 상환능력에 대한 보고서",[East Asia Staff Notes: The South Korean Payments Position] (1p~3p)
usa2-포드-6,"Intelligence Documents, March 9, 1976",,포드대통령도서관,1976,Dale Van Atta Papers ▹ Intelligence Chronological Files,PZA0002290,1,주한미군 철수를 주장하는 북한의 연례적인 외교 공세에 대한 진행상황 보고 및 평가,[DIA Intelligence Appraisal: North Korea: Diplomatic offensive launched] (1p~4p)
usa2-포드-7,"Intelligence Documents, April 5-15, 1976",,포드대통령도서관,1976,Dale Van Atta Papers ▹ Intelligence Chronological Files,PZA0002291,1,제3세계 국가들의 지지를 얻기 위한 남북한의 외교적 노력이 유엔총회를 앞두고 가속화되고 있다는 내용의 남북한 외교경쟁에 관한 상세 보고서,[East Asia Staff Notes: The Koreas in Diplomatic Competition] (1p~9p)
usa2-포드-8,"Intelligence Documents, April 23, 1976",,포드대통령도서관,1976,Dale Van Atta Papers ▹ Intelligence Chronological Files,PZA0002292,1,자주국방을 강조하고 있는 한국이 최근 무기 수입선을 다변화하려는 노력을 하고 있다는 보고,Telegram from DIA WASH DC to DIACURINTEL: DIA defense Intelligence notice (DIN) (U) (1p~2p) 072 대통령기록관 해외기록물 수집목록집
usa2-포드-9,9/1/76 National Guard Association Speech,,포드대통령도서관,1976,George H. Denison Papers ▹ Presidential Speech Files,PZA0002293,4,"1976년 9월 1일에 열리는 National Guard Association에서 대통령연설을 앞두 고, 8·18 판문점 도끼만행사건을 규탄하는 내용을 포함시키려는 의도와 관련된 메모 및 연설문 초고","Memorandum from Patrick Butler to Robbert Orben: The President’s Speech to National Guard Convention (1p~2p) | Presidential Remarks before the National Guard Association, Wednesday, September 1, 1976 (3p~10p) | President’s Remarks to 98th General conference of the National Guard Association of the United States. Wednesday, September 1 (11p~19p) | Presidential Remarks before the National Guard Convention, Wednesday, September 1, 1976 (20p~30p)"
usa2-포드-10,"Ford Newsletter, Jan.-Mar. 1950",,포드대통령도서관,1950,"Gerald R. Ford Congressional Papers ▹ Newsletters, compiled",PZA0002294,1,"당시 국회의원이었던 포드는 한국에 대한 원조안에 반대투표를 하였으며, 이는 한 국이 소련의 군사적 위협을 물리칠 수 없다고 생각하기 때문이라고 밝히고 자신은 대만 중심의 극동정책을 지지한다는 내용을 담고 있는 1950년 1월 25일자 뉴스 레터","Your Washington Review by Gerald R. Ford, Jr.: Jan 25, 1950 (1p~2p)"
usa2-포드-11,"Ford Newsletter, July-Sept. 1950",,포드대통령도서관,1950,"Gerald R. Ford Congressional Papers ▹ Newsletters, compiled",PZA0002295,7,1950년 당시 포드는 북한의 남침에 대해 규탄하고 당파를 초월한 지지를 천명하 였으며. 아울러 공산주의체제에 대한 비판적인 개인소견을 뉴스레터에 피력,"Your Washington Review by Gerald R. Ford, Jr.: Jul 5, 1950 (1p~2p) | Your Washington Review by Gerald R. Ford, Jr.: Jul 12, 1950 (3p~4p) | Your Washington Review by Gerald R. Ford, Jr.: Jul 20, 1950 (5p~6p) | Your Washington Review by Gerald R. Ford, Jr.: Jul 27, 1950 (7p~8p) | Your Washington Review by Gerald R. Ford, Jr.: Aug 3, 1950 (9p~10p) | Your Washington Review by Gerald R. Ford, Jr.: Aug 10, 1950 (11p~13p) | Your Washington Review by Gerald R. Ford, Jr.: Sep 14, 1950 (14p~15p)"
usa2-포드-12,"Ford Newsletter, July-Sept. 1953",,포드대통령도서관,1953,"Gerald R. Ford Congressional Papers ▹ Newsletters, compiled",PZA0002296,6,약 3주간에 걸쳐 극동지역을 방문하고 군사원조 및 해외원조 실태에 대한 국정조 사 진행. 이 기간 뉴스레터에서 포드는 가족들에게 보내는 편지형태로 극동방문에 대한 소감과 의견을 피력 074 대통령기록관 해외기록물 수집목록집,"Your Washington Review by Gerald R. Ford, Jr.: Aug 27, 1953 (1p~5p) | Your Washington Review by Gerald R. Ford, Jr.: Sep 3, 1953 (6p~7p) | Your Washington Review by Gerald R. Ford, Jr.: Sep 3, 1953 (8p~9p) | Your Washington Review by Gerald R. Ford, Jr.: Sep 3, 1953 [Written Taigu, Korea after dinner Wednesday, August 12th] (10p~11p) | Your Washington Review by Gerald R. Ford, Jr.: Sep 10, 1953 (12p~14p) | Your Washington Review by Gerald R. Ford, Jr.: Sep 17, 1953 (15p~16p)"
usa2-포드-13,"Fifth District Weekly Radio Reports, 1949-1952",,포드대통령도서관,1949 ~ 1952,"Gerald R. Ford Congressional Papers ▹ Weekly Radio Reports, compiled",PZA0002297,9,"포드가 지역주민을 대상으로 한 주간 라디오연설 중 한국 관련 부분(한국원조안 투표, 6·25전쟁 중 북진문제, 맥아더장군의 해고, 종전방안, 휴전협상, UN의 역할, 미공군의 한소국경 폭격 등)","Radio Address to his constitutes by REP. Gerald R. Ford, JR., 5th District, Michigan: Jan 22, 1950 (1p~1p) | Radio talk by Gerald R. Ford, Jr. for use in fifth congressional district: Feb, 12 1950 (2p~4p) | Radio talk by Gerald R. Ford, Jr. for use in fifth congressional district: Mar 31, and Apr 1, (5p~5p) | Radio talk by Gerald R. Ford, Jr. for use in fifth congressional district: Apr 14, 1951 (6p~6p) | Radio talk by Gerald R. Ford, Jr. for use in fifth congressional district: Apr 21 and 22 [1951] (7p~7p) | Radio talk by Gerald R. Ford, Jr. for use in fifth congressional district: Mar 5 and 6, 1951 (8p~8p) | Radio talk by Gerald R. Ford, Jr. for use in fifth congressional district: May 12th and 13th [1951] (9p~9p) | Radio talk by Gerald R. Ford, Jr. for use in fifth congressional district: Jul 7, 8, 9 and 10, 1951 (10p~10p) | Radio talk by Gerald R. Ford, Jr. for use in fifth congressional district: Sep 1st, 2nd, 3rd and 4th, 1951 (11p~11p)"
usa2-포드-14,"Fifth District Weekly Radio Reports, 1965",,포드대통령도서관,1965,"Gerald R. Ford Congressional Papers ▹ Weekly Radio Reports, compiled",PZA0002298,2,박정희대통령의 미국 방문에 맞춰 한국상황에 대한 평가 및 한국을 포함한 아시아 에서 냉전갈등을 언급하고 강경노선 유지의 필요성을 천명한 포드의 메모,"[Issue of the day: Our Investment in South Korea] (1p~1p) | [Radio television memo: The little war danger: Aug 23, 1965] (2p~3p)"
usa2-포드-15,Korea,,포드대통령도서관,1968 ~ 1972,Gerald R. Ford Congressional Papers ▹ Press Secretary Reference,PZA0002299,40,"1968년 미군함 푸에블로호사건 관련 신문기사, 정부·의원 및 군기관 등의 언론배 포 및 보도자료 등","[Radio television script: Remember the pueblo!: Jul 29, 1968] (1p~2p) | [Foreign countries-Japan; Jordan; Kenya; Korea] (3p~5p) <첨부> Memorable Dates-1950-1952; Korean War 076 대통령기록관 해외기록물 수집목록집 | [UPI-Pueblo] (6p~6p) | The Pueblo Affair: from the office of Senator Everett Mckinley Dirksen (7p~9p) | [NY Times, 6/12/68, Washington dateline: Pueblo] (10p~10p) | [Issue of the day: Remember the Pueblo] (11p~12p) | Horton calls for action on Pueblo cites 100 days of crew’s captivity: from the office of Congress Frank Horton (13p~13p) | [Vander Jagt’s Views] (14p~14p) | [Memo] Pueblo (15p~15p) | [Congressional Record: A new policy for U.S. Territorial waters] (16p~17p) | [L.A. Times-washington Post: Pueblo Accord Rumored Near] (18p~18p) | [News: Pueblo incident] (19p~20p) | [Pueblo] (21p~21p) | [Horton warns: Countdown on Pueblo is getting far too long] (22p~22p) | [House passes Horton-sponsored Bill to naturalize alien combat veterans: From the office pf congressman Frank horton] (23p~23p) | [Daily news record: The Pueblo: Face and the Credibility Gap] (24p~24p) | [UPI-Korea] (25p~26p) | [The Public Pulse: Disputes Rep. Ford’s View on Soviet Role in N. Korea] (27p~28p) | [Washington Report: The Pueblo incident: Communist aggression in North Asia: Feb 12, 1968] (29p~32p) | [Carl T. Rowan: N-War Threat Makes Us Vulnerable in Korea] (33p~33p) | [Daily news digest: Washington: Feb 14, 1968] (34p~35p) | Turn in Pueblo Incident Rocks Lawmakers from Charges Administration Seems Set to ‘Confess’ Violation (36p~36p) | [Issue of the Day: Backing water on the Pueblo] (37p~37p) | The Wall street Journal: A scolding from the Schoolmaster: Feb 2, 1968 (38p~38p) | [Memo] Pueblo incident (39p~39p) | Flash: Washington--Johnson orders call up of certain AORXXX air force and naval air reserve units (40p~43p) | [The Pueblo incident: Communications Gap Blamed] (44p~44p) | [Communications Snag Key to Pueblo Mess] (45p~45p) | [UPI-Pueblo incident] (45p~50p) | [Congressional Record: Extensions of Remarks] (51p~52p) | [Pueblo incident: Jan 23, 1968] (53p~53p) | [UPI-Korea: Korea, Laos, Nuclear Weapons] (54p~55p) | [Congressional Record: Extensions of Remarks] (56p~57p) | [UPI-Korea: Nixon] (58p~58p) | [Air Force/Space Digest: The code and the Pueblo- Some Questions and Answers (59p~62p) | Statement of John H. Chafee: may 6, 1969 (63p~69p) | UPI-President Nixon met with Secretary of State Rogers and Defense secretary laird at the white house this afternoon... (70p~71p) | North Korea: Mr. Sato told the House of Representatives that reconnaissance flights were “necessary”… (72p~72p) | UPI-Meantime, Republican and Democratic House members demanded… (73p~82p) | Korea: Ny Times, 6/1/72, Washington dateline (83p~84p)"
usa2-포드-16,Korea-United States Interparliamentary Conference,,포드대통령도서관,1971,"Gerald R. Ford Congressional Papers ▹ Board, Commission and",PZA0002300,7,"참석 의원명단, 참석을 부탁하는 의원들의 개인 서신 등 1971년 한미의회 합동컨 퍼런스 관련 자료","Note for the File: South -Korea U.S. Interparliamentary conferrence, Aug 6-21, 1971 (1p~3p) | Letter from Seymour Halpern to Gerald R. Ford: Aug 2, 1971 (4p~4p) | Letter from Gerald R. Ford to Seymour Halpern: Jul 27, 1971 (5p~5p) | Letter from Seymour Halpern to Gerald R. Ford: Jul 26, 1971 (6p~6p) | [Memorandum] from Jo Wilson to Mr. Ford: Requests for special assignments (7p~8p) | Letter from Wendell Wyatt to Jo Wilson: Nov 1, 1973 (9p~9p) | Letter from Wendell Wyatt to John J. Rhodes: Nov 29, 1973 (10p~10p) 078 대통령기록관 해외기록물 수집목록집"
usa2-포드-17,Vice President - Responses to Congratulatory Messages,,포드대통령도서관,1973,Gerald R. Ford Vice Presidential Papers ▹ John Marsh’s Subject Files,PZA0002301,1,포드의 부통령 취임 축하전문에 대한 답신 관련 자료,Memorandum for major general John M. Dunn: Congratulatory Messages - Republic of Korea (1p~8p) <첨부1> Suggested cable to President Park <첨부2> Suggested cable to Prime Minister Kim <첨부3> Note from Korean Embassy
usa2-포드-18,"Vice Presidential Meetings with Foreign and Diplomatic Officials,",,포드대통령도서관,1974,7/74-8/74 Gerald R. Ford Vice Presidential Papers ▹ John Marsh’s Files on Vice,PZA0002302,1,1974년 8월 미국을 방문한 일본의원단과 포드 부통령간의 한국 정치상황에 대한 질의응답을 정리한 문서,Memorandum of Conversation: Visit of Japanese Politicians (1p~5p)
usa2-포드-19,Asia,,포드대통령도서관,1974,James B. Shuman Files ▹ James Shuman’s Publications and News,PZA0002303,1,워싱턴의 라디오방송국에서 주미대사 함병춘과 나눈 한국의 정치상황에 대한 대 담 녹취록,"Overseas Mission: Seo 4, 1974 (1p~11p)"
usa2-포드-20,"Bennett, Jack (Treasury Department)",,포드대통령도서관,1974 ~ 1977,L. William Seidman Files ▹ William Seidman’s Name Files,PZA0002304,6,포드대통령의 방한을 준비하기 위해 재무부에서 준비한 한국경제 관련 자료(한미 간 통상현안에 대한 정리와 한미간 입장 정리),"[Withdrawal Sheet index] Bennett, Jack (Treasury Department) (1p~1p) | Memorandum for Messers. Scowcroft and Seidman: Nov 13, 1974 (2p~2p) | Memorandum for the President: Your Meeting with Korean President PARK (3p~5p) | [Gerald R. Ford Library-This form marks the file location of item number…] (6p~6p) | PL 480 Shipments for Korea in Arrears (7p~8p) | Korean wish to borrow more from IMF OIL facility (9p~9p) | Possible financial default of Asian textile mills on contracts held by U.S. cotton merchants (10p~11p) 080 대통령기록관 해외기록물 수집목록집"
usa2-포드-21,"Habib, Philip C. (State Department)",,포드대통령도서관,1974 ~ 1977,L. William Seidman Files ▹ William Seidman’s Name Files,PZA0002305,4,1975년 한미 섬유산업 통상마찰 해결을 위한 노력과 해법에 관해 백악관에 보고 한 메모,"[Withdrawal Sheet index] Habib, Philip C. (State Department) (1p~1p) | [Memorandum] from Philip C. Habib to L Wiliam Seidman, Assistant to the President for Economic Affairs: Cotton Contracts - Korea (2p~2p) | [Memorandum] from Philip C. Habib to L Wiliam Seidman, Assistant to the President for Economic Affairs: Cotton Contracts (3p~5p) | [Gerald R. Ford Library-This form marks the file location of item number…] (6p~6p)"
usa2-포드-22,"Schlesinger, James - Speeches, Interviews, and",,포드대통령도서관,1973 ~ 1976,"Press Conferences, 1973-76 (4)-(9) Martin R. Hoffmann Papers ▹ General Subject Files",PZA0002306,11,"월남전 직후 미국의 대북한정책에 관한 질의응답 및 1975년 슐레진저 국방장관의 한,일 방문 기자간담회 등 관련 자료","Secretary of Defence James R. Schlesinger Interviewed by Newsman Aug 22, 1975 (1p~2p) | Secretary of Defence James R. Schlesinger Interviewed by Newsman Aug 22, 1975, 3:15 p.m. (3p~3p) | Statement by Secretary of Defence James R. Schlesinger during welcoming ceremonies... (4p~4p) | Remarks by Secretary of Defence James R. Schlesinger at dinner… (5p~6p) | Statement by Secretary of Defence James R. Schlesinger to U.S. 2nd Infantry Division, … (7p~7p) | News briefing by Secretary of Defence James R. Schlesinger U.S. ambassador’s residence Tokyo, japan Friday, Aug 29, 1975 (8p~14p) | News conference by Secretary of Defence James R. Schlesinger Imperial hotel, Tokyo, japan Friday, Aug 29, 1975 (15p~22p) | Secretary of Defence James R. Schlesinger Interviewed on ABC-TV “Issues and Answers” by Robert clark, … (23p~29p) | News conference with Secretary of Defence James R. Schlesinger at the Pentagon Friday, Jun 20, 1975 - 1200 NOON (EDT) (30p~42p) | Secretary of Defence James R. Schlesinger Interviewed on ABC-TV --Issued and answers Sunday, May 18, 1975 (43p~50p) | Secretary of Defence James R. Schlesinger Interviewed by Newsman Andrew Air Force Base Upon Departure for DPC Meeting Brussels, … (51p~51p)"
usa2-포드-23,2/13/76 - Armed Forces Staff College,,포드대통령도서관,1976,Martin R. Hoffmann Papers ▹ Speech Files,PZA0002307,1,미군의 전략에서 해외주둔이 차지하는 역할이나 의미에 대한 연설문으로 주한미 군이 주요 사례로 제시,"Address by honorable Martin R. Hoffmann Secretary of the Army to the Armed forces staff college 13 Feb, 1976 (1p~17p) 082 대통령기록관 해외기록물 수집목록집"
usa2-포드-24,2/13/76 - Armed Forces Staff College,,포드대통령도서관,1976,Martin R. Hoffmann Papers ▹ Speech Files,PZA0002308,1,8·18 판문점 도끼만행사건 관련 연설 자료,Notes for remarks by the honorable Martine R. hoffmann Secretary of the Army to the Princeton club… (1p~11p)
usa2-포드-25,2/13/76 - Armed Forces Staff College,,포드대통령도서관,1971,Melvin R. Laird Papers ▹ Secretary of Defense Public Statements,PZA0002309,1,1972년도 해외 원조 및 관련 프로그램 예산안에 관한 미의회 예결위 소위 청문 회 회의록 중 미국의 주한미군 감축안에 관한 내용 및 Melvin Laird 국방장관의 1971년 한국 방문시 발표한 성명 등 언론 보도자료,Foreign Assistance and related programs appropriations for fiscal year 1972 (1p~27p)
usa2-포드-26,"Baroody, Ambassador Jamil M. (3)",,포드대통령도서관,1971,Melvin R. Laird Papers ▹ Department of Defense Name Files,PZA0002310,2,1971년 제26차 유엔총회 전체회의 보도자료(한국주둔 외국군의 철수 및 남북한 통일 등의 의제 채택 관련 등),"Press release GA/4412: Twenty-sixth General Assembly General committee, 193rd Meeting (PM) (1p~6p) | Press release GA/4412: Twenty-sixth General Assembly General committee, 192nd Meeting (PM) (7p~8p)"
usa2-포드-27,Pueblo Incident,,포드대통령도서관,1968,Melvin R. Laird Papers ▹ Congressional Subject Files,PZA0002311,2,푸에블로호사건 관련 북한측 보도자료 등,Representative Laird charged Thursday that the Johnson Administration has been warned… (1p~2p) | Infiltration of Boats from South Denounced (3p~7p) 084 대통령기록관 해외기록물 수집목록집
usa2-포드-28,Historical Project - Other Subjects(2),,포드대통령도서관,1969,Melvin R. Laird Papers ▹ Department of Defense Subject Files,PZA0002312,3,푸에블로호사건 관련 Melvin Laird 국방장관 보고자료(비공개),"[Withdrawal Sheet] Re Korean attack on U.S. aircraft (1p~1p) | [Withdrawal Sheet] Re Resumptions of reconnaissance (2p~2p) | Memorandum for Director, Defense Reserch and Engineering: 25 Apr, 1968 (3p~3p)"
usa2-포드-29,"Nixon Doctrine, 1969-1971(2)",,포드대통령도서관,1969 ~ 1971,Melvin R. Laird Papers ▹ Department of Defense Subject Files,PZA0002313,3,닉슨독트린이 아시아 국가에 미칠 영향에 관한 후버연구소 보고서,"Letter from Y.L. Wu to William J. Baroody, Jr.: 11 Feb, 1971 (1p~1p) | Summary of findings based on interviews conducted in countries bording on the pacific during Dec 1970-Jan 1971 by Y.L. Wu (2p~48p) | [Memo] for Bill (49p~49p)"
usa2-포드-30,"Packard, David - Press Conferences, 1969-70",,포드대통령도서관,1969 ~ 1970,Melvin R. Laird Papers ▹ Department of Defense Subject Files,PZA0002314,4,David Packard 국방부 차관의 한미국방부 장관 연례회의 참석 관련 기자회견 및 언론브리핑 자료,"News conference with Hon David Packard (1p~7p) | News release: Memorandum for Correspondents: 12 Jun, 1969 (8p~9p) | Press Briefing with Deputy Secretary of Defense (10p~25p) | News conference with DepSec David Packard (26p~33p)"
usa2-포드-31,"Selected Statements, July-Dec. 1969 (2)",,포드대통령도서관,1969,Melvin R. Laird Papers ▹ Department of Defense Subject Files,PZA0002315,1,미 국방부 당국자들의 한국 관련 발언 정리,[Korea- North Korean Aggressive Acts/ ROK Strength/ US Policy] (1p~2p) 086 대통령기록관 해외기록물 수집목록집
usa2-포드-32,"Selected Statements, Jan -Jun 1970 (2)",,포드대통령도서관,1970,Melvin R. Laird Papers>Department of Defense Subject Files,PZA0002316,1,미 국방부 당국자들의 한국 관련 발언 정리,[Korea- North Korean Aggressive Acts/ ROK Military Strength vs North Korea] (1p~1p)
usa2-포드-33,"Selected Statements, Jul -Dec. 1970 (1)",,포드대통령도서관,1970,Melvin R. Laird Papers ▹ Department of Defense Subject Files,PZA0002317,3,미 국방부 당국자들의 주한미군 철수 관련 발언 정리,Foreign Policy - Reduced Overseas Presence (1p~3p) | Korea - Force Modernization (4p~7p) | Korea - US Troop Withdrawals (8p~11p)
usa2-포드-34,"Selected Statements, Jan -Jun, 1971 (1)",,포드대통령도서관,1971,Melvin R. Laird Papers ▹ Department of Defense Subject Files,PZA0002318,1,미 국방부 당국자들의 한국 관련 발언 정리,Korea - North Korean Military Capability & Intentions (1p~1p)
usa2-포드-35,Statements Before Congress (7),,포드대통령도서관,1969 ~ 1970,Melvin R. Laird Papers ▹ Department of Defense Subject Files,PZA0002319,1,Melvin Laird 국방장관이 외교워원회에서 발언한 1971년 한국 포함 해외원조안 에 대한 성명,Statement of honorable Melvin R. Laird Secretary of Defense… (1p~10p) 088 대통령기록관 해외기록물 수집목록집
usa2-포드-36,Defense Program Review Committee - National Security,,포드대통령도서관,1970,"Interests and Commitments Study, 6/26/70 Melvin R. Laird Papers ▹ Department of Defense Subject Files",PZA0002320,1,북한 상황에 대한 평가와 대처방안 등 미국 국가안보의 위협요소에 관한 보고서,National Security interests and commitments study for the defense program review committee (1p~14p)
usa2-포드-37,"Vietnam, 1969-1973, Documents 452-453",,포드대통령도서관,1969 ~ 1973,Melvin R. Laird Papers ▹ Department of Defense Subject Files,PZA0002321,1,월남에 주둔 중인 한국군의 철수 혹은 향후 계획에 대한 문서,"Memorandum from Jeanne W. Davis to Under Secretary of State John N. Irwin, Ⅱ: Jun 18, 1971 (1p~11p) <첨부> Republic of Korea Forces in Viet-Nam (ROKFV)"
usa2-포드-38,"Vietnam, 1969-1973, Documents 518-520",,포드대통령도서관,1969 ~ 1973,Melvin R. Laird Papers ▹ Department of Defense Subject Files,PZA0002322,1,국방부 당국자간의 회동에서 나눈 한국 관련 내용을 정리한 보고,Memorandum for the Record: Vietnamization Meeting with Secretary Laird (1p~3p)
usa2-포드-39,Secretary of Defense Correspondence - White House (2),,포드대통령도서관,1969 ~ 1972,,PZA0002323,2,Allen Ellendar 상원의원이 박정희대통령에게 보낸 서신(미국의 한국지원 약속에 대한 확인),"Letter from Allen J. Ellender to Chung Hee Park: Jun 13, 1972 (1p~2p) | [Withdrawal Sheet] Cable from Robert Pursley to Daniel J. Murphy: bilateral planning with Republic of Korea (3p~3p) 090 대통령기록관 해외기록물 수집목록집"
usa2-포드-40,Debate Working Papers- Second Debate 10/6/76,,포드대통령도서관,1976,Melvin R. Laird Papers>Department of Defense Subject Files,PZA0002324,2,미국 대통령후보 토론을 위해 준비한 한국 관련 Q&A자료,Korea (1p~1p) | Rebuttal on Korea(2p~2p)
usa2-포드-41,"LIG Meeting, CHRON File 5/72-7/73",,포드대통령도서관,1972 ~ 1973,Legislative Interdepartmental Group Files,PZA0002325,1,국무부가 포드 대통령에게 보고한 일일메모(북한의 WHO 가입),Memorandum from Kenneth Rush to the President: Evening Report (1p~2p)
usa2-포드-42,"LIG Meeting, CHRON File 8/74-10/74",,포드대통령도서관,1974,Legislative Interdepartmental Group Files,PZA0002326,1,국무부의 주간 의회 관련 보고(한국인권청문회 개최),[Memorandum] from Linwood Holton to Wiiliam E. Timmons: Weekly Legislative Report (1p~3p)
usa2-포드-43,"LIG Meeting, Aug 19, 1974",,포드대통령도서관,1974,Legislative Interdepartmental Group Files,PZA0002327,1,헨리 키신저가 포드 대통령에게 보고한 의회 관련 보고,Memorandum from Henry A. Kissinger to the President: Congressional Committee Action (1p~3p) 092 대통령기록관 해외기록물 수집목록집
usa2-포드-44,"LIG Meeting, Dec 3, 1974",,포드대통령도서관,1974,Legislative Interdepartmental Group Files,PZA0002328,1,대외원조와 관련하여 헨리 키신저에게 보고한 문서,Memorandum from Richard T. Kennedy to Secretary Kissinger: Foreign Assistance Legislation (1p~2p)
usa2-포드-45,"LIG Meeting, Dec 9, 1974",,포드대통령도서관,1974,Legislative Interdepartmental Group Files,PZA0002329,1,의회에 계류중인 해외원조 및 군비 예산안 관련 메모(한국에 대한 군사원조 감축 안 포함),"Memorandum from Richard T. Kennedy to William Timmons: LIG Meeting, December 9, 1974 (1p~4p)"
usa2-포드-46,Japan (3),,포드대통령도서관,1974,National Security Council East Asian and Pacific Affairs Staff Files ▹,PZA0002330,7,한반도의 무력충돌시 일본정부의 동의없이 주일미군의 군사력을 사용하는 문제에 관한 보고,Memorandum from W. R. Smyser to Secretary Kissinger: Use of U.S. Bases in Japan in the Event of Aggression in Korea (1p~3p) | Memorandum from Henry Kissinger to the President: Use of U.S. Bases in Japan in the Event of Aggression in Korea (4p~5p) | Memorandum for the Deputy Secretary of State: Use of U.S. Bases in Japan in the Event of Aggression in Korea (6p~6p) | Memorandum for the Assistant to the President for National Security Affairs… (7p~10p) | National Security Decision Memorandum [NSDM 251] … (11p~12p) | Minute (13p~14p) | Sato Unilateral Statement (15p~15p) 094 대통령기록관 해외기록물 수집목록집
usa2-포드-47,Korea (1),,포드대통령도서관,1973,National Security Council East Asian and Pacific Affairs Staff Files ▹,PZA0002331,4,한국군 현대화계획(NSDM 227) 및 미국의 지원방안 등에 관한 보고(비공개),[Withdrawal Sheet] Report: Report of Korea Force Modernization Interagency Steering Group (1p~2p) | [Withdrawal Sheet] Report: Korean Force Requirements Study (3p~4p) | [Withdrawal Sheet] Report: The Future of Military Assistance to Korea (5p~6p) | [Withdrawal Sheet] Report: Economic Analysis of ROK and Capability to Pay Defense Costs (7p~7p)
usa2-포드-48,Korea (2),,포드대통령도서관,1973,National Security Council East Asian and Pacific Affairs Staff Files ▹,PZA0002332,9,"한국군 현대화계획(NSDM 227) 및 미국의 대한반도정책, 예산지원 방안 등에 관 한 보고","[Withdrawal Sheet] Memorandum from Phil Odeen to Dr. Kissinger: SRG Discussion of Korean Modernization Plan (1p~1p) | [Withdrawal Sheet] Talking paper: Talking Points: Korean MOD Plan Study SRG - June 13, 1973 (2p~2p) | Memorandum for the Secretary of State/ The Secretary of Defense: U.S. Policy Toward the Korean Pennisula (3p~4p) | Memorandum from Phil Odeen to Henry Kissinger: DOD Reclama on NSDM 227 ( Korean Modernization Plan) (5p~6p) | Memorandum for the Secretary of Defense: Korean Modernization Plan (NSSM 227) (7p~8p) | Memorandum for the Assistant to the President for National Security Affairs: The Korean Modernization Plan (NSDM 227) (9p~10p) | Memorandum for Mr. Henry A. Kissinger: National Security Decision Memorandum 227 [NSDM 227] (11p~12p) | National Security Decision Memorandum [NSDM 227] to the Secretary of Defense/ The Deputy Secretary of State: Korean Force Modernization Plan (13p~14p) | [Withdrawal Sheet] Report: Report of Korea Force Modernization Interagency Steering Group (15p~15p)"
usa2-포드-49,Korea (3),,포드대통령도서관,1973 ~ 1974,National Security Council East Asian and Pacific Affairs Staff Files ▹,PZA0002333,21,주한 유엔군사령부 철수 및 영국의 대북 외교관계 정상화 계획에 대한 논의 보고 등,"Memorandum for Mr. Donald G. Maccdonald: PL-480 for Korea (1p~1p) | Draft cable to AM EMBASSY Seoul for Adler from Macdonald: Korea PL-480 Programs (2p~3p) | Memorandum from W. R. Smeyser to Secretary Kissinger: U.K. Plans to Expand Relations with North Korea (4p~5p) | Asian Countries (6p~6p) | Western European Countries (7p~7p) | Memorandum from W. R. Smeyser to Secretary Kissinger: Your Meeting with South Korean 096 대통령기록관 해외기록물 수집목록집 Foreign Minister Kim on March 20, 1974 at :00 p.m. (8p~9p) | Memorandum from EA - robert S. Ingersoll to the Secretary: Your Meeting with ROK Foreign Minister Kim Wednesday, March 20-6:00 pm (10p~15p) | [Withdrawal Sheet] Biography: Republic of Korea Official (16p~16p) | [Withdrawal Sheet] Biography: Republic of Korea Official (17p~17p) | [Withdrawal Sheet] Memorandum from W. R. Smyser to Secretary Kissinger: NSSM 190: Diplomatic Initiatives in Korea (18p~18p) | [Withdrawal Sheet] Memorandum from Henry A. Kissinger to the President: Negotiations on Terminating the United Nations command in Korea (19p~20p) | National Security Decision Memorandum to the Secretary of Defense/ The Deputy Secretary of State: Termination of the U.N. Command in Korea (21p~25p) | [Withdrawal Sheet] Memorandum: Diplomatic Initiatives in Korea (26p~26p) | [Withdrawal Sheet] Memorandum for Assistant to the President for National Security Affairs: Diplomatic Initiatives in Korea (27p~28p) | [Withdrawal Sheet] Report: Assigned ROK, US, and Katusa Strengths as of 31 December 1973 (29p~30p) | [Withdrawal Sheet] Memorandum from W. E. Colby to The President: Diplomatic Initiatives in Korea; NSSM -190 (31p~31p) | Memorandum for the President: Diplomatic Initiatives in Korea; NSSM -190 (32p~33p) | [Withdrawal Sheet] Memorandum from Fred C. Ikle to Henry Kissinger:vDiplomatic Initiatives in Korea; NSSM -190 (34p~35p) | [Withdrawal Sheet] Memorandum: NSSM 171 Followo On -- Analysis of the Role of the Army Division in Korea (36p~37p) | Memorandum for Major general Brent Scowcroft: Strategy and Forces for Asia - NSSM 171 (38p~39p) | [Withdrawal Sheet] Report: US Force Structure in South Korea (40p~40p)"
usa2-포드-50,Korea (4),,포드대통령도서관,1974,National Security Council East Asian and Pacific Affairs Staff Files ▹,PZA0002334,14,"주한 유엔군사령부 철수문제, 1974년 북한군의 전진배치 및 긴장고조 상황에 관 한 보고 등","Memorandum from John A. Froebe, Jr. to Secretary Kissinger: proposed Letter from the President to the South Korean President… (1p~1p) | Memorandum from Henry A. Kissinger to the President: Proposed Letter from you to the President of South Korea… (2p~3p) <첨부> Letter for Chung Hee Park | [Memo]from Rose Mary Woods to Henry Kearns (4p~4p) | Letter from Henry to Rose: Mar 14, 1974 (5p~7p) <첨부> Letter from Henry to Rose: Mar 14, 1974 | [Withdrawal Sheet] Memorandum from W.R. Smyser to Secretary Kissinger: Reclame on Two Issues in NSSM 190: Diplomatic Initiatives in Korea (8p~8p) | [WithdrawalSheet]Memorandum from HenryA. Kissinger to the President: Negotiations on Terminating the United Nations Command in Korea (9p~9p) | National Security Decision Memorandum [NSDM] to The Secretary of Defense: Termination of the U.N, Command in Korea (10p~11p) | [WithdrawalSheet] Memorandum from HenryA. Kissinger to the President: Negotiations on Terminating the United Nations Command in Korea (12p~12p) | National Security Decision Memorandum [NSDM] to The Secretary of Defense: Termination of the U.N, Command in Korea (13p~14p) | [Withdrawal Sheet] Memorandum to Secretary Kissiger: The Korean situation: Moving on the U.N. Command in the wake of the UNGA Debate (15p~15p) | Korea: DPRK proposed direct peace talks with United States (16p~17p) | Memorandum for the Rocord: PL-480 Illstrative Country Distribution for AID Congressional (18p~18p) | North Korean Military Forces: Gradual Growth (19p~24p) 098 대통령기록관 해외기록물 수집목록집 | National Security Decision Memorandum 251 [NSDM 251] to The Secretary of Defense: Termination of the U.N, Command in Korea (25p~26p)"
usa2-포드-51,Korea (5),,포드대통령도서관,1974,National Security Council East Asian and Pacific Affairs Staff Files ▹,PZA0002335,14,"주한 유엔군사령부 철수와 관련해 한국정부와의 협상방안 및 협상전략에 관한 보 고, 닉슨대통령 영애의 한국방문 관련 서신 등","Memorandum from W. R. Smyser to General Scowcroft: UNC Termination (1p~10p) <첨부> Tab A: Discussions with ROKG on UN Command, Tab B: UNC Termination | Telegram to Seoul: Discussions with ROKG on UN command (11p~14p) <첨부> LDX Message Receipt: Telegram to Seoul re Discussions with ROKG on UN Command | Memorandum from W. R. Smyser to General Scowcroft: UNC Termination (15p~19p) <첨부> Tab B: UNC Termination | Telegram from SECSTATE WashDC to RUEHCK/ AMEMEBASSY Seoul: Discussions with ROKG on UN Command (20p~22p) | Memorandum from Brent Scowcroft to Julie Nixon Eisenhower: Invitation to you from the President of People-to-People/ Korea (23p~24p) <첨부> Letter to PH.D. L LD | Memorandum from W. R. Smyser to General Scowcroft: Invitation to Mrs. Julie Nixon Eisenhower to visit Korea (25p~26p) | Memorandum from George S. Springsteen to Major General Brent Scowcroft: Invitation to Mrs. Julie Nixon Eisenhower (27p~27p) | Telegram from AMEMBASSY Seoul to SECSTATE WashDC: Attendance of Mrs. Julie Nixon Eisenhower at people-to people conferrence (28p~28p) | Letter from Sanguine You, PH D. LL. D. to Mrs. Eisenhower: Jan 25, 1974 (29p~29p) | Memorandum from Susan Porter to Jeanne Davis: Feb 26, 1974 (30p~30p) | Memorandum from W. R. Smyser to General Scowcroft: Termination on UN Command in Korea (31p~35p) <첨부> discussions on UN Command | Telegram from AMEMBASSY Seoul to SECSTATE WashDC: Discussion with Fonmin on UN Command (36p~40p) | Telegram from SECSTATE WashDC to RUEHCK/ AMEMEBASSY Seoul: Discussions with ROKG on UN Command (41p~43p) | Memorandum from W. R. Smyser to Brent Scowcroft: Why We Belabor the obvious on Korea (44p~45p)"
usa2-포드-52,Korea (6),,포드대통령도서관,1974,National Security Council East Asian and Pacific Affairs Staff Files ▹,PZA0002336,29,"1974년 민복기 대법원장의 미국 방문, 한국군과 록히드(Lockheed)사 간의 협력 방안, 한국정부의 전투기구매 요청, 포드대통령 내외 방한 등","Memorandum from W. R. Smyser to General Scowcroft: Call on the Vice president by Korean Chief Justice Min (1p~2p) <첨부> Memorandum from jeanne W. Davis for General Scowcroft: Call on the Vice president by Korean Chief Justice Min | Memorandum from George S. Springsteen to Major General Brent Scowcroft: Call on the Vice president by Korean Chief Justice Min (3p~4p) <첨부> [Withdrawl Sheet [Biography: Public of Korea Official]] | Memorandum from David M. Ransom to Richard T. Kennedy: Korea (5p~13p) <첨부> IASG Meeting on ROK Forces Modernization Program | Telegram from AMEMBASSY Seoul to SECSTATE WashDC: LOCKHEED Aircraft Assistance to ROK Defense Industry (14p~16p) | Telegram from AMEMBASSY Seoul to SECSTATE WashDC: ROK Defense procurement: Implication for us policy (17p~21p) 100 대통령기록관 해외기록물 수집목록집 | Telegram from AMEMBASSY Seoul to SECSTATE WashDC: Outstanding military assistance/ military procurement issues (22p~25p) | Memorandum for George S. Springteen: Call on the Vice President by Korean Chief Justice (26p~26p) | Memorandum for John Marsh: Call on the Vice President by Korean Chief Justice (27p~27p) | Memorandum from W. R. Smyser to General Scowcroft: Call on the Vice President by Korean Chief Justice (28p~28p) | Telegram from AMEMBASSY Seoul to SECSTATE WashDC: ROK Defense procurement: Implication for us policy (29p~33p) | Memorandum for George S. Springteen: Reply to Letter for Korean National Assemblyman (34p~35p) | DPRK Deputy Premier attack ROK-U.S. obstruction of Reunification (36p~40p) | Memorandum from W. R. Smyser to General Scowcroft: Proposed Sale of F-4 Squardron to Republic of Korea (41p~44p) <첨부> F-4E Aircraft for ROK | National Security Decision Memorandum 227 [NSDM 227] to The Secretary of State: Korean Force Modernization Plan (45p~46p) | Memorandum for the Secretary of State: U.S. Policy Toward the Korean Pennisula (47p~48p) | Telegram from AMEMBASSY MOSCOW to SECSTATE WashDC: Soviet views on Korea (49p~50p) | National Security Decision Memorandum 262 [NSDM 262] to The Secretary of Defense: Use of U.S. Bases in Japan in the Event of Aggression against South Korea (51p~51p) | [Withdrawal Sheet] Memorandum from John E. Nidecker to General A. M. Haig, Jr: US-Republic of Korea Relations (52p~52p) | [Withdrawal Sheet] Letter from Philip C. Habib to John E. Nidecker: Special Assistant to the President (53p~53p) | [Withdrawal Sheet] Letter from John E. Nidecker to the honorable Pfilip C. Habib: US-Republic of Korea relations (54p~54p) | [Withdrawal Sheet] Letter from John E. Nidecker: US-Republic of Korea relations (55p~55p) | Memorandum from John A. Froebe, Jr to General Scowcroft: South Korean Ambassador Requests to Call on the vice President (56p~57p) <첨부> Memorandum from Jeanne W. Davis to Marsh: South Korean Ambassador’s Request to Call on the Vice President | Memorandum from John A. Froebe, Jr to General Scowcroft: your Meeting with Ambassador Sneider on September 12, 1974 at 2:30 p.m. (57p~60p) | Memorandum from Jeanne W. Davis to Elliott: Proposed Reply to Mr. Darrell C. Schroeder Responding to Your Letter on South Korea (61p~62p) <첨부> Letter from Roland L. Elliott to Darell C. Schroeder | Memorandum from John A. Froebe, Jr to General Scowcroft: your Meeting with Ambassador Sneider on September 12, 1974 at 2:30 p.m. (63p~65p) | Memorandum from W. R. Smyser to Secretary Kissinger: Proposed Reply from the President to South Korean President Park Chung Hee Accepting His Invitation for the President to visit South Korea following his japan visit (66p~66p) | Memorandum from Henry A. Kissinger to the President: Proposed Reply from the President to South Korean President Park Chung Hee Accepting His Invitation for the President to visit South Korea following his japan visit (67p~70p) <첨부1> Letter from Gerald R. Ford to Park Chung Hee: Oct 1, 1974 <첨부2> Letter from Park Chung Hee to Gerald R. Ford: 1974.9.10 | Memorandum from W. R. Smyser to Secretary Kissinger: Memorandum of Your Conversation with Foreign Minister Kim Dong-jo, September 27, 1974 (71p~74p) <첨부> Memorandum of conversation: U.S. -Korean Relations | Memorandum from John A. Froebe, Jr to Mr. Davis: Declassification of 1949-50 Korean Papers (75p~76p)"
usa2-포드-53,Korea (7),,포드대통령도서관,1974,National Security Council East Asian and Pacific Affairs Staff Files ▹,PZA0002337,32,"미국의 대한(對韓)군사원조 계획, 포드대통령 한국 방문 준비, 한국 인권문제에 대 해 포드대통령의 개입을 요청하는 한국 거주 미국인들의 탄원서, 캐나다 핵 발전 시설의 한국 판매, 북한의 땅굴 등 보고","[Withdrawal Sheet] Memorandum from W. R. Smyser to Secretary Kissinger: Proposed NSSM on U.S. Military Assistance to South Korea (1p~1p) | Memorandum from Henry A. Kissinger to the President: Proposed NSSM On U.S. Military Assistance to South Korea (2p~2p) 102 대통령기록관 해외기록물 수집목록집 | National Security Decision Memorandum [NSDM] for the Secretary of Defense: U.S. Security Assistanceto the Republic of Korea (3p~4p) | [Withdrawal Sheet] Telegram from CINCPACREP GUAM: US-Republic of Korea Relations (5p~5p) | National Security Decision Memorandum [NSDM] to the Secretary of Defense: U.S. Security Assistanceto the Republic of Korea (6p~7p) | Memorandum from W. R. Smyser to Secretary Kissinger: The President’s Trip to Korea (8p~8p) | Memorandum from Henry A. Kissinger to the President: Your visit to Korea (9p~11p) | Memorandum for Lieutenant General Brent Scowcroft: Planning for the President’s Visit to Korea (12p~15p) | [Withdrawal Sheet] Memorandum from Jeanne W. Davis to Secretary Kissinger: Talker for Meeting with Secretary Schlesinger, Oct 22 (16p~16p) | [Withdrawal Sheet] Memorandum: Long - Term US Military Force Levels in Thailand (FY 1976 and Beyond) (17p~17p) | Memorandum for Thomas J. Bigley: Comments on DOD Memorandum Entitled “Long - Term US Military Force Levels in Thailand” (FY 1976 and Beyond) (18p~19p) | National Security Decision Memorandum [NSDM] to the Secretary of Defense: U.S. Deployment in Thailand (20p~21p) | [WithdrawalSheet]MemorandumfromJ.R.SchlesingertoSecretariesoftheMilitaryDepartmentatal :FY74-SOPlanningGuidance... (22p~22p) | [Withdrawal Sheet] Memorandum from J.R. Schlesinger to Assistant to the President for National Security Affairs: U.S. Deployments in Thailand (23p~23p) | [Withdrawal Sheet] Memorandum from J.R. Schlesinger to Assistant to the President for National Security Affairs: Carrier Alert Posture in Southeast Asia (24p~24p) | Memorandum for the Secretary of Defense: U.S. Deployments in Thailand (25p~26p) | Memorandum for the Deputy Secretary Secretary of Defense: Reduction in Manpower Authorization, Joint U.S. Military Advisory Group, Korea (27p~27p) | Memo from Warren Rustand for Jeanne Davis: Nov 4, 1974 (28p~36p) <첨부> Letter for Mr. Gerald R. Ford: Oct 11, 1974 | Memorandum from John A. Froebe, Jr to General Scowcroft: Request by eight Congressmen to Call on the President… (37p~38p) | Letter from William E. Timmons: Oct 25, 1974 (39p~39p) | Letter for the President: Oct 24, 1974 (40p~41p) | Memorandum from John A. Froebe, Jr to General Scowcroft: Preparation for the President’s Japan and South Korean Visits (42p~42p) | [Withdrawal Sheet] Memorandum from brent Scowcroft: Preparation for the President’s Japan and South Korean Visits (43p~43p) | Memorandum from John A. Froebe, Jr to General Scowcroft: Briefing Material for Counsellors Hartmann and Rumsfeld (44p~44p) | [Withdrawal Sheet] Memorandum from David Elliott: Sale of Canadian Nuclear Reactor to South Korea (45p~45p) | [Withdrawal Sheet] Intelligence Report: Canada and South Korea (46p~46p) | Memorandum from Jeanne W. Davis to Mr. Elliott: Suggested Reply to Mr. LeRoy Brown… (47p~48p) <첨부> Letter from Ronald L. Elliott to Leroy Brown | [Withdrawal Sheet] Memorandum from J.A. Froebe to W.R. Smeyer: North Korean Tunneling (49p~49p) | Talking Points for the President on his visit to Korea (50p~50p) | Memorandum from W. R. Smeyer to Secretary Kissinger: My Meeting with American Missionaries in Korea (51p~51p) | Memorandum from Henry A. Kissinger to the President: Meeting of the American Missionaries in Korea with a Member of the NSC Staff (52p~53p) | Memorandum for George S. Springteen: Presidential Message to President Park (54p~55p) <첨부> Telegram to AMEMBASSY Seoul"
usa2-포드-54,Korea (8),,포드대통령도서관,1974,National Security Council East Asian and Pacific Affairs Staff Files ▹,PZA0002338,13,"한국군 현대화계획의 배경, 전략 및 예상결과 등에 관한 보고","Memorandum from John A. Froebe, Jr to Mr. Smyser: Proposed Thank you Notes to Embassies Tokyo and Seoul (1p~1p) 104 대통령기록관 해외기록물 수집목록집 | National Security Decision Memorandum 282 [NSDM 282] to the Secretary of Defense: Korean Force Modernization Plan (2p~3p) | Memorandum from Richard T. Kennedy to Secretary Kissinger: Future U.S. Military Assistance to South Korea (4p~9p) | Memorandum from Henry A. Kissinger to the President: Future U.S. Military Assistance to South Korea (10p~13p) | NSSM 211: Security Assistance to the Republic of Korea (14p~30p) | Telegram to Seoul: Sale of F-4D Aircraft to ROK (31p~33p) | National Security Decision Memorandum 282 [NSDM 282] to the Secretary of Defense: Korean Force Modernization Plan (34p~35p) | Memorandum from Richard T. Kennedy to Secretary Kissinger: Future U.S. Military Assistance to South Korea (36p~41p) | Memorandum from Henry A. Kissinger to the President: Future U.S. Military Assistance to South Korea (42p~45p) | NSSM 211: Security Assistance to the Republic of Korea (46p~62p) | Telegram to Seoul: Sale of F-4D Aircraft to ROK (63p~65p) | [Withdrawal Sheet] Memorandum from John A. Froebe, Jr to Secretary Kissinger: Military Assistance for South Korea… (66p~66p) | Telegram to Seoul: Possible ROK Third Country procurement of major military items (67p~71p) <첨부> LDX message Receipt: Telegram to Seoul re Possible ROK Third Country Procurement of Major Military Items"
usa2-포드-55,Korea - NSDM 48,,포드대통령도서관,1971 ~ 1976,National Security Council East Asian and Pacific Affairs Staff Files ▹,PZA0002339,7,NSDM 48(주한미군 감축안)과 관련된 향후대책 등,Memorandum K. Wayne Smith for Colonel Kennedy: Five Year Korea Program (1p~1p) | Memorandum from K. Wayne Smith to Dr. Kissinger: Five - Year Korea Program (2p~2p) | The Korea Program and Force requirements (3p~9p) | Memorandum from Henry A. Kissinger to the President: Five - Year Korea Program (10p~12p) | National Security Decision Memorandum [NSDM] to the Secretary of State: ROK Force Structure and Modernization Program (13p~15p) | Memorandum for the President: Republic of Korea Force Structure and Modernization Program (16p~18p) | Report of the NSDM48 Interagency Steering Group ROK Force Structure and Five-Year Modernization Program (19p~19p)
usa2-포드-56,People’s Republic of China - Korea (1),,포드대통령도서관,1974 ~ 1975,National Security Council East Asian and Pacific Affairs Staff Files ▹,PZA0002340,27,주한 유엔군사령부 해체 등 1974·75년 유엔총회에서 논의될 의제 관련 미 국무부 내부 문서,When Classified Attatchments Are Removed This cover sheet Becomes Unclassified (1p~1p) | Telegram from AMEMBASSY Seoul to SECSTATE WashDC: Korea at 29th UNGA (2p~2p) | When Classified Attatchments Are Removed This cover sheet Becomes Unclassified (3p~3p) | Telegram from SECSTATE WashDC to RUMJSL/ AMEMEBASSY Seoul: Korea at 29th UNGA (4p~5p) | Telegram from AMCONSUL Hong Kong to SECSTATE WashDC: PRC-South Korean trade contact in Hong Kong (6p~7p) | [Withdrawal Sheet] Report: Foreign political matters (8p~8p) | Telegram from AMEMBASSY The Hague to SECSTATE WashDC: Alleged PRC Statement about 106 대통령기록관 해외기록물 수집목록집 recognition of Korea (9p~9p) | The UN Command: Next Steps (10p~12p) | [Memorandum] from William H. Gleysteen to 1) Mr. Zurhellen 2) Mr. Habib: UNC and the UN (13p~13p) | [Memorandum] from EA/K - Daniel A. O’Donohue to EA - Mr. Habib: UNC and the UN (14p~20p) | Korea: Pyong Yang shows concern over loyalty of Communist Allies (21p~22p) | [Memo] (23p~23p) | [Memorandum] from EA/PRCM - OVArmstrong to EA - Mr. Habib: China and the Korean Question (24p~26p) | [Withdrawal Sheet] Memorandum from EA/PRCM to EA - Mr.habib: China (27p~27p) | When Classified Attatchments Are Removed… (28p~28p) | Telegram from AMEMBASSY Seoul to SECSTATE WashDC: UN Consideration of Korean Item (29p~30p) | When Classified Attatchments Are Removed This cover sheet Becomes Unclassified (31p~31p) | TelegramfromAMEMBASSYTheHaguetoSECSTATEWashDC:UNConsiderationofKoreanItem (32p~33p) | Telegram from USIMISSION USUN New York to SECSTATE WashDC: Korea and KHMER (34p~36p) | Telegram from USIMISSION USUN New York to SECSTATE WashDC: Korea in Security Council (37p~37p) | [Withdrawal Sheet] Memorandum from Frank Martin to Non-Proliferation Backstopping Committee (38p~38p) | [Withdrawal Sheet] Telegram: Draft telegram re interagency study (39p~39p) | [Withdrawal Sheet] Telegram from AMEMBASSY Seoul to SECSTATE WashDC: ROK (40p~40p) | [Withdrawal Sheet] Telegram from SECSTATE WashDC to AMEMBASSY Seoul: ROK (41p~41p) | [Withdrawal Sheet] Memorandum from W. R. Smyser to Secretary Kissinger: wrong signals (42p~42p) | [Withdrawal Sheet] Memorandum from Henry A. Kissinger to the Secretary of Defense: South Korea (42p~43p) | [Withdrawal Sheet] Telegram from CINCUNC/ COMUSK to SECDEF WASH DC (44p~44p)
usa2-포드-57,People’s Republic of China - Korea (2),,포드대통령도서관,1975,National Security Council East Asian and Pacific Affairs Staff Files ▹,PZA0002341,13,1975년 유엔총회에서 제기될 주한 유엔군사령부·주한미군 문제에 대한 상황분석 및 대응책에 관한 미 국무부의 보고,[Withdrawal Sheet] Cable: Intelligence information 02/04/1975 (1p~1p) | Telegram from USIMISSION USUN New York to SECSTATE WashDC: Korea (2p~3p) | When Classified Attatchments Are Removed… (4p~4p) | Telegram from AMEMBASSY Seoul to SECSTATE WashDC: Korean item in UNGA (5p~6p) | When Classified Attatchments Are Removed This cover sheet Becomes Unclassified (7p~7p) | Telegram from AMEMBASSY Seoul to SECSTATE WashDC: WHITLAM-KOSYGIN Discussion on Korea (8p~9p) | [Withdrawal Sheet] Report: Intelligence notice (10p~10p) | [Withdrawal Sheet] Report: North Korea (11p~11p) | North Korean President’s Motives for China Visit (12p~12p) | Telegram from USIMISSION USUN New York to SECSTATE WashDC: Korea in Security Council Chinese View (13p~14p) | Telegram from USIMISSION USUN New York to SECSTATE WashDC: Korea in Security Council Chinese View(Further) (15p~15p) | Telegram from SECSTATE WashDC to AMCONSUL JERUSALEM: US Policy on Korea at the UN and the UN COMMAND (16p~31p) | Telegram from SECSTATE to SECSTATE WASH DC: US Policy on Korea at the UN and the UN Command… (32p~32p) 108 대통령기록관 해외기록물 수집목록집
usa2-포드-58,People’s Republic of China - Korea (3),,포드대통령도서관,1975,National Security Council East Asian and Pacific Affairs Staff Files ▹,PZA0002342,21,1975년 4월 김일성의 중국 방문과 관련한 주중 미 외교관의 국무부 보고 전문,Telegram from USLO Peking to SECSTATE WashDC: Australian/ North Korean Relations (1p~1p) | When Classified Attatchments Are Removed… (3p~3p) | [Withdrawal Sheet] Telegram from AMEMBASSY Seoul to SECSTATE WashDC: Kim Il-Sung (4p~4p) | Telegram from USLO Peking to SECSTATE WashDC: Kim Il-Sung Arrival (5p~6p) | When Classified Attatchments Are Removed… (7p~7p) | Telegram from SECSTATE WashDC to AMEMBASSY Seoul: Visit of Kim Il-Sung to Peking (8p~8p) | Telegram from USLO Peking to SECSTATE WashDC: Kim Il-Sung Banquet Speech (9p~11p) | Telegram from AMEMBASSY Seoul to SECSTATE WashDC: Kim Il-Sung Visit to Peking (12p~13p) | Telegram from AMEMBASSY Seoul to SECSTATE WashDC: Kim Il-Sung Visit to Peking (14p~17p) | [Withdrawal Sheet] Cable: Intelligence information 04/21/1975 (18p~18p) | Telegram from USLO Peking to SECSTATE WashDC: Kim Il-Sung Visit to PRC (19p~20p) | [Withdrawal Sheet] Cable: Intelligence information 04/22/1975 (21p~21p) | [Withdrawal Sheet] Report: speech (22p~22p) | SINO-Korean Relations (23p~28p) | [Withdrawal Sheet] Cable: Intelligence information 04/23/1975 (29p~29p) | [Withdrawal Sheet] Telegram from USLO Peking to SECSTATE WashDC: KIM IL-Sung (30p~30p) | Telegram from AMEMBASSY Seoul to SECSTATE WashDC: Kim Il-Sung Visit to Peking (31p~32p) | Telegram from USLO Peking to SECSTATE WashDC: PRC Visit of Kim Il-Sung (33p~34p) | Telegram from AMCONSUL Hong Kong to SECSTATE WashDC: DPRK-PRC Communique (35p~37p) | Telegram from AMCONSUL Hong Kong to SECSTATE WashDC: Ta Kung Pao on Kim Il-Sung Visit (38p~39p) | [Withdrawal Sheet] Memorandum: from Richard H. Soloman to Secretary Kissinger: KimIl- Sung (40p~40p)
usa2-포드-59,People’s Republic of China - Korea (4),,포드대통령도서관,1975,National Security Council East Asian and Pacific Affairs Staff Files ▹,PZA0002343,18,"한국 및 중국 주재 미국 외교관이 김일성의 중국방문 정보보고, 소련의 한국 항구 사용권 주장, 북한대사와의 대화, 박정희대통령의 긴급비상조치 등과 관련하여 국 무부에 보고한 전문",Telegram from AMEMBASSY Seoul to SECSTATE WashDC: Meeting with President Park: Kim Il-Sung Visit to Peking (1p~2p) | [Withdrawal Sheet] [Telegram from USLO Peking to SECSTATE WashDC: KIM IL-Sung] (3p~3p) | [Withdrawal Sheet] [Telegram from AMEMBASSY Taipei to SECSTATE WashDC: KIM IL-Sung] (4p~4p) | [Withdrawal Sheet] Telegram from USLO Peking to SECSTATE WashDC: China (5p~5p) | [Withdrawal Sheet] Cable: Intelligence information 05/08/1975 (6p~6p) | Telegram from AMEMBASSY Seoul to SECSTATE WashDC: PRC Claims Soviet Port Rights in South Korea (7p~7p) | [Withdrawal Sheet] [Telegram from AMEMBASSY Seoul to SECSTATE WashDC: ROK] (8p~8p) | Telegram from AMEMBASSY Seoul to SECSTATE WashDC: PRC Claims Soviet Port Rights in South Korea (9p~9p) | [Withdrawal Sheet] Cable: Intelligence information 05/10/1975 (10p~10p) 110 대통령기록관 해외기록물 수집목록집 | Telegram from AMEMBASSY Seoul to SECSTATE WashDC: New Korean Emergency Measures (11p~13p) | Telegram from AMEMBASSY Kinshasa to SECSTATE WashDC: North Korean Approach to US Official (14p~15p) | Telegram from AMEMBASSY Tokyo to AMEMBASSY Seoul: ROK- Japan Relations after Kim Chong-Pil’s Visit (16p~18p) | [Withdrawal Sheet] Telegram from AMCONSUL Hong Kong to SECSTATE WashDC: Kim Il-Sung (19p~19p) | [Withdrawal Sheet] Cable: Intelligence information 05/20/1975 (20p~20p) | [Withdrawal Sheet] Telegram from ULSO Peking to SECATATE WashDC: PRC (21p~21p) | Telegram from AMEMBASSY Tokyo to AMEMBASSY Seoul: Recent Statements by Kim Il-Sung (22p~25p) | [Withdrawal Sheet] Cable: Intelligence information 05/24/1975 (26p~26p) | [Withdrawal Sheet] Cable: Intelligence information 05/27/1975 (27p~27p)
usa2-포드-60,People’s Republic of China - Korea (5),,포드대통령도서관,1975,National Security Council East Asian and Pacific Affairs Staff Files ▹,PZA0002344,21,"한국 및 중국 주재 미국 외교관이 북한의 대외부채 규모, 긴급조치 9호, 유엔안보 리에 제출할 결의안 초안, 유엔에 상정될 남북한 문제에 대한 중국측 입장 등과 관 련하여 국무부에 보고한 전문",[Withdrawal Sheet] Cable: Korea 06/07/1975 (1p~1p) | [Withdrawal Sheet] Cable: Korea 06/11/1975 (2p~2p) | [Withdrawal Sheet] Telegram from AMCONSUL Hong Kong to SECSTATE WashDC: Kim (3p~3p) | Telegram from SECSTATE WASH DC to AMEMBASSY Seoul: Draft Inscription Letter (GA) (4p~6p) | Telegram from SECSTATE WASH DC to AMEMBASSY Seoul: Korea in 30th UNGA (7p~9p) | Telegram from USLO Peking to SECSTATE WashDC: North Korean Debt (10p~12p) | Telegram from SECSTATE WASH DC to AMEMBASSY Seoul: ROKG Emergency Measure (13p~15p) | When Classified Attatchments Are Removed… (16p~16p) | Telegram from AMEMBASSY Seoul to SECSTATE WashDC: ROKG Emergency Measure (17p~20p) | Telegram from SECSTATE WASH DC to USMISSION USUN New York: Draft Letter on Korea to UN Security Council (21p~23p) | Telegram from AMCONSUL Hong Kong to SECSTATE WashDC: PRC Joint Editorial pn Korean War (24p~26p) | Telegram from AMEMBASSY Seoul to SECSTATE WashDC: UN Draft Resolution for Delivery to Kim Chong-Tae (27p~29p) | [Withdrawal Sheet] Cable: 01/01/1975 (30p~30p) | Telegram from AMEMBASSY Seoul to SECSTATE WashDC: Possible Chinese trial ballon on UNC Arrangements (31p~31p) | Telegram from AMEMBASSY Seoul to SECSTATE WashDC: Possible Chinese trial ballon on UNC Arrangements (32p~33p) (첨부)[Memo] | [Withdrawal Sheet] Cable: 07/03/1975 (34p~34p) | Telegram from AMEMBASSY Seoul to SECSTATE WashDC: Reported Chinese Views on UNC Arrangements (35p~36p) | [Withdrawal Sheet] Cable: Intelligence information 07/10/1975 (37p~37p) | Telegram from USLO Peking to SECSTATE WashDC: PRC Position on Korean Question in UN (38p~38p) | [Withdrawal Sheet] Cable: Intelligence information 07/21/1975 (39p~39p) | [Withdrawal Sheet] Memorandum for Philip C. Habib: North Korea (40p~40p) 112 대통령기록관 해외기록물 수집목록집
usa2-포드-61,People’s Republic of China - Korea (6),,포드대통령도서관,1975,National Security Council East Asian and Pacific Affairs Staff Files ▹,PZA0002345,18,"북한 동향 및 북한의 유엔가입 문제, 박정희대통령의 대만 방문 등과 관련된 국무 부 전문",[Withdrawal Sheet] Cable: DPRK (1p~1p) | Telegram from USIMISSION USUN New York to SECSTATE WashDC: US Statement on VETO… (2p~5p) | Telegram from USIMISSION USUN New York to SECSTATE WashDC: Draft Resolution on Korea… (6p~10p) | [Withdrawal Sheet] Report: Korea 08/15/1975 (11p~11p) | Telegram from AMEMBASSY Seoul to AMEMBASSY Taipei: SCHLESINGER Comments on US/ ROC Mutual Treaty (12p~13p) | [Withdrawal Sheet] Memorandum for Jay Talor: Transmittal Note (14p~14p) | Attached per your request is a memo prepared by the Agency’s Office… (15p~15p) | [Withdrawal Sheet] Report: North Korea (16p~16p) | Memorandum for Mr. Jay Taylor: Recent North Korean Military Activities (17p~19p) | Telegram from AMCONSUL Hong Kong to SECSTATE WashDC: China Marks 25th Anniversary of the CPV Entry into war (20p~21p) | [Withdrawal Sheet] Report: PyongYang (22p~22p) | Telegram from SECSTATE WASH DC to AMEMBASSY Seoul: President Park’s Letter on President’s Trip to Peking (23p~24p) | [Withdrawal Sheet] Report: Korea (25p~25p) | [Withdrawal Sheet] Report: 12/12/1975 (26p~26p) | North Korea- continued submarine production (27p~27p) | [Withdrawal Sheet] Report: North Korea (28p~28p) | [Withdrawal Sheet] Report: PyongYang (29p~29p) | [Withdrawal Sheet] Report: North Korea (30p~30p)
usa2-포드-62,Vietnam (11),,포드대통령도서관,1975,National Security Council East Asian and Pacific Affairs Staff Files ▹,PZA0002346,1,캄보디아 및 베트남에서 회수한 군사 장비를 한국을 포함한 아시아 동맹국가에 재 분배 추진 보고,Memorandum for the Secretary of Defense/ Deputy of Secretary of State: Redistribution of Military Equipment Recovered from Cambodia and Vietnam (1p~2p)
usa2-포드-63,Human Rights,,포드대통령도서관,1976,National Security Council East Asian and Pacific Affairs Staff Files ▹,PZA0002347,1,한국이 포함된 미 국무부 인권리포트,"Memorandum from William Gleysteen to Jeanne W. Davis: Human rights Report on 17 Countries for Senator Humphrey (1p~15p) <첨부> [human Right Reports on Korea, Indonesia and the Philippnes] 114 대통령기록관 해외기록물 수집목록집"
usa2-포드-64,Kissinger Memcons (1),,포드대통령도서관,1974,National Security Council East Asian and Pacific Affairs Staff Files ▹,PZA0002348,3,1974년 미국 방문시 김동조 외무부장관과 헨리 키신저 국무부장관간의 환담 내용,"Memorandum from W. R. Smeyer to Secretary Kissinger: Memorandum of Your Conversation with Foreign Minister Kim Dong-Jo, September 27, 1974 (1p~4p) <첨부> Memorandum of Conversation: U.S. - Korean Relations | Telegram from SECSTATE WashDC to RUEHCK/ AMEMEBASSY Seoul: Fonmin Kin’s call on the Secretary (5p~6p) | When Classified Attatchments Are Removed… (7p~7p)"
usa2-포드-65,Kissinger Memcons (4),,포드대통령도서관,1975,National Security Council East Asian and Pacific Affairs Staff Files ▹,PZA0002349,1,1975년 상반기 미국 방문시 김동조 외무부장관과 헨리 키신저 국무부장관간의 환 담내용,Memorandum of Conversation: U.S. - Korean Relations (1p~4p)
usa2-포드-66,Kissinger Memcons (5),,포드대통령도서관,1975,National Security Council East Asian and Pacific Affairs Staff Files ▹,PZA0002350,1,1975년 하반기 미국 방문시 김동조 외무부장관과 헨리 키신저 국무부장관간의 환 담내용,Memorandum of Conversation: meeting with Foreign Minister (1p~5p)
usa2-포드-67,Kissinger Memcons (6),,포드대통령도서관,1975,National Security Council East Asian and Pacific Affairs Staff Files ▹,PZA0002351,1,김동조 외무부장관과 헨리 키신저 국무부장관간의 환담 내용에 대한 보고 전문,Telegram from SECSTATE WashDC to RUEHCK/ AMEMEBASSY Seoul: Foreign Minister Kim’s call on Secretary (1p~2p) 116 대통령기록관 해외기록물 수집목록집
usa2-포드-68,NSDMs (1),,포드대통령도서관,1972,National Security Council East Asian and Pacific Affairs Staff Files ▹,PZA0002352,1,월남에 주둔중인 한국군의 계속 주둔을 위한 미국측 노력(NSDM 161),National Security Decision Memorandum 161 [NSDM 161] to the Secretary of State: Republic of Korea Forces in South Vietnam (1p~2p)
usa2-포드-69,President Ford Memcons (2),,포드대통령도서관,1974,National Security Council East Asian and Pacific Affairs Staff Files ▹,PZA0002353,2,"포드대통령 방한시 박정희대통령과 포드대통령간의 대북위협, 군사분계선 내의 북한 땅굴 문제, 남북한 대화노력 등에 관한 대화록",Memorandum from W. R. Smeyer to Secretary Kissinger: Draft Memorandum of Conversation Between President Ford and South Korean President Park (1p~1p) | Memorandum from Henry A. Kissinger to the President: Draft Memorandum of your conversation with South Korean President Park (2p~12p) <첨부> [Memorandum of Conversation: South Korean Dependence on U.S. Support; …]
usa2-포드-70,"United Nations General Assembly - EA Bilaterals,",,포드대통령도서관,1974,September 1974 (1) National Security Council East Asian and Pacific Affairs Staff Files ▹,PZA0002354,4,1974년 유엔총회 기간 중 한미양자회담에서 논의될 대화 주제에 관한 준비 자료,bilateral Talks During UNGA: Korea -- Foreign Minister Kim Dong Jo (1p~5p) | [Withdrawal Sheet] Biography: Republic of Korea Government Official (6p~6p) | [Withdrawal Sheet] Biography: Republic of Korea Government Official (7p~7p) | [Withdrawal Sheet] Biography: Republic of Korea Government Official (8p~8p)
usa2-포드-71,"President Ford’s Trip to Seoul, November 1974 (1)",,포드대통령도서관,1974,National Security Council East Asian and Pacific Affairs Staff Files ▹ Trip,PZA0002355,4,1974년 한미정상회담에서 논의될 주요 이슈에 관한 준비 자료,"Memorandum from John A. Froebe, Jr to Secretary Kissinger: Recommended Talking Points for the President’s Meeting with South Korean President Park Chung Hee During the President’s Visit to Korea, November 22-23, 1974 (1p~1p) | [WithdrawalSheet]BriefingPaperfromHenryA,KissingertothePresident:Meetingwith President of the Republic of Korea, Park Chung Chung Hee (2p~2p) | Prospects for Stability on the Korean peninsula (3p~6p) | Political prospects in South Korea (7p~10p) 118 대통령기록관 해외기록물 수집목록집"
usa2-포드-72,"President Ford’s Trip to Seoul, November 1974 (2)",,포드대통령도서관,1974,National Security Council East Asian and Pacific Affairs Staff Files ▹ Trip,PZA0002356,1,"1974년 포드대통령의 방한을 앞두고 주한 유엔군사령부 해체, 대북관계, 주한미 군, 무역수지 적자 등과 관련하여 준비한 자료","President Ford’s visit to Korea November 22-23, 1974 (1p~44p) <첨부1> Ⅰ. Memorandum for the President <첨부2> Ⅱ. Issues and Talking Points"
usa2-포드-73,"President Ford’s Trip to Seoul, November 1974 (3)",,포드대통령도서관,1974,National Security Council East Asian and Pacific Affairs Staff Files ▹ Trip,PZA0002357,1,"1974년 포드대통령의 방한을 앞두고 한국 배경정보 제공을 위한 참고자료 및 주 요 한국측 인사 정보, 일정표 등과 관련하여 준비한 자료","President Ford’s visit to Korea November 22-23, 1974 (1p~40p) <첨부1> Ⅲ. Background Papers <첨부2> Ⅵ. Biographic Sketch <첨부3> [Withdrawl Sheet[Biography: Republic of Korea Government Officials]"
usa2-포드-74,"President Ford’s Trip to the Philippines and Indonesia,",,포드대통령도서관,1975,December 1975 (8) National Security Council East Asian and Pacific Affairs Staff Files ▹ Trip,PZA0002358,1,미 국무부 차관 Philip C.Habib가 하원 외교위원회 국제기구소위원회에서 한국과 필리핀의 인권상황에 대해 보고한 내용,"President Ford’s Trip to the Philippines and Indonesia, December 1975 (8) (1p~14)"
usa2-포드-75,"Washington Special Actions Group Meeting,December 6,",,포드대통령도서관,1973,1973 - Not Held (North Korea) National Security Council East Asian and Pacific Affairs Staff Files ▹,PZA0002359,13,서해5도 지역에 대한 관할권을 주장하고 있는 북한과 이에 대한 미국측의 대응에 관한 문서,"[Withdrawal Sheet] Cable: Korean Northwest Coastal Situation (1p~1p) | Telegram from CINCNUC Seoul Korea to White House: 346th Mac Meeting (2p~17p) | [Withdrawal Sheet] Memorandum from W. R. Smyser & Donald Stukel to Secretary Kissinger: WSAG Meeting on Korea (18p~18p) | [Withdrawal Sheet] Talking paper: Suggested Talking Points WSAG on Korea (19p~20p) | Telegram to Seoul: Korean Northwest Coastal situation (21p~23p) | We concur in plans of UNC naval command to resupply the islands on a “business as usual” basis… (24p~25p) 120 대통령기록관 해외기록물 수집목록집 | [Withdrawal Sheet] Memorandum from W. R. Smyser to Secretary Kissinger: North Korean Attempt to Restrict our Access to West Coast Islands (26p~27p) | FBIS 18 (Out of Sequence)…. Pyongyang Radio: SR-71 Penetrates into DPRK Airspace 4 Dec <첨부> FBIS 19…. (28p~29p) | Summary 346th Military Armistics commision Meeting, 1 December 1973 (30p~32p) | Draft message for delivery to the PRC Liaison Office (33p~35p) | Draft message for delivery to the Soviet Ambassador (36p~37p) | [Withdrawal Sheet] Memorandum from W. R. Smyser to Secretary Kissinger: Clearance of Telegram on Access to Korean Islands (38p~38p) | Summary 346th Military Armistics commision Meeting, 1 December 1973 (39p~40p)"
usa2-포드-76,"Senior Review Group Meeting, February 15,1974 (Korea) (1)",,포드대통령도서관,1974,National Security Council East Asian and Pacific Affairs Staff Files ▹,PZA0002360,8,주한미군 배치상태 등 보고자료(비공개),[Withdrawal Sheet] Memorandum from George S. Springteen to Brent Scowcroft: SRG Meeting on US Strategy fo[for] Korea (1p~1p) | [Withdrawal Sheet] Briefing Paper: US Force Deploymenrs in Korea (2p~2p) | [Withdrawal Sheet] Briefing Paper: US Force Deploymenrs in Korea (3p~3p) | [Withdrawal Sheet] Memorandum from WRS & RHS to HAK: NSSM 190: Diplomatic initiatives in Korea (4p~4p) | [Withdrawal Sheet] Summary: U.S. Force Deployments in South Korea (5p~5p) | [Withdrawal Sheet] Summary: Making the U.S. Army Division in South Korea into a Regional Contingency Reserve (6p~6p) | [Withdrawal Sheet] Memorandum from WRS & RHS to HAK: NSSM 190: Diplomatic initiatives in Korea (7p~7p) | [Withdrawal Sheet] Summary: US role in Korea (8p~8p)
usa2-포드-77,"Senior Review Group Meeting, February 15,1974 (Korea) (2)",,포드대통령도서관,1974,National Security Council East Asian and Pacific Affairs Staff Files ▹,PZA0002361,4,"주한미군 배치 상태, 주한미군의 역할, 주한미군 역할의 재정비 의의 등",Memorandum for The Deputy Secretary Secretary of State/ Defense/ Treasury…: Korea: 1) Diplomatic Initiatives: NSSM 190 2) U.S. Force Deployments 3) Analysis of a Possible Change in the Role of the Army Division in Korea: Follow-on to NSSM 171 (1p~1p) | [Withdrawal Sheet] Report: NSSM 190: Diplomatic Initiatives Regarding Security Arrangements on the Korean Peninsula (2p~2p) | [Withdrawal Sheet] Report: US Forces Role in Korea (3p~3p) | [Withdrawal Sheet] Report: Political and Diplomatic Implications… (4p~4p) 122 대통령기록관 해외기록물 수집목록집
usa2-포드-78,"SRG, June 4, 1976 (1)",,포드대통령도서관,1976,National Security Council East Asian and Pacific Affairs Staff Files ▹,PZA0002362,6,"국무부, 국방부, CIA 담당자가 참석한 고위정책그룹회의 내용. 한국을 포함한 아태 지역에서의 미국의 국가 이익과 안보 목표에 대해 논의",[Withdrawal Sheet] Memorandum from Cathy Willison: List of Officials… (1p~1p) | Memorandum for the White House Police (2p~4p) | Memorandum from Thomas J. Barnes to Brent Scowcroft: SRG Meeting: U.S. Interests and Security Objectives in the Asia-Pacific Area (5p~78p) <첨부1> Need for the Review <첨부2> Major Judgements in Response to NSSM 235 <첨부3> NSSM 235: US Interests and Philippine Bases - Section I | National Security Decision Memorandum [NSDM 230] to the Secretary of State/ The Secretary of Defense : U.S. Strategy and Forces for Asia (79p~80p) | National Security Decision Memorandum [NSDM 27] to the Vice President/ Secretary of State/ The Secretary of Defense : U.S. Military Posture (81p~84p) <첨부> Table1: Budget Outlays | National Security Decision Memorandum [NSDM] to the Secretary of State/ The Secretary of Defense : U.S. Interests and Security Objectives in the Asia-Pacific Area (85p~88p)
usa2-포드-79,"SRG, June 4, 1976 (2)",,포드대통령도서관,1976,National Security Council East Asian and Pacific Affairs Staff Files ▹,PZA0002363,2,"남북한의 분단 상황에 대한 입장, 군사력 비교 등 극동아시아 정세보고서",The Far East (1p~12p) <첨부> Soviet Pacific Fleer | [Withdrawal Sheet] Briefing Paper: Estimated Strength and Equipment of North and South Korean Forces (13p~13p)
usa2-포드-80,"Washington Special Actions Group Meeting, August 18, 1976",,포드대통령도서관,1976,(Korean Incident) National Security Council East Asian and Pacific Affairs Staff Files ▹,PZA0002364,7,8·18 판문점 도끼만행사건 대응을 위한 긴급회의 보고 자료,"Memorandum from William Gleysteen to William G. Hyland: WSAG Meeting on Korean Incident (1p~4p) | Minutes of WASAG re Korean (5p~6p) <첨부> Memorandum from Jeanne W. Davis to Brent Scowcroft: Minutes of WSAG Meeting held August 18, 1976 | [Withdrawal Sheet] Memorandum of Conversation: Washington Special Actions Group Meeting (7p~7p) 124 대통령기록관 해외기록물 수집목록집 | North Korea (8p~11p) | Memorandum from Jeanne W. Davis to Brent Scowcroft: Minutes of WSAG Meeting held August 18, 1976 (12p~12p) | [Withdrawal Sheet] Memorandum of Conversation: Washington Special Actions Group Meeting (13p~13p) | North Korea (14p~17p)"
usa2-포드-81,"Washington Special Actions Group Meeting, August 19, 1976",,포드대통령도서관,1976,(Korean Incident) National Security Council East Asian and Pacific Affairs Staff Files ▹,PZA0002365,3,8·18 판문점 도끼만행사건 대응을 위한 긴급회의 보고 자료,"Memorandum from Jeanne W. Davis to Brent Scowcroft: Minutes of WSAG Meeting held August 18, 1976 (1p~1p) | [Withdrawal Sheet] Memorandum of Conversation: Washington Special Actions Group (2p~2p) | This morning I will address two questions… (3p~5p) <첨부> North Korean Air Force"
usa2-포드-82,Kintner Report (10),,포드대통령도서관,1975,National Security Council East Asian and Pacific Affairs Staff Files ▹,PZA0002366,1,"한국의 전략적 가치, 인권 및 독재 상황과 이에 대한 정책 제안 등",Korea: Cockpit of Confrontation in Northeast Asia (1p~25p)
usa2-포드-83,Korea - UN Command (Working File) (2),,포드대통령도서관,1973 ~ 1977,National Security Council East Asian and Pacific Affairs Staff Files ▹,PZA0002367,1,주한유엔군 주둔의 법률적 근거 분석 및 주한유엔군 철수의 의미와 영향에 대한 보고,Legal Aspects of the UN Presence in Korea (1p~38p) <첨부> Resolutions: adopted by the General assembly during the period 16 December 1950 to 5 November 1951 126 대통령기록관 해외기록물 수집목록집
usa2-포드-84,Korea - UN Command (Working File) (3),,포드대통령도서관,1973 ~ 1977,National Security Council East Asian and Pacific Affairs Staff Files ▹,PZA0002368,2,유엔총회에서의 주한유엔군 철수 논의와 관련한 보고,"[Withdrawal Sheet] Memorandum from Richard H. Solomon, John A. Froebe to the Secretary Kissinger: The Korean Situation: … (1p~1p) | Resolution of the UN Security Council Calling for the Establishment of a Unified Command for UN Forces in Korea, July 7, 1950 (2p~3p)"
usa2-포드-85,Korea - UN Command (Working File) (4),,포드대통령도서관,1974,National Security Council East Asian and Pacific Affairs Staff Files ▹,PZA0002369,2,주한유엔군 관련 보고(비공개),"[Withdrawal Sheet] Memorandum from Arthur W. Hummel, Jr. to Major General Brent Scowcroft: NSSM-190 -- Diplomatic Initiatives in Korea (1p~1p) | [Withdrawal Sheet] Memorandum from Jeanne W. Davis to The Deputy Secretary Secretary of State/ Defense/ Treasury…: Korea: … (2p~2p)"
usa2-포드-86,Korea - UN Command (Working File) (5),,포드대통령도서관,1975 ~ 1976,National Security Council East Asian and Pacific Affairs Staff Files ▹,PZA0002370,3,주한 유엔군사령부 철수와 관련한 미국의 구체적인 정책대응 방안에 관해 논의한 자료,Memorandum from S/P - Michael H. Armacost to NSC - Mr. Soloman: US Policy on Korea and the UN Command (1p~2p) | Memorandum to the Secretary from EA - Philip C. Habib/ IO - William P. Buffum/ S/P - Winston Lord: US Policy on Korea and the UN Command (3p~14p) | Memorandum from Jay Taylor to Tom Barnes: U.N. Command Issues in the United Nations 1976 (15p~17p)
usa2-포드-87,Korean Military Situation (Working File) (1),,포드대통령도서관,1969 ~ 1975,National Security Council East Asian and Pacific Affairs Staff Files ▹,PZA0002371,4,한반도 군사상황에 관한 보고(비공개),"[Withdrawal Sheet] Report: North Korean Downing of a U.S. Reconnaissance Plane: The EC- 121 Incident, April 1969 (1p~1p) | [Withdrawal Sheet] Memorandum: North Korea (2p~2p) | [Withdrawal Sheet] Report: North & South Korea (3p~3p) 128 대통령기록관 해외기록물 수집목록집 | [Withdrawal Sheet] Report: North & South Korea (4p~4p)"
usa2-포드-88,Korean Military Situation (Working File) (2),,포드대통령도서관,1975 ~ 1976,National Security Council East Asian and Pacific Affairs Staff Files ▹,PZA0002372,3,한반도 군사상황에 관한 보고(비공개),[Withdrawal Sheet] Report: North & South Korea (1p~1p) | [Withdrawal Sheet] Memorandum: North Korea (2p~2p) | [Withdrawal Sheet] Memorandum: North Korea (3p~3p)
usa2-포드-89,Korean Military Situation (Working File) (3),,포드대통령도서관,1976,National Security Council East Asian and Pacific Affairs Staff Files ▹,PZA0002373,6,한반도 군사상황에 관한 보고(일부 비공개),[Withdrawal Sheet] Memorandum: from Jay Taylor to Brent Scowcroft: Possible North Korean Initiatives During 1976 (1p~1p) | [Withdrawal Sheet] Report: North Korea May Have Army Light Infantry Units (2p~2p) | North Korea May Have Army Light Infantry Units (3p~12p) | [Withdrawal Sheet] Report: North Korea (13p~13p) | [Withdrawal Sheet] Report: North & South Korea (14p~14p) | [Withdrawal Sheet] Cable: North Korea (15p~15p)
usa2-포드-90,Korean Northwest Islands,,포드대통령도서관,1973,National Security Council East Asian and Pacific Affairs Staff Files ▹,PZA0002374,21,서해5도 지역의 관할권을 주장하는 북한의 공세에 대한 대응 논의를 위한 자료,"Korea: Demilitarized Zone Area (1p~1p) | Telegram from CINCNUC Seoul Korea to White House: 346th Mac Meeting (2p~2p) | Memorandum from John A. Frobee, JR to General Scowcroft: Proposed WSAG Meeting on Korean Situation (18p~18p) <첨부> [map: Korea: Demilitarized Zone Area] | Memorandum from Richard H. Solomon to Secretary Kissinger: The Korean Situation and the China Element (21p~21p) <첨부> Draft message for delivery to the PRC Liaison Office | [Withdrawal Sheet] Memorandum from W. R. Smyser to Secretary Kissinger: North Korean Attempt… (25p~25p) | Telegram to Seoul re Korean Northwest Coastal Situation (26p~26p) | We concur in plans of UNC naval command to resupply the islands on a “business as usual” basis… (29p~29p) | Draft message for delivery to the PRC Liaison Office (30p~30p) | Draft message for delivery to the Soviet Ambassador (32p~32p) | Suggester Talking Points for Congressional Consultation (33p~33p) | Korea: Demilitarized Zone Area (34p~34p) | [Withdrawal Sheet] Memorandum from W. R. Smyser to Secretary Kissinger: WSAG Meeting on Korea (35p~35p) 130 대통령기록관 해외기록물 수집목록집 | Memorandum from Jeanne W. Davis to Secretary Kissinger: Minutes of the WSAG Working Group Meeting of December (36p~36p) | [Withdrawal Sheet] Minute: Washington Special Actions Group Working Group Meeting (37p~37p) | [Withdrawal Sheet] Memorandum from W. R. Smyser to Secretary Kissinger: North & South Korea (38p~38p) | [Withdrawal Sheet] Cable: Korean Northwest Coastal Situation (39p~39p) | [Withdrawal Sheet] Memorandum: North Korea (40p~40p) | Memorandum from John A. Frobee, Jr to Secretary Kissinger: Korean West Coast Island Situation (41p~41p) | Telegram to Seoul: Questions Regarding Northern Limit Line (43p~43p) | Telegram to Seoul re Questions Regarding Northern Limit (47p~47p) <첨부> [map: Korea: Demilitarized Zone Area] | Korean Armistice Agreement Negotiations pertaining to five Ciastal Island in the Yellow Sea: … (52p~52p)"
usa2-포드-91,"Timothy Deal Chronological File, August 1976 (1)",,포드대통령도서관,1976,National Security Council East Asian and Pacific Affairs Staff Files ▹,PZA0002375,1,경제난을 겪고 있는 북한이 일본과 서독에 부채상환 일정을 조정해달라고 요청했 다는 내용의 보고,Memorandum from Timothy Deal to the Files: North Korean Request for Debt Rollover (1p~1p)
usa2-포드-92,"Timothy Deal Chronological File, September 1976 (4)",,포드대통령도서관,1976,National Security Council International Economic Affairs Staff Files ▹,PZA0002376,1,미국의 요청에 따라 한국과 대만이 대미(對美) 버섯수출량을 제한하기로 약속했다 는 내용의 보고,Evening Report…Economic Affairs (1p~1p)
usa2-포드-93,"Press Guidance, September 1-19, 1973",,포드대통령도서관,1973,National Security Council Press and Congressional Relations Staff Files ▹,PZA0002377,3,백악관 대변인을 위해 준비된 언론브리핑 예상 질문 및 답변서 : 주한미군 철군 계 획에 대한 질문,"Memorandum from Les Janka to Ron Ziegler: Morning Press Items (1p~2p) | Presidential Message (3p~3p) | Message to Eugene B. Rostow, Chairman, U.S. Delegation, Atlantic Treaty Association (4p~4p) 132 대통령기록관 해외기록물 수집목록집"
usa2-포드-94,"Press Guidance, June 1-19, 1975",,포드대통령도서관,1975,National Security Council Press and Congressional Relations Staff Files,PZA0002378,1,백악관 대변인을 위해 준비된 언론브리핑 예상 질문 및 답변서 : 미국의 대한정책 에 대한 질문,Memorandum from Margi Vanderhye to Jerry Warren: Request for Information on Korea (1p~2p)
usa2-포드-95,"Press Guidance, June 20-30, 1975",,포드대통령도서관,1975,National Security Council Press and Congressional Relations Staff Files,PZA0002379,1,백악관 대변인을 위해 준비된 언론브리핑 예상 질문 및 답변서 : 주한미군의 핵무 기에 대한 질문,Nuclear Weapons in Korea (1p~2p) <첨부> Telegram from SECSTATE WASHDC to AMEMBASSY Seoul: SeCDEF Press Conference: Public Affairs Guidance
usa2-포드-96,"Press Guidance, July 1975",,포드대통령도서관,1975,National Security Council Press and Congressional Relations Staff Files,PZA0002380,1,백악관 대변인을 위해 준비된 언론브리핑 예상 질문 및 답변서 : 8·18 판문점 도끼 만행사건에 대한 질문,US-Korean Altercation (1p~1p)
usa2-포드-97,"Press Guidance, April 1-7, 1976",,포드대통령도서관,1976,National Security Council Press and Congressional Relations Staff Files,PZA0002381,1,백악관 대변인을 위해 준비된 언론브리핑 예상 질문 및 답변서 :한국의 인권문제에 대한 질문,Korea - Human Rights (1p~1p) 134 대통령기록관 해외기록물 수집목록집
usa2-포드-98,"Press Guidance, May 1-19, 1976",,포드대통령도서관,1976,National Security Council Press and Congressional Relations Staff Files,PZA0002382,1,백악관 대변인을 위해 준비된 언론브리핑 예상 질문 및 답변서 : 박정희정권의 인 권문제에 대한 질문,U.S. Tolerates South Korean Abuses (1p~2p)
usa2-포드-99,"Press Guidance, July 17-26, 1976",,포드대통령도서관,1976,National Security Council Press and Congressional Relations Staff Files,PZA0002383,1,백악관 대변인을 위해 준비된 언론브리핑 예상 질문 및 답변서 : 키신저의 4자회담 제안에 대한 질문,kissinger’s Korea Proposal (1p~2p)
usa2-포드-100,"Security Assistance Legislation, May 1976",,포드대통령도서관,1976,National Security Council Press and Congressional Relations Staff Files,PZA0002384,1,대한(對韓) 군사원조액을 제한하려는 의회 수정안 등 의회에 계류중인 해외원조안 에 대한 논의자료,Memorandum from Brent Scowcroft to the President: Revised Security Assistance Legislation (1p~8p)
usa2-포드-101,"Chronological File, Sept-Oct 1974",,포드대통령도서관,1974,Outside the System Chronological Files ▹ Outside the System,PZA0002385,2,대통령의 한국 방문 및 대한(對韓) 원조,Presidential trip to Korea (1p~1p) | U.S. Aid for the Republic of Korea (2p~2p) 136 대통령기록관 해외기록물 수집목록집
usa2-포드-102,"People’s Republic of China, 1970-73 (1)",,포드대통령도서관,1970 ~ 1973,National Security Council Vietnam Information Group Files ▹ Vietnam,PZA0002386,1,중국이 북한을 포함한 자국의 우방국에 포드 대통령의 중국 방문에도 불구하고 전통적인 우호관계가 지속될 것임을 확신시키려 노력 중이라는 내용의 정보 보고,PRC/ North Vietnam/ North Korea: Peking Reassure ITS Allies (1p~3p)
usa2-포드-103,"Chronological File, 1/22/75-1/25/75",,포드대통령도서관,1975,Outside the System Chronological Files ▹ Outside the System,PZA0002387,1,F-5 전투기의 한미 공동제작 계획에 관한 보고,Memorandum from Clinton E. Granger to W. R. Smyser: Co-production of F-5 Aircraft in Korea (1p~3p)
usa2-포드-104,"Defense, Department of (2)",,포드대통령도서관,1974,Presidential Agency Files ▹ Agency Files,PZA0002388,4,한국을 방문한 Clements 국방부 차관의 동아시아 방문 보고서와 서종철 국방부 장관과의 환담 내용,[Memo] for Gen Scoecroft (1p~1p) | [Withdrawal Sheet] Memorandum from Clements to Secretary of Defense: Clements’ Far East Trip (2p~2p) | [Withdrawal Sheet] Memorandum of Conversation: Meeting at CINCPAC Headquarters… (3p~4p) | NSC Correspondence Profile: 1974 (5p~5p)
usa2-포드-105,"Defense, Department of (14)",,포드대통령도서관,,Presidential Agency Files ▹ Agency Files,,,철 ID PZA0002389 생산년도 19731975 기록물건 수 6 한국의 고성능전투기 구매 및 서해5도 문제 등 Schlesinger 국방장관의 한국 방 문 시 논의 할 주제 관련 자료,"Memorandum from Brent Scowcroft to the President: Secretary Schlesinger’s Visit to Japan and Korea (1p~2p) | [Withdrawal Sheet] Memorandum from Secretary Schlesinger to the President: Secretary’s trip to Japan and Korea (3p~3p) 138 대통령기록관 해외기록물 수집목록집 | Memorandum from John J. Taylor to Secretary Kissinger: Secretary Schelesinger’s visit to Japan and Korea (4p~5p) | Memorandum from Henry A. Kissinger to the President: Secretary Schlesinger’s visit to Japan and Korea (6p~7p) | Memorandum from Henry A. Kissinger to the President: Secretary Schlesinger’s visit to Japan and Korea (8p~9p) | NSC Correspondence Profile: Sep 3, 1976 (10p~10p)"
usa2-포드-106,"Transportation, Department of",,포드대통령도서관,1975,Presidential Agency Files ▹ Agency Files,PZA0002390,1,Schlesinger 국방장관의 한국 방문 관련 보고(비공개),[Withdrawal Sheet] Memorandum from Jay Taylor to General Scowcroft: Schlesinger’s Trip to Seoul (1p~1p)
usa2-포드-107,"USUN (U.S. Mission to the United Nations),(5)",,포드대통령도서관,1975,Presidential Agency Files ▹ Agency Files,PZA0002391,3,남북 베트남의 유엔 가입요청과 관련해 남북한의 유엔가입 문제에 대해 논의,Memorandum from W. R. Smyser to Secretary Kissinger: Admission of North Vietnam and the PRG to the United Nations (1p~2p) | Memorandum from William L. Stearman to Secretary Kissinger: UN Membership for the Vietnamese (3p~6p) | Memorandum from IO-William B. Buffum /EA-Philip C. Habib to the Secretary: UN Membership for North and South Vietnam (7p~15p)
usa2-포드-108,"USUN (U.S. Mission to the United Nations),(11)",,포드대통령도서관,1976,Presidential Agency Files ▹ Agency Files,PZA0002392,7,유엔총회에 상정될 북한의 결의안(주한미군철수 등)에 대한 대응전략 논의,"Meeting with William W. Scranton U.S. Representative to the United Nations (1p~3p) | Memorandum from Roger Harrison to Brent Scowcroft: President’s Meeting with Governor Scranton, August30, 1976 (4p~4p) | Meeting with William W. Scranton U.S. Representative to the United Nations (5p~8p) | [TOSCO 309] (9p~13p) <첨부> Meeting with William W. Scranton U.S. Representative to the United Nations | Meeting with William W. Scranton U.S. Representative to the United Nations (14p~16p) | NSC Correspondence Profile: Talker for Pres mtg w/ Governor Scranton US Rep to UN 30 Aug 1976 (17p~17p) | United States Mission Major Initiatives for the United Nations 31 st General Assembly (18p~26p) 140 대통령기록관 해외기록물 수집목록집"
usa2-포드-109,"USUN (U.S. Mission to the United Nations),(11)",,포드대통령도서관,1974,Presidential Agency Files ▹ Agency Files,PZA0002393,2,북한에 우호적인 결의안 상정에 대비한 친한국 진영국가들의 결의안 상정에 관한 논의,Telegram from SECSTATE WashDC to RUEHDT/ USMISSION USUN New York: Korea at 29th UNGA (1p~2p) | Telegram from SECSTATE WashDC to RUEHDT/ USMISSION USUN New York: Korea at 29th UNGA (3p~4p)
usa2-포드-110,"USUN (U.S. Mission to the United Nations) FROM SECSTATE,",,포드대통령도서관,1976,"NODIS (3), 7/1/75-10/15/76 Presidential Agency Files ▹ Agency Files",PZA0002394,4,"남북베트남 유엔가입안 상정과 관련해 한국의 가입이 포함되지 않은 결의안은 거 부하겠다는 내용 및 남, 북, 미, 중 4자 회담 제의 등",Telegram from SECSTATE WashDC to RUEHDT/ USMISSION USUN New York: SC: Vietnamese and South Korea (1p~1p) | Telegram from SECSTATE WashDC to RUEHDT/ USMISSION USUN New York: Further US-ROK Initiative on Korean Question at UN (2p~3p) | Telegram from SECSTATE WashDC to RUEHDT/ USMISSION USUN New York: Waldheim’s Message on North Korea (4p~5p) | Telegram from SECSTATE WashDC to RUEHDT/ USMISSION USUN New York: Korea at the 30th GA (6p~7p)
usa2-포드-111,"USUN (U.S. Mission to the United Nations) TO SECSTATE, EXDIS",,포드대통령도서관,1974 ~ 1975,"(1), 9/11/74-2/28/75 Presidential Agency Files ▹ Agency Files",PZA0002395,3,제29차 유엔총회에 상정되는 남북한 양측의 결의안 통과 및 저지를 위한 진행상황 보고,Telegram from USIMISSION USUN New York to SECSTATE WashDC: Korea in 29th GA: SCAL - KIM Conversation DEC 10 (1p~2p) | Telegram from USIMISSION USUN New York to SECSTATE WashDC: Korea in 29th GA: December 13 SITREP (3p~6p) | TelegramfromUSIMISSIONUSUNNewYorktoSECSTATEWashDC:KoreaandKHMER (7p~9p)
usa2-포드-112,"USUN (U.S. Mission to the United Nations) TO SECSTATE, EXDIS",,포드대통령도서관,1975 ~ 1976,"(2), 3/1/75-1/8/76 Presidential Agency Files ▹ Agency Files",PZA0002396,3,"제30차 유엔총회에서 한국에 우호적인 결의안에 대한 주변국 입장 및 미국의 노 력, 주한미군 철수 결의안 통과의 영향 등에 대한 분석 자료 142 대통령기록관 해외기록물 수집목록집",Telegram from USIMISSION USUN New York to SECSTATE WashDC: Draft Letter to UNSC President and Draft UNGA (1p~2p) | Telegram from USIMISSION USUN New York to SECSTATE WashDC: Korean Issue in 30th GA: Japanese Concerns (3p~4p) | Telegram from USIMISSION USUN New York to SECSTATE WashDC: UNGA Resolution on Korea (5p~5p) | Telegram from USIMISSION USUN New York to SECSTATE WashDC: UN Membership: The Vietnams and the Koreas (6p~7p) | Telegram from USIMISSION USUN New York to SECSTATE WashDC: North Vietnam’s Request for UN Membership (8p~9p) | Telegram from USIMISSION USUN New York to SECSTATE WashDC: Vietnamese and ROK Applications for UN Membership (10p~12p) | Telegram from USIMISSION USUN New York to SECSTATE WashDC: Amendments to Korean Draft Resolution (13p~13p) | Telegram from USIMISSION USUN New York to SECSTATE WashDC: Korea in the UNGA (14p~15p)
usa2-포드-113,"USUN (U.S. Mission to the United Nations) TO SECSTATE, NODIS",,포드대통령도서관,1974,"(1), 8/13/74-9/30/74 Presidential Agency Files ▹ Agency Files",PZA0002397,17,제29차 유엔총회에서 예상되는 북한의 외교공세에 대응하는 우방국간의 전락 논의,Telegram from USIMISSION USUN New York to SECSTATE WashDC: Korea at 29th UNGA: Park- SCHAUFELE August 13 Meeting (1p~2p) | Telegram from USIMISSION USUN New York to SECSTATE WashDC: Korea at 29th UNGA (3p~3p) | Telegram from USIMISSION USUN New York to SECSTATE WashDC: Korea at 29th GA: First Meeting of “Preparatpry Group” (4p~6p) | Telegram from USIMISSION USUN New York to SECSTATE WashDC: Korea at 29th GA: AUG 19 Working Level Meeting (7p~9p) | Telegram from USIMISSION USUN New York to SECSTATE WashDC: Korea at 29th UNGA: Australian Position (10p~10p) | Telegram from USIMISSION USUN New York to SECSTATE WashDC: Korea at 29th UNGA: France (11p~11p) | Telegram from USIMISSION USUN New York to SECSTATE WashDC: 29th GA: Korean Issue (12p~12p) | Telegram from USIMISSION USUN New York to SECSTATE WashDC: Korean in UN: Inscription of Pro-North Korean Item (13p~13p) | Telegram from USIMISSION USUN New York to SECSTATE WashDC: Korea at 29th UNGA: August 23 Consultative Group Meeting (14p~15p) | Telegram from USIMISSION USUN New York to SECSTATE WashDC: Korea at UNGA: Aug 26& 27 Working Group Meetings (16p~18p) | Telegram from USIMISSION USUN New York to SECSTATE WashDC: Korea at 29th UNGA: PRC Comments (19p~19p) | Telegram from USIMISSION USUN New York to SECSTATE WashDC: Korea at 29th UNGA: Expanding of Consultative Group (20p~20p) | Telegram from USIMISSION USUN New York to SECSTATE WashDC: Korea at 29th UNGA: ROK Position on Deferment (21p~22p) | Telegram from USIMISSION USUN New York to SECSTATE WashDC: Korea at 29th UNGA (23p~25p) | Telegram from USIMISSION USUN New York to SECSTATE WashDC: Korea in 29th UNGA: Aug 29 Working Group Meeting (26p~28p) | Telegram from USIMISSION USUN New York to SECSTATE WashDC: Korea at 29th UNGA: Aug 29 Working Group Meeting (29p~29p) | Telegram from USIMISSION USUN New York to SECSTATE WashDC: Korea at 29th UNGA (30p~30p) 144 대통령기록관 해외기록물 수집목록집
usa2-포드-114,"USUN (U.S. Mission to the United Nations) TO SECSTATE, NODIS",,포드대통령도서관,1974,"(2), 10/1/74-10/31/74 Presidential Agency Files ▹ Agency Files",PZA0002398,1,제29차 유엔총회에서 한국에 우호적인 결의안 통과에 일본이 동의한다는 내용의 전문,Telegram from USIMISSION USUN New York to SECSTATE WashDC: PRC Views on UNC (1p~1p)
usa2-포드-115,"USUN (U.S. Mission to the United Nations) TO SECSTATE, NODIS",,포드대통령도서관,1975,"(5), 8/1/75-9/30/75 Presidential Agency Files ▹ Agency Files",PZA0002399,3,"제30차 유엔총회에서의 남북 베트남 및 한국의 가입 문제 논의, 미국의 남, 북, 미, 중 4자회담 제안 등","Telegram from USIMISSION USUN New York to USDEL SECRETARY ABOARD AIRFORCE ONE: SC-Vietnamese and South Korea (1p~1p) | Telegram from USIMISSION USUN New York to SECSTATE WashDC: SC-- Vietnamese and South Korean Membership (2p~2p) | Telegram from USIMISSION USUN New York to SECSTATE WashDC: US-ROK Initiative on Korean Question at UN, Proposed French Amendments to Friendly resolution on Korea (3p~6p)"
usa2-포드-116,"USUN (U.S. Mission to the United Nations) TO SECSTATE, NODIS",,포드대통령도서관,1975,"(6), 10/1/75-12/31/75 Presidential Agency Files ▹ Agency Files",PZA0002400,5,제30차 유엔총회 북측 결의안 관련 논의 및 북한의 미국과 비공식대화 의사 전달 에 관한 논의 등,Telegram from USIMISSION USUN New York to SECSTATE WashDC: Letter from Secretary General to Secretary (1p~2p) | Telegram from USIMISSION USUN New York to SECSTATE WashDC: 30th UNGA - Discussion with Malaysia’s Deputy PERMREP about ASEAN “Working Paper” on Korea (3p~5p) | Telegram from USIMISSION USUN New York to SECSTATE WashDC: Korea: Further to Waldheim-Kissinger Letter (6p~8p) | Telegram from USIMISSION USUN New York to SECSTATE WashDC: North Korean Approach to Waldheim (9p~10p) | Telegram from USIMISSION USUN New York to SECSTATE WashDC: Korea in Thirtieth UNGA (11p~11p)
usa2-포드-117,"Foreign Assistance - Military Assistance Service Fund (MASF), (2)",,포드대통령도서관,1974,Presidential Subject Files ▹ Presidential Subject Files,PZA0002401,5,한국에 대한 군사지원수준 유지에 관한 안건 등 의회에 계류중인 해외원조법안에 대한 정부 입장 조율을 위한 자료 146 대통령기록관 해외기록물 수집목록집,Memorandum from Richard T. Kennedy to Secretary Kissinger: Foreign Aid Bill Strategy (1p~3p) | Restrictions on Presidential Authority (4p~4p) | Policy Amendments (5p~5p) | Miscellaneous (6p~7p) | NSC Correspondence Profile: Ford and Bill Strategy (8p~8p)
usa2-포드-118,"Foreign Assistance - Military Assistance Service Fund (MASF), (3)",,포드대통령도서관,1975 ~ 1976,Presidential Subject Files ▹ Presidential Subject Files,PZA0002402,9,1975-76년도 예산안 중 해외원조 프로그램의 확정을 위해 준비한 정부내 문서 (한국군사 및 식량 지원에 대한 논의가 부분 포함),Memorandum from Henry A. Kissinger to the President: foreign Assistance Requests for FY 76 (1p~8p) | Memorandum from Henry A. Kissinger to the President: Food for Peace Program for FY 75 (9p~12p) | Department of Agriculture 1975 Budget (13p~23p) | Memorandum from Richard T. Kennedy to Secretary Kissinger: FY 1976 PL-480 Food Program (24p~25p) | Memorandum from Henry A. Kissinger to the President: FY 1976 PL-480 Food Program (26p~27p) | Department of Agriculture 1976 Budget (28p~32p) | Foreign Assistance 1976 Budget: Issue# 7a: Phaseout of Military Aid Grants (33p~36p) | Foreign Assistance 1976 Budget: Issue# 7c: Military Assistance to Korea (37p~39p) | Memorandum from Richars T. Kennedy to Brent Scowcroft: Fiscal Year 1976 Aid Review (40p~42p)
usa2-포드-119,"Foreign Assistance - Military Assistance Service Fund (MASF), (4)",,포드대통령도서관,1975 ~ 1976,Presidential Subject Files ▹ Presidential Subject Files,PZA0002403,1,1975-76년도 해외원조 예산에 대한 대통령의 최종재가를 요청하는 문서,Memorandum from Henry A. Kissinger to the President: Foreign Assistance Requests for FY 76 (1p~8p)
usa2-포드-120,Presidential Determinations - FY 1975 (7),,포드대통령도서관,1975 ~ 1976,Presidential Subject Files ▹ Presidential Subject Files,PZA0002404,9,한국과 요르단에 첨단무기시스템을 제공하겠다는 대통령령 결의안 관련 문서,Memorandum for the Secretary of State: Presidential Determination - The Republic of Korea and Jordan (1p~1p) | Justification for Presidential Determination to Authorize the Provision of Sophisticated Weapons System to the Republic of Korea and Jordan (2p~3p) <첨부> Classified List | Memorandum from Henry A. Kissinger to the President: Determination to Authorize the Provision of Sophisticated Weapons Systems to the Republic of Korea and Jordan (4p~5p) | Memorandum from Clinton E. Granger to Secretary Kissinger: Determination to Authorize the Provision of Sophisticated Weapons Systems to the Republic of Korea and Jordan (6p~6p) | Memorandum from James T. Lynn to the President: Determination to Authorize the Provision of Sophisticated Weapons Systems to the Republic of Korea and Jordan (7p~7p) 148 대통령기록관 해외기록물 수집목록집 | Memorandum from John H. Murphy to Edward G. Sanders: Proposed Presidential Determination to Authorize the Provision of Sophisticated Weapons Systems to the Republic of Korea and Jordan (8p~8p) | Memorandum from Robert S. Ingersoll to the President: Determination to Authorize the Provision of Sophisticated Weapons Systems to the Republic of Korea and Jordan (9p~11p) | Memorandum from Henry A. Kissinger to the President: Determination to Authorize the Provision of Sophisticated Weapons Systems to the Republic of Korea and Jordan (12p~13p) | NSC Correspondence Profile (14p~14p)
usa2-포드-121,"November 1974 - Japan, Korea and USSR - Briefing Book -",,포드대통령도서관,1974,Japan and Korea (2) Trip Briefing Books and Cables for President Gerald Ford ▹ Presidential,PZA0002405,1,포드대통령 방한을 위해 참모진들이 준비한 한국경제 배경 정보,Background Papers for President Fors’s Visit to Japan and Korea November 1974 Requested by the National Security Council: [Korea] (1p~7p)
usa2-포드-122,"November 1974 - Japan, Korea and USSR - Briefing Book -",,포드대통령도서관,1974,Japan and Korea (3) Trip Briefing Books and Cables for President Gerald Ford ▹ Presidential,PZA0002406,8,포드대통령 방한을 위해 참모진들이 준비한 정치 배경 정보(비공개),[Withdrawal Sheet] Briefing Paper: South Korean-Japanese Relations (1p~2p) | [Withdrawal Sheet] Briefing Paper: South Korean-Japanese Relations (3p~3p) | [Withdrawal Sheet] Briefing Paper: Political Prospects in South Korea (4p~5p) | [Withdrawal Sheet] Briefing Paper: Political Prospects in South Korea (6p~6p) | [Withdrawal Sheet] Briefing Paper: Prospects for Stability on the Korean Peninsula (7p~8p) | [Withdrawal Sheet] Briefing Paper: Prospects for Stability on the Korean Peninsula (9p~9p) | [Withdrawal Sheet] Briefing Paper: US Relations with South Korea (10p~11p) | [Withdrawal Sheet] Briefing Paper: US Relations with South Korea (12p~12p)
usa2-포드-123,"November 1974 - Japan, Korea and USSR - Briefing Book -",,포드대통령도서관,1974,Seoul (1) Trip Briefing Books and Cables for President Gerald Ford ▹ Presidential,PZA0002407,6,"박정희대통령-키신저 접견 내용, 한반도정세 전망, 한국 정치상황에 대한 조망 등 을 대통령에게 보고한 브리핑 자료","[Withdrawal Sheet] Memorandum from Henry Kissinger: Meeting with the President of the Republic of Korea, Park Chung Hee (1p~1p) | Prospects for Stability on the Korean peninsula (2p~6p) | [Withdrawal Sheet] Briefing Paper: Future U.S. Military Assistance to the ROK (7p~8p) | Political prospects in South Korea (9p~12p) | President Ford’s Visit to Korea November 22-23, 1974 [Index] (13p~14p) | Memorandum from Henry A. Kissinger to the President: Your Visit to the Republic of Korea (15p~21p) 150 대통령기록관 해외기록물 수집목록집"
usa2-포드-124,"November 1974 - Japan, Korea and USSR - Briefing Book -",,포드대통령도서관,1974,Seoul (2) Trip Briefing Books and Cables for President Gerald Ford ▹ Presidential,PZA0002408,9,"주한 유엔군사령부 철군, 한국군 현대화전략 등 이슈별 배경, 쟁점, 발언 요점을 정 리한 브리핑 자료",Issues/ Talking Points: UNC Alternatives (1p~6p) | Issues/ Talking Points: Armed Forces Modernization (7p~9p) | Issues/ Talking Points: Republic of Korea Air Capability (10p~13p) | Issues/ Talking Points: North Korea (14p~17p) | Issues/ Talking Points: Political Issues (18p~21p) | Issues/ Talking Points: PL 480 for Korea (22p~25p) | Issues/ Talking Points: US Forces in Korea (26p~29p) | Issues/ Talking Points: Korea/ Japan Relations (30p~33p) | Issues/ Talking Points: Trade Deficit Problem (34p~36p)
usa2-포드-125,"November 1974 - Japan, Korea and USSR - Briefing Book -",,포드대통령도서관,1974,Seoul (3) Trip Briefing Books and Cables for President Gerald Ford ▹ Presidential,PZA0002409,7,"한국 정치 및 경제 상황, 유엔의 남북한 분단문제 논의 등 한국 관련 배경 정보",ROK Domestic Political Situation (1p~6p) | The South Korea Economy (7p~10p) | [Withdrawal Sheet] Briefing Paper: Security Conditions in South Korea on Relationship to the President’s visit (11p~12p) | [Withdrawal Sheet] Briefing Paper: Prospects for Stability on the Korean Peninsula (13p~14p) | US-Korea Economic Relations (15p~18p) | Foreign Policy of the ROK (19p~22p) | The Korean Question on the Unoted Nations (23p~26p)
usa2-포드-126,"November 1974 - Japan, Korea and USSR - Briefing Book -",,포드대통령도서관,1974,Seoul (4) Trip Briefing Books and Cables for President Gerald Ford ▹ Presidential,PZA0002410,3,"포드대통령 방한 일정표, 한국 주요 인사에 대한 이력 및 평가 보고","Memorandum from Terry O’donell to the President: Summary Schedule - Japan, Korea, and USSR Trip, Nov. 17-25, 1974 (1p~6p) | [Withdrawal Sheet] Biography: Republic of Korea Official (7p~8p) | Richard L. Sneider: American Ambassador to Korea (9p~9p) 152 대통령기록관 해외기록물 수집목록집"
usa2-포드-127,"November 1974 - Japan, Korea and USSR - Briefing Book -",,포드대통령도서관,1974,Tokyo (2) Trip Briefing Books and Cables for President Gerald Ford ▹ Presidential,PZA0002411,1,포드대통령 방일 준비자료 중 한반도 분단 상황에 관한 발언요점 자료,Issues/ Talking Points: Korean Peninsula (1p~3p)
usa2-포드-128,"November 1974 - Japan, Korea and USSR - Cables",,포드대통령도서관,1974,Trip Briefing Books and Cables for President Gerald Ford ▹ Presidential,PZA0002412,4,포드대통령 방한과 관련하여 주한 미대사관에서 전송한 전문,Telegram from USINFO WashDC to White House Room Immediate: President’s far East trip (1p~3p) | Telegram from AMEMBASSY Seoul to AMEMBASSY Tokyo: Presidential visit: Joint Communique(4p~7p) | Telegram from AMEMBASSY Seoul: Presidential visit: Circuit Activation (8p~8p) | Telegram from AMEMBASSY Seoul to AMEMBASSY Tokyo: Presidential visit: Joint Communique (9p~10p)
usa2-포드-129,"November 1974 - Japan, Korea and USSR - General (3)",,포드대통령도서관,1974,Trip Briefing Books and Cables for President Gerald Ford ▹ Presidential,PZA0002413,5,포드대통령 방한 준비를 위해 주한 미대사관과 국무부 사이에 오고간 전문,"Memorandum from W. R. Smeyser to Secretary Kissinger: Announcement on the President’s visit to Korea (1p~1p) | NSC Correspondence Profile (2p~2p) | Telegram from AMEMBASSY Seoul to SECSTATE WashDC: Presidential Visit (3p~6p) | Telegram from AMEMBASSY Seoul to SECSTATE WashDC: Presidential Visit, Schedule for Mrs. Ford (7p~8p) | Telegram from SECSTATE WashDC to AMEMBASSY Seoul: Proposed Schedule for Presidential visit (9p~9p)"
usa2-포드-130,"November 1974 - Japan, Korea and USSR - General (4)",,포드대통령도서관,1974,Trip Briefing Books and Cables for President Gerald Ford ▹ Presidential,PZA0002414,6,헨리 키신저 내외를 초청한다는 내용의 포드대통령 방한 준비 자료,[Withdrawal Sheet] Memorandum from Jeanne Davis to Executive Secretary: Background Papers for the President’s Trip to Japan and South Korea (1p~1p) | [Withdrawal Sheet] Routing Slip for Jeanne Davis (2p~2p) 154 대통령기록관 해외기록물 수집목록집 | [Withdrawal Sheet] Profile: NSC Correspondence Profile (3p~3p) | Memorandum from W. R. Smeyser: Asking Mrs. Kissinger to Joint you on the Trip to Japan and Korea (4p~4p) | NSC Correspondence Profile (5p~5p) | Memorandum for Mr. George S. Springteen: President Ford’s Speeches and Joint Communiques in Japan and Korea (6p~7p) <첨부> NSC Correspondence Profile
usa2-포드-131,"November 1974 - Japan, Korea and USSR - General (5)",,포드대통령도서관,1974,Trip Briefing Books and Cables for President Gerald Ford ▹ Presidential,PZA0002415,11,"일정 확정을 위한 문서, 헨리 키신저의 방한 의미에 대한 대통령 브리핑 자료 등 포 드대통령 방한 준비 자료",Memorandum from W. R. Smeyser to General Scowcroft: The Advance Party to Tokyo and Seoul (1p~1p) | Telegram from AMEMBASSY Tokyo to AMEMBASSY Seoul: Presidential Travel (2p~2p) | Telegram from AMEMBASSY Tokyo to SECSTATE WashDC: Presidential Travel (3p~4p) | Telegram from AMEMBASSY Seoul to SECSTATE WashDC: Presidential Travel (5p~5p) | NSC Correspondence Profile (6p~6p) | Memorandum from Henry A. Kissinger to the President: Your Visit to Korea (7p~9p) | Memorandum from W. R. Smeyser to Secretary Kissinger: The President’s Trip to Korea (10p~10p) | Memorandum for Lieutenant General Brent Scowcroft: Planning for the President’s Visit to Korea (11p~14p) | Memorandum from Henry A. Kissinger to the President: Your Visit to Korea (15p~17p) | NSC Correspondence Profile (18p~18p) | Telegram from SECSTATE WashDC to AMEMBASSY Seoul: Presidential Visit (19p~19p)
usa2-포드-132,"November 1974 - Japan, Korea and USSR - General (6)",,포드대통령도서관,1974,Trip Briefing Books and Cables for President Gerald Ford ▹ Presidential,PZA0002416,2,포드대통령 영부인의 방한 주요 일정 등 포드대통령 방한 준비 자료,Memorandum for Lieutenant General Brent Scowcroft: Activities for Mrs. Ford During Korean visit (1p~2p) | NSC Correspondence Profile (3p~3p)
usa2-포드-133,"November 1974 - Japan, Korea and USSR - General (8)",,포드대통령도서관,1974,Trip Briefing Books and Cables for President Gerald Ford ▹ Presidential,PZA0002417,7,포드대통령에게 한국의 독재정부에 압력을 행사할 것을 요청하는 일부 미 하원의 원들의 서신,"Memorandum from John A. Froebe, Jr. to General Scorcroft: Requested by Eight Congressman to Call on the President Prior to his Visit to South Korea (1p~3p) | Letter from William E. Timmons to Thomas P. O’Neill: Oct 30, 1974 (3p~4p) | Letter for the President: Oct 24, 1974 (5p~6p) | NSC Correspondence Profile (7p~7p) 156 대통령기록관 해외기록물 수집목록집 | Memorandum from John A. Froebe, Jr. to General Scorcroft: Preparation for the President’s Japan and South Korean Visits (8p~8p) | [Withdrawal Sheet] Memorandum from Brent Scowcroft for the President: Preparation for your Japan and South Korean Visits (9p~9p) | [Withdrawal Sheet] Profile: NSC Correspondence Profile (10p~10p)"
usa2-포드-134,"November 1974 - Japan, Korea and USSR - General (10)",,포드대통령도서관,1974,Trip Briefing Books and Cables for President Gerald Ford ▹ Presidential,PZA0002418,3,포드대통령 방한을 위한 대통령 브리핑 자료,Memorandum for Lieutenant General Brent Scowcroft: Briefing Paper for the President’s Visit to Korea (1p~4p) | Memorandum for Lieutenant General Brent Scowcroft: Briefing Paper for the President’s Visit to Korea (5p~9p) <첨부> Briefing Paper for the President’s Visit to Korea | NSC Correspondence Profile (10p~10p) <첨부> Briefing Paper for the President’s Visit to Korea
usa2-포드-135,"November 1974 - Japan, Korea and USSR - General (11)",,포드대통령도서관,1974,Trip Briefing Books and Cables for President Gerald Ford ▹ Presidential,PZA0002419,1,포드대통령 방한 중 예정된 한미 비공개 정상회담에서 논의될 아젠다에 관한 전문,Telegram from AMEMBASSY Seoul to SECSTATE WashDC: Presidential Visit: Substantive Discussions (1p~3p)
usa2-포드-136,"November 1974 - Japan, Korea and USSR - General (12)",,포드대통령도서관,1974,Trip Briefing Books and Cables for President Gerald Ford ▹ Presidential,PZA0002420,7,주요 이슈별 요점 발언 및 예상 답변 등 한미 정상회담 준비자료,"[Withdrawal Sheet] Memorandum from Henry A. Kissinger: Meeting with the President of the Republic of Korea, Park Chung-Hee (1p~1p) | Prospects for Stability on the Korean peninsula (2p~5p) | Political prospects in South Korea (6p~8p) | Meeting with the President of the Republic of Korea, Park Chung-Hee (9p~14p) | [Withdrawal Sheet] Memorandum (15p~15p) | Memorandum from John A. Froebe, Jr. to Secretary Henry Kissinger: Recommended Talking Points for the President’s Meeting with South Korea President Park Chung-Hee During the President’s Coming Visit to Korea, November 22-23, 1974 (16p~18p) 158 대통령기록관 해외기록물 수집목록집 | NSC Correspondence Profile (19p~19p)"
usa2-포드-137,"November 1974 - Japan, Korea and USSR - General (13)",,포드대통령도서관,1974,Trip Briefing Books and Cables for President Gerald Ford ▹ Presidential,PZA0002421,4,경제관련 이슈에 대비한 미 재무부측의 대통령 브리핑 자료 등 한미 정상회담 준 비자료,"Memorandum for Messers. Scowcroft and Seidman: Nov 13, 1974 (1p~1p) | Memorandum for the President: Your Meeting with Korean President PARK (2p~11p) <첨부1> The Korean Economy <첨부2> Issues/ Talking Points: PL 480 Shipments for Korea un Arrears <첨부3> Issues/ Talking Points: Korean wish to borrow more from IMF oil facility <첨부4> Issues/Talking Points: Possible Financial Default of Asian Textile Mills on Contracts Held by U.S. Cotton Merchants | NSC Correspondence Profile (12p~12p) | [Withdrawal Sheet] Telegram from SECSTATE WashDC to AMEMBASSY Seoul: Presidential Visit: Substantive Discussion with President Park (13p~13p)"
usa2-포드-138,"November 1974 - Japan, Korea and USSR - General (14)",,포드대통령도서관,1974,Trip Briefing Books and Cables for President Gerald Ford ▹ Presidential,PZA0002422,2,한국의 원조 증가 요청과 같은 경제관련 이슈에 대비해 미 재무부가 마련한 대통 령 브리핑 자료,Memorandum for the President: Your Meeting with Korean President PARK (1p~10p) <첨부1> The Korean Economy <첨부2> Issues/ Talking Points: PL 480 Shipments for Korea un Arrears <첨부3> ’Issues/ Talking Points: Korean wish to borrow more from IMF oil facility <첨부4> ’Issues/Talking Points: Possible Financial Default of Asian Textile Mills on Contracts Held by U.S. Cotton Merchants | NSC Correspondence Profile (11p~11p)
usa2-포드-139,"November 1974 - Japan, Korea and USSR - General (15)",,포드대통령도서관,1974,Trip Briefing Books and Cables for President Gerald Ford ▹ Presidential,PZA0002423,1,포드대통령 방한을 위한 대통령 브리핑 자료 일부를 수정한 국무부 문서,"Memorandum for Lieutenant General Brent Scowcroft: Briefing Material for Japan, Korea, and USSR (1p~6p) 160 대통령기록관 해외기록물 수집목록집"
usa2-포드-140,"November 1974 - Japan, Korea and USSR - General (21)",,포드대통령도서관,1974,Trip Briefing Books and Cables for President Gerald Ford ▹ Presidential,PZA0002424,1,한국의 캐나다 원자력 발전시설 구매 계획과 이에 대한 미국의 대응 관련 문서,[Withdrawal Sheet] Memorandum from David Elliott to General Scowcroft: Sale of Canadian Nuclear Reactor to South Korea (1p~1p) | Memorandum from David Elliott to General Scowcroft: Sale of Canadian Nuclear Reactor to South Korea (2p~3p) | [Withdrawal Sheet] Bulletin: Canada-South Korea (4p~5p)
usa2-포드-141,"November 1974 - Japan, Korea and USSR - General (22)",,포드대통령도서관,1974,Trip Briefing Books and Cables for President Gerald Ford ▹ Presidential,PZA0002425,1,한미정상회담 대화록의 최종안 확정을 위한 한국측 수정안 제안에 관한 문서,Telegram from AMEMBASSY Seoul to AMEMBASSY Tokyo: Presidential visit: Joint Communique (1p~7p)
usa2-포드-142,"November 1974 - Japan, Korea and USSR - General (24)",,포드대통령도서관,1974,Trip Briefing Books and Cables for President Gerald Ford ▹ Presidential,PZA0002426,2,"박정희대통령과의 정상회담 준비를 위한 체크리스트, 한국내 미국 기독교인사들 의 환담 요청 등","Letter from W. R. Smyser to General Scowcroft: Nov 20, 1974 (1p~4p) <첨부> Check List for the President’s Meeting with President Park | Memorandum from W. R. Smyser to Secretary Kissinger: Meeting with Opposition Groups in Korea (5p~5p)"
usa2-포드-143,"November 1974 - Japan, Korea and USSR - General (25)",,포드대통령도서관,1974,Trip Briefing Books and Cables for President Gerald Ford ▹ Presidential,PZA0002427,1,박정희대통령과의 정상회담 시 논의될 이슈에 관한 체크리스트,Check List for the President’s Meeting with President Park (1p~3p) 162 대통령기록관 해외기록물 수집목록집
usa2-포드-144,"November 1974 - Japan, Korea and USSR - HAKTO (5)",,포드대통령도서관,1974,Trip Briefing Books and Cables for President Gerald Ford ▹ Presidential,PZA0002428,1,헨리 키신저가 보낸 전문(비공개),[Withdrawal Sheet] Telegram from Henry A. Kissinger to Ambassador Sneider: South Korea (1p~1p)
usa2-포드-145,"November 1974 - Japan, Korea and USSR - HAKTO (12)",,포드대통령도서관,1974,Trip Briefing Books and Cables for President Gerald Ford ▹ Presidential,PZA0002429,1,헨리 키신저가 보낸 전문(비공개),"[Withdrawal Sheet] Telegram from Secretary Kissinger to General Scowcroft: Japan, Korea, USSR trip (1p~1p)"
usa2-포드-146,"November 1974 - Japan, Korea and USSR - TOHAK,",,포드대통령도서관,1974,10/23-11/9/74 (4) Trip Briefing Books and Cables for President Gerald Ford ▹ Presidential,PZA0002430,2,헨리 키신저가 보낸 전문(일부 비공개),"[Withdrawal Sheet] Telegram from Situation Room to Secretary Kissinger: North Korea, USSR (1p~1p) | Telegram from the Situation Room to AMEMBASSY DACCA: Information Items (2p~4p)"
usa2-포드-147,"November 1974 - Japan, Korea and USSR - TOHAK,",,포드대통령도서관,1974,10/23-11/9/74 (5) Trip Briefing Books and Cables for President Gerald Ford ▹ Presidential,PZA0002431,2,"북한-베네주엘라 외교정상화, 북한 정찰기 운항 동향 등을 보고하는 전문","[Withdrawal Sheet] Telegram from Situation Room to Secretary Kissinger: South Africa, South Vietnam, Middle East, and Venezuela-North Korea (1p~1p) | Telegram from the Situation Room to AMEMBASSY Islamabad: Information Items (2p~5p) | [Withdrawal Sheet] Telegram from Situation Room to Secretary Kissinger: Iraq, USSR, and North Korea (6p~6p) | Telegram from the Situation Room to AMEMBASSY Islamabad: Information Items (7p~8p) 164 대통령기록관 해외기록물 수집목록집"
usa2-포드-148,"November 1974 - Japan, Korea and USSR - TOHAK,",,포드대통령도서관,1974,10/23-11/9/74 (6) Trip Briefing Books and Cables for President Gerald Ford ▹ Presidential,PZA0002432,2,헨리 키신저에게 보낸 전문(비공개),[Withdrawal Sheet] Telegram from Situation Room to Secretary Kissinger: North Korea (1p~1p)
usa2-포드-149,"November 1974 - Japan, Korea and USSR - TOHAK,",,포드대통령도서관,1974,10/23-11/9/74 (9) Trip Briefing Books and Cables for President Gerald Ford ▹ Presidential,PZA0002433,2,북한이 영국에 상용 제트기의 구매를 요청했다는 소식을 보고한 전문,"[Withdrawal Sheet] Telegram from Situation Room to Secretary Kissinger: North Korea, Middle East, and Ireland (1p~1p) | Telegram from the Situation Room to AMEMBASSY Rome: Evening Notes (2p~3p)"
usa2-포드-150,"November 1974 - Japan, Korea and USSR - TOHAK,",,포드대통령도서관,1974,10/23-11/9/74 (13) Trip Briefing Books and Cables for President Gerald Ford ▹ Presidential,PZA0002434,1,헨리 키신저에게 보낸 전문(비공개),[Withdrawal Sheet] Telegram from Brent Scowcroft to Secretary Kissinger: Korea trip (1p~1p)
usa2-포드-151,"November 1974 - Japan, Korea and USSR - TOHAK,",,포드대통령도서관,1974,11/17-30/74 (1) Trip Briefing Books and Cables for President Gerald Ford ▹ Presidential,PZA0002435,2,중국에 전달한 한반도 문제에 대한 미국의 입장,"Telegram from the Situation Room to Gen. Scowcroft: Suggested Talking Points on Korea for Secretary’s Visit to Peking (1p~3p) | [Withdrawal Sheet] Telegram from Situation Room to Secretary Kissinger: Thailand, USSR- Syria, Cuba, North Korea, and South Vietnam (4p~4p) 166 대통령기록관 해외기록물 수집목록집"
usa2-포드-152,"November 1974 - Japan, Korea and USSR - TOHAK,",,포드대통령도서관,1974,11/17-30/74 (2) Trip Briefing Books and Cables for President Gerald Ford ▹ Presidential,PZA0002436,3,헨리 키신저에게 보낸 전문 (일부 비공개),"[Withdrawal Sheet] Telegram from Dick Kennedy to General Scowcroft: China, Korea (1p~1p) | [Withdrawal Sheet] Telegram from Situation Room to Secretary Kissinger: USSR, North Korea, Brazil, Honduras (2p~2p) | Telegram from the Situation Room to Gen. Scowcroft: Additional Information Items (3p~6p)"
usa2-포드-153,"November 1974 - Japan, Korea and USSR - TOHAK,",,포드대통령도서관,1974,11/17-30/74 (6) Trip Briefing Books and Cables for President Gerald Ford ▹ Presidential,PZA0002437,2,헨리 키신저에게 보낸 전문(일부 비공개),"[Withdrawal Sheet] Telegram from the Situation Room to Secretary Kissinger: South Korea, Ethiopia (1p~1p) | Telegram from the Situation Room to Jerry Bremer for the Secretary: Information items (2p~3p)"
usa2-포드-154,"Nov. 28-Dec. 7, 1975-Far East International Issues President’s",,포드대통령도서관,1972 ~ 1975,Copy (5) Trip Briefing Books and Cables for President Gerald Ford ▹ Presidential,PZA0002438,6,포드대통령의 북경 방문을 위한 브리핑 자료 중 남북한 분단문제에 관한 미국 및 중국의 공식입장과 협상 내용 정리 자료,Korea: October 1975 Talks (1p~3p) | Korea: November 1973 Talks (4p~5p) | Korea: February 1973 Talks (6p~8p) | Korea: June Talks [1972] (9p~10p) | Korea: February Talks [1972] (11p~11p) | Korea (12p~18p)
usa2-포드-155,"Nov. 28-Dec. 7, 1975-Far East Meeting with Chairman Mao",,포드대통령도서관,1975,President’s Copy (3) Trip Briefing Books and Cables for President Gerald Ford ▹ Presidential,PZA0002439,1,1975년 10월 모택동 주석과 헨리 키신저 국무장관간의 회담록으로 6·25전쟁 당 시 중국 참전을 비판하는 유엔결의안에 대한 언급이 포함됨,"Memorandum of Conversation: Chairman Mao’s Residence, Peking (1p~17p) 168 대통령기록관 해외기록물 수집목록집"
usa2-포드-156,"November 28 - December 7, 1975 - Far East for Meetings with",,포드대통령도서관,1975,Teng Hsiao-P’ing (2) Trip Briefing Books and Cables for President Gerald Ford ▹ Presidential,PZA0002440,1,한반도 문제에 대한 미국 및 중국측 입장을 간략히 정리한 포드대통령 방중 브리 핑 자료,Korea (1p~3p)
usa2-포드-157,"November 28 - December 7, 1975 - Far East TOSCO (5)",,포드대통령도서관,1975,Trip Briefing Books and Cables for President Gerald Ford ▹ Presidential,PZA0002441,2,국가안보보좌관 Brent Scrowcroft에게 전달된 전문,[Withdrawal Sheet] Telegram: TOSCO 55 (1p~1p) | Telegram from the Situation Room to General Scowcroft: Information Items (2p~3p)
usa2-포드-158,"November 28 - December 7, 1975 - Far East TOSCO (7)",,포드대통령도서관,1975,Trip Briefing Books and Cables for President Gerald Ford ▹ Presidential,PZA0002442,2,한국이 프랑스로부터 핵발전 설비를 구매하려고 한다는 내용을 포함한 국가안보 보좌관 Brent Scrowcroft의 보고,[Withdrawal Sheet] Telegram: TOSCO 75 (1p~1p) | Telegram from the Situation Room to General Scowcroft: Information Items (2p~3p)
usa2-포드-159,"November 28 - December 7, 1975 - Far East TOSEC (3)",,포드대통령도서관,1974,Trip Briefing Books and Cables for President Gerald Ford ▹ Presidential,PZA0002443,2,제30차 유엔총회에서 한국문제 결의안에 대해 미국에 반대하는 표를 던진 일부 국가에 항의하겠다는 내용의 전문,Telegram from SECSTATE WashDC to USDEL Secretary: UN Korean vote Sanctions (1p~2p) | [Withdrawal Sheet] Telegram from Robinson to Henry A. Kissinger: ROK Nuclear Reprocessing (3p~3p) 170 대통령기록관 해외기록물 수집목록집
usa2-포드-160,"November 28 - December 7, 1975 - Far East TOSEC (5)",,포드대통령도서관,1975,Trip Briefing Books and Cables for President Gerald Ford ▹ Presidential,PZA0002444,2,한국의 핵 재처리시설 구매를 위한 프랑스와의 협상에 대해 우려를 표하는 내용의 전문,Telegram from SECSTATE WashDC to USDEL Secretary: ROK Nuclear Reprocessing Plant Negotiation (1p~3p) | Telegram from SECSTATE WashDC to USDEL Secretary: ROK Nuclear Reprocessing Plant Negotiation (4p~6p)
usa2-포드-161,Ambassador Kintner’s Study of U.S. Policy Interest in,,포드대통령도서관,1976,the Asian-Pacific Area Trip Briefing Books and Cables for President Gerald Ford ▹ East Asia and,PZA0002445,3,1973-75년 주태국 미국대사였던 William R. Kintner의 연구논문에 포함된 NCS 메모 및 요약본,"Memorandum from Thomas J. Barnes to Brent Scowcroft: SRG Meeting: Ambassador Kitner’s Study of U.S. Policy (1p~1p) | Interest in the Asian-Pacific Area (2p~2p) | Letter from William R. Kitner to Brent: Oct 31, 1975 (3p~105p)"
usa2-포드-162,Japan (9),,포드대통령도서관,1975,Trip Briefing Books and Cables for President Gerald Ford ▹ East Asia and,PZA0002446,2,미키 타케오 일본총리를 포함한 일본측 인사들과 슐레진저 국방장관간의 남북한 군사대치 상황 및 한반도문제에 관한 대담 내용,Memorandum from Howard D. Graves to LTC Robert C. Mcfarlane (1p~6p) | Memorandum of Conversation: SecDef Meeting with Japanese Prime Minister (7p~10p)
usa2-포드-163,Japan - State Department Telegrams: From SECSTATE - NODIS (6),,포드대통령도서관,1975,Trip Briefing Books and Cables for President Gerald Ford ▹ East Asia and,PZA0002447,2,한국의 핵무기개발 및 한반도 분쟁 발발시 주일미군의 개입 관련 전문,Telegram from SECSTATE WashDC to AMEMBASSY Tokyo: ROK plans to develop Nuclear Weapons and Missiles (1p~2p) | Telegram from SECSTATE WashDC to AMEMBASSY Tokyo: Developmentof US Forces 10 Korea (3p~4p) 172 대통령기록관 해외기록물 수집목록집
usa2-포드-164,Japan - State Department Telegrams: From SECSTATE - NODIS (7),,포드대통령도서관,1975,Trip Briefing Books and Cables for President Gerald Ford ▹ East Asia and,PZA0002448,1,유엔총회 한국 관련 결의안 투표에 관한 논의,Telegram from SECSTATE WashDC to AMEMBASSY Tokyo: Korean question in UN (1p~4p)
usa2-포드-165,Japan - State Department Telegrams: To SECSTATE - EXDIS (1),,포드대통령도서관,1974,Trip Briefing Books and Cables for President Gerald Ford ▹ East Asia and,PZA0002449,2,1974년 8월 15일 대통령 저격사건(일명 문세광사건)이후 악화된 한일관계에 관 한 보고,Telegram from AMEMBASSY Tokyo to SECSTATE WashDC: Current Japan-ROK Dispute (1p~2p) | Telegram from AMEMBASSY Tokyo to SECSTATE WashDC: ROK-Japan Relations (3p~5p)
usa2-포드-166,Japan - State Department Telegrams: To SECSTATE - EXDIS (2),,포드대통령도서관,1974,Trip Briefing Books and Cables for President Gerald Ford ▹ East Asia and,PZA0002450,2,유엔총회 한국 관련 결의안 투표에 대한 일본측 입장 및 한중 관계 개선 관련 보고,Telegram from AMEMBASSY Tokyo to SECSTATE WashDC: UNGA: Korea (1p~5p) | Telegram from AMEMBASSY Tokyo to SECSTATE WashDC: ROK Message to Peking (6p~7p)
usa2-포드-167,Japan - State Department Telegrams: To SECSTATE - NODIS (1),,포드대통령도서관,1974,Trip Briefing Books and Cables for President Gerald Ford ▹ East Asia and,PZA0002451,1,1974년 한일관계 악화에도 불구하고 유엔총회 한국관련 결의안에 대한 지지를 표 명한 전문,Telegram from AMEMBASSY Tokyo to SECSTATE WashDC: Japanese-Korean Difficulties (1p~2p) 174 대통령기록관 해외기록물 수집목록집
usa2-포드-168,Japan - State Department Telegrams: To SECSTATE - NODIS (4),,포드대통령도서관,1975,Trip Briefing Books and Cables for President Gerald Ford ▹ East Asia and,PZA0002452,1,한국의 핵무기 개발계획 관련 정보를 요청한 전문,Telegram from AMEMBASSY Tokyo to SECSTATE WashDC: ROK Plans to Develop Nuclear Weapons and Missiles (1p~1p)
usa2-포드-169,Japan - State Department Telegrams: To SECSTATE - NODIS (5),,포드대통령도서관,1975,Trip Briefing Books and Cables for President Gerald Ford ▹ East Asia and,PZA0002453,2,"한국의 한,미,일 3국 정상회담 제안, 한국의 핵무기 개발계획에 대한 일본 중의원 의 논의 등 보고",Telegram from AMEMBASSY Tokyo to SECSTATE WashDC: U.S. GOJ-ROKG Summitt PROPOSAHJ (1p~2p) | Telegram from AMEMBASSY Tokyo to SECSTATE WashDC: Diet Discussions RE Korea and Nuclear Issue (3p~3p)
usa2-포드-170,Japan - State Department Telegrams: To SECSTATE - NODIS (7),,포드대통령도서관,1976,Trip Briefing Books and Cables for President Gerald Ford ▹ East Asia and,PZA0002454,1,주한미군의 F-4 전투기 배치에 관한 일본의 동의 표명 전문,Telegram from AMEMBASSY Tokyo to SECSTATE WashDC: Korean Augmentation Moves (1p~2p)
usa2-포드-171,People’s Republic of China - State Department Telegrams:,,포드대통령도서관,1974,From SECSTATE - NODIS (1) Trip Briefing Books and Cables for President Gerald Ford ▹ East Asia and,PZA0002455,2,유엔총회 한국 문제에 대해 중국과 논의한 결과 보고,Telegram from SECSTATE WashDC to RUMJSL/ AMEMBASSY Seoul: Statement to PRC on Korea and UNC (1p~2p) | Telegram from SECSTATE WashDC to USLO Peking: Korea (3p~8p) 176 대통령기록관 해외기록물 수집목록집
usa2-포드-172,People’s Republic of China - State Department Telegrams:,,포드대통령도서관,1974,To SECSTATE - NODIS(4) Trip Briefing Books and Cables for President Gerald Ford ▹ East Asia and,PZA0002456,1,Masfield 상원의원과 중국측 고위인사간의 회담 내용 및 남북한 분단에 관한 간 략 논의 내용,Telegram from USLO Peking to SECSTATE WashDC: Discussion between Senator Mansfield and Chicago Kuan-Kua on Current World Issues (1p~7p)
usa2-포드-173,People’s Republic of China - State Department Telegrams:,,포드대통령도서관,1976,To SECSTATE - NODIS(7) Trip Briefing Books and Cables for President Gerald Ford ▹ East Asia and,PZA0002457,2,부토 파키스탄 수상이 한국 문제를 중재할 용의가 있다는 것을 전하는 전문 및 한 국 문제를 포함한 중국 주요 인사와의 대화록 보고,Telegram from USLO Peking to SECSTATE WashDC: Bhutto Offer of Assistance on Korea (1p~1p) | Telegram from USLO Peking to SECSTATE WashDC: Text of AMB Gates June 10 Meeting with Premier HUA KUO-FENG (2p~17p)
usa2-포드-174,People’s Republic of China - State Department Telegrams:,,포드대통령도서관,1976,To SECSTATE - NODIS(9) Trip Briefing Books and Cables for President Gerald Ford ▹ East Asia and,PZA0002458,1,한국 문제를 포함한 미 의회대표단과 중국 외무부차관간 대담 내용 보고,Telegram from USLO Peking to SECSTATE WashDC: Verbatim Transcript of Meeting between Congressional Staff Delegation and vice Foreign Minister Wang Hai-Jung (1p~16p)
usa2-포드-175,Vietnam (24),,포드대통령도서관,1975,Trip Briefing Books and Cables for President Gerald Ford ▹ East Asia and,PZA0002459,3,남북 베트남의 유엔가입 문제와 연계해 남북한의 유엔가입에 관한 논의 보고,Memorandum from W. R. Smyser to Secretary Kissinger: Admission of North Vietnam and the PRG to the United Nations (1p~2p) | TOHAK 82 (3p~4p) | NSC Correspondence Profile (5p~5p) 178 대통령기록관 해외기록물 수집목록집
usa2-포드-176,7505336 - Admission of Vietnam to United Nations,,포드대통령도서관,1975,Presidential Files of National Security Council Logged Documents ▹ Institutional Files (IF) and National Security Council Files (NS) for the,PZA0002460,2,남북 베트남 유엔 동시가입과 관련된 Moynihan 주유엔 미국대표의 서신 및 관련 기록,Memorandum from Hal Horan to Brent Scowcroft: Admission of the Vietnams to the United States (1p~1p) | Telegram from USMISSION USUN NY to SECSTATE WashDC: The Admission of North and South Vietnam to the United Nations (2p~6p)
usa2-포드-177,"Mansfield, Senator Mike",,포드대통령도서관,1975,Presidential Name Files ▹ Name Files,PZA0002461,1,Mansfiled 상원의원의 극동 방문시 북한으로부터 비공식 초청의사가 전달되었다 는 보고,Memorandum for Lieutenant General Brent Scowcroft: Briefing Material for the President’s Meeting with Senator Mansfield (1p~2p)
usa2-포드-178,"Foreign Policy - Gerald Ford’s First Year Accomplishments,",,포드대통령도서관,1975,July 1975 Peter W. Rodman Files ▹ Peter Rodman’s Subject Files,PZA0002462,1,포드대통령 취임 1년의 외교정책 성과에 대한 헨리 키신저 국무장관의 평가,Memorandum from Henry A. Kissinger to the President: Foreign Policy in Your First Year in Office (1p~9p)
usa2-포드-179,"Chronological File, August - September 1976",,포드대통령도서관,1976,Peter W. Rodman Files ▹ Peter Rodman’s Chronological Files,PZA0002463,1,8·18 판문점 도끼만행사건에 대한 소련측 입장 보고,Memorandum from Peter W. Ronman to William G. Hyland: Vorontsov Comments (1p~1p) 180 대통령기록관 해외기록물 수집목록집
usa2-포드-180,International Women’s Year Conference - Contingency Papers,,포드대통령도서관,1975,(1)-(2) Patricia Lindh and Jeanne Holm Files ▹ Patricia Lindh’s Files on the,PZA0002464,2,유엔총회 한국 문제에 대한 미국측 입장 보고,"United States Delegation to the World Conference of the International Women’s Year Mexico City, June 19- July 2, 1975 (1p~12p) <첨부1> Index <첨부2> CP/7 (Korea)-paper1 <첨부3> CP/7 (Korea)-paper2"
usa2-포드-181,National Security Council’s Requests for Edits of Courtesy,,포드대통령도서관,1975,"Messages, July 1975 (2) Paul Theis and Robert Orben Files ▹ Paul Theis’ and Robert Orben’s",PZA0002465,3,유엔 가입신청과 관련하여 미국의 협조를 요청하는 박정희대통령의 서신 및 미국 의 답신,"Telegram from White House to Seoul: National Day Message (1p~3p) <첨부> Suggested Reply | Telegram to Seoul: Letter from President ford to President Park on UN Membership (4p~5p) | Letter from Park Chung Hee to Gerald R. Ford: Jul 22, 1975 (6p~7p)"
usa2-포드-182,National Security Council’s Requests for Edits of Courtesy,,포드대통령도서관,1975,"Messages, August 1975 (1) Paul Theis and Robert Orben Files ▹ Paul Theis’ and Robert Orben’s",PZA0002466,1,유엔 가입신청에 대한 미국의 협조를 당부하는 박정희대통령 서신에 대한 답신 초고,"[Memo] from Jay Taylor to Paul Theiss: Aug 6, 1975 (1p~2p) <첨부> Suggested Presidential Reply to President Park"
usa2-포드-183,National Security Council’s Requests for Edits of Courtesy,,포드대통령도서관,1975,"Messages, August 1975 (2) Paul Theis and Robert Orben Files ▹ Paul Theis’ and Robert Orben’s",PZA0002467,1,박정희대통령 서신에 대해 유엔 가입문제를 보장할 수 없음에 대해 유감 표명을 미 국 답신 초안,"[Memo] from Jay Taylor to Paul Theiss: Aug 19, 1975 (1p~3p) <첨부1> proposed Presidential Letters to the Prime Minister fo Japan, takeo Miki <첨부2> proposed Presidential Letters to the President of the Republic of Korea, Park Chung Hee 182 대통령기록관 해외기록물 수집목록집"
usa2-포드-184,International Relations - General (1)-(3),,포드대통령도서관,1976,Philip W. Buchen Files ▹ Philip Buchen’s General Subject Files,PZA0002468,1,미국 위싱턴포스트 기자의 박동선 관련 면담 요청 자료,Scott Armstrong of the Washington Post said he had been referred to us by the Press Office (1p~3p)
usa2-포드-185,People for Ford - Administrative -Americans Abroad -,,포드대통령도서관,1976,Correspondence President Ford Committee Records ▹ Thomas Ruffin’s Subject Files,PZA0002469,2,한국 체류 미국인의 포드 대통령후보 지지 모음 자료,"Letter from Victor J. Reizman to Thomas Ruffin: Nov 1, 1976 (1p~2p) <첨부1> [press release]: The Korean times, Thursdat, Oct 7, 1976 <첨부2> [press release]: The Korea Herald, Saturday, Oct 16, 1976 | Letter from Victor J. Reizman (3p~3p)"
usa2-포드-186,"Carter Quotes-Korea, South",,포드대통령도서관,1976,,PZA0002470,1,,"[South Korea] (1p~8p) <첨부> [Newsclip] Washington Post: Sep 9, 1976 [Newsclip] Newsweek: may 10, 1976 [Newsclip] Newsweek may 10, 1976 [Newsclip] LA Times: May 16, 1976 [Newsclip] AP: Oct 16, 1976 [Newsclip] Time: May 31, 1976 [Newsclip] Washington Post: Mar 21, 1976 [Newsclip] UPI-May 3, 1976 Ed Stattman [Newsclip] NYT magazine: Jun 6, 1976 [Newsclip] AP: Jun 23, 1976 [Newsclip] National Democratic Issues conference: Nov 23, 1975 [Newsclip] AP: 6-23-76 [Newsclip] Chicago Tribune: Jil 30, 1976 [Newsclip] Washington Post: Sep 2, 1976"
usa2-포드-187,"White House - Congressional Leadership Meeting, 4/22/69",,포드대통령도서관,1969,Robert T. Hartmann Papers ▹ House of Representatives Subject File,PZA0002471,1,백악관과 의회지도자간의 회담 결과에 대한 언론브리핑(푸에블로호 사건에 대한 질의응답 포함) 184 대통령기록관 해외기록물 수집목록집,"Press conference of Senato Everett Mckinley Dirksen, Congressman Gerald R. Ford, and Ron ziegler, Press Secretary to the President (1p~7p)"
usa2-포드-188,"President - Trips - 11/18-24/74 - Japan, Korea, USSR -",,포드대통령도서관,1974,Invitations/Souvenirs - Korea Robert T. Hartmann Papers ▹ White House Subject File,PZA0002472,2,"초청장, 행사일정, 명함, 감사메모 등 포드대통령 방한 관련 자료",A night of Korean Folk Music and Dance in honor of his Excellency Gerald R. Ford President of the United States of America (1p~23p) | Details of Major events for the State visit of His Excellency Gerald R. Ford President of the United States… (24p~55p) <첨부> Transfer/Disposal Sheet: Eighteen postage stamps from the Republic of Korea. Stamp features likenesses of President Park and President Ford: New location: Museum
usa2-포드-189,"President - Trips - 11/18-24/74 - Japan, Korea, USSR -",,포드대통령도서관,1974,Press Notes (1)-(2) Robert T. Hartmann Papers ▹ White House Subject File,PZA0002473,9,포드대통령 방한과 관련해서 언론에 제공된 각종 자료,Visit of Gerald R. Fors President of the United States of America to Japan/ Republic of Korea/ Union of Soviet Socialist Republics (1p~83p) | The Tomb of the Unknown Soldier (84p~85p) | Tomb of Madame Park (86p~86p) | Camp Casey (87p~87p) | Yongsan Military Reservation(Site of Inclement Weather Schedule) (88p~88p) | The Blue House (89p~89p) | The Capitol Building (90p~90p) | Background Notes: (South) Korea (91p~98p) | Korea: Facts Book (99p~119p)
usa2-포드-190,12/7/75 - University of Hawaii,,포드대통령도서관,1975,Robert T. Hartmann Papers ▹ White House Speech File,PZA0002474,1,아시아 순방 후 하와이대학 동서문화센터에서 행한 포드대통령의 연설문(한국문 제 해결을 위한 다자간협력 방안 제시),"Remarks of President Gerald R. Ford East-West Center, University of Hawaii Honolulu, Hawaii Sunday - December 7, 1975 (1p~43p)"
usa2-포드-191,"Press Secretary Briefings, 9/20/74",,포드대통령도서관,1974,Ron Nessen Files ▹ Press Secretary’s Press Briefing Transcripts,PZA0002475,1,백악관 대변인실의 일간 언론브리핑 : 한국 방문 결정 이유 등에 관한 질의응답 186 대통령기록관 해외기록물 수집목록집,News Conference #32 at the White House with Jack Hushen (1p~15p)
usa2-포드-192,"Press Secretary Briefings, 11/22/74",,포드대통령도서관,1974,Ron Nessen Files ▹ Press Secretary’s Press Briefing Transcripts,PZA0002476,1,백악관 대변인실의 일간 언론브리핑 : 백악관 관계자가 반정부 종교계인사들과 면 담할 예정이라는 내용 포함,News Conference #77 at the White House Press Office with Ron Nessen (1p~2p)
usa2-포드-193,"Press Secretary Briefings, 11/26/74",,포드대통령도서관,1974,Ron Nessen Files ▹ Press Secretary’s Press Briefing Transcripts,PZA0002477,1,백악관 대변인실의 일간 언론브리핑 : 포드대통령이 의회지도자들에게 한국을 포 함한 외국순방 결과에 대해 설명한 내용 포함,News Conference #81 at the White House with Ron Nessen (1p~24p)
usa2-포드-194,"Press Secretary Briefings, 12/4/74",,포드대통령도서관,1974,Ron Nessen Files ▹ Press Secretary’s Press Briefing Transcripts,PZA0002478,1,백악관 대변인실의 일간 언론브리핑 : 박정희정부에 대한 질의응답 포함,News Conference #87 at the White House with Ron Nessen (1p~13p)
usa2-포드-195,"Press Secretary Briefings, 5/7/75",,포드대통령도서관,1975,Ron Nessen Files ▹ Press Secretary’s Press Briefing Transcripts,PZA0002479,1,백악관 대변인실의 일간 언론브리핑 : 월남전 이후 한국과의 유대관계 강화에 대한 질의응답 포함,News Conference #207 at the White House with Ron Nessen (1p~19p) 188 대통령기록관 해외기록물 수집목록집
usa2-포드-196,"Press Secretary Briefings, 8/18/76",,포드대통령도서관,1976,Ron Nessen Files ▹ Press Secretary’s Press Briefing Transcripts,PZA0002480,1,백악관 대변인실의 일간 언론브리핑 : 8·18 판문점 도끼만행사건에 대한 질의응답 포함,News Conference #564 at the White House with Ron Nessen (1p~13p)
usa2-포드-197,"Press Secretary Briefings, 8/21/76",,포드대통령도서관,1976,Ron Nessen Files ▹ Press Secretary’s Press Briefing Transcripts,PZA0002481,1,백악관 대변인실의 일간 언론브리핑 : 8·18 판문점 도끼만행사건에 대한 질의응답 포함,News Conference #568 at the White House with Ron Nessen (1p~10p)
usa2-포드-198,"Press Secretary Briefings, 9/20/74",,포드대통령도서관,1976,Ron Nessen Files ▹ Press Secretary’s Press Briefing Transcripts,PZA0002482,1,백악관 대변인실의 일간 언론브리핑 : 8·18 판문점 도끼만행사건에 대한 북한의 반응 등에 관한 질의응답 포함,News Conference #569 at the White House with Ron Nessen (1p~19p)
usa2-포드-199,"Correspondence - South Korea, 5/26/1975",,포드대통령도서관,1975,Ron Nessen Files ▹ Outgoing Correspondence with the Media,PZA0002483,1,한국 출판사의 자료요청에 대한 답신,"Letter from Ron Nessen to Thok-Kyu Limb: May 26, 1975 (1p~1p) 190 대통령기록관 해외기록물 수집목록집"
usa2-포드-200,National Security Guidance and Wires (2),,포드대통령도서관,1976,"Ron Nessen Files ▹ Subject File, 1974-77",PZA0002484,2,"헨리 키신저 국무장관이 제의할 한국문제 해결을 위한 4자회담과 관련하여, 국무 부와 주한 미대사관 사이에 오간 전문",Telegram from SECSTATE WashDC to AMEMBASSY USUN New York: Secretary’s July 22 Speech (1p~2p) | Telegram from AMEMBASSY Seoul to SECSTATE WashDC: Minister of Foreign Affairs Statement to be Made Following Secretary’s July 22 Speech (3p~4p)
usa2-포드-201,"Issues and Answers, 7/6/75 - James Schlesinger",,포드대통령도서관,1975,"Ron Nessen Files ▹ Sunday Interview Show Transcripts, 1974-76",PZA0002485,1,제임스 슐레진저 국방장관이 출연한 인터뷰 프로그램의 발언 전문으로 미국 핵무 기 및 한국 국방에 관한 내용 포함,ABC News: Issues and Answer (1p~15p)
usa2-포드-202,"Issues and Answers, 8/10/75 - Takeo Miki",,포드대통령도서관,1975,"Ron Nessen Files ▹ Sunday Interview Show Transcripts, 1974-76",PZA0002486,1,미키 타케오 일본총리가 출연한 인터뷰 프로그램의 발언 전문으로 주한미군과 한 반도 정세 등에 대한 내용 포함,ABC News: Issues and Answer (1p~18p)
usa2-포드-203,"11/17-24/74 - Alaska, Japan, Korea, USSR: Briefings",,포드대통령도서관,1974,"Ron Nessen Files ▹ Presidential Trip, 1974-78",PZA0002487,1,포드대통령 방한 기간 중 백악관 대변인의 기자브리핑 : 주한 미대사관에서의 데 모 등에 대한 질의 응답 등 포함,News Conference #75 at the White House Press Office with Ron Nessen (1p~9p) 192 대통령기록관 해외기록물 수집목록집
usa2-포드-204,"11/17-24/74 - Alaska, Japan, Korea, USSR: Facts Book and",,포드대통령도서관,1974,"Publications (1)-(3) Ron Nessen Files ▹ Presidential Trip, 1974-78",PZA0002488,1,포드대통령 방한기간 중 수행한 기자들에게 배포할 목적으로 미 국무부가 작성한 한국의 역사 및 정치 등에 관한 참고자료,Korea: Facts Book (1p~32p)
usa2-포드-205,"11/17-24/74 - Alaska, Japan, Korea, USSR: Facts Book and",,포드대통령도서관,1974,"Publications (1)-(3) Ron Nessen Files ▹ Presidential Trip, 1974-78",PZA0002489,9,포드대통령 방한 기간 중 행한 각종 연설문 및 Philip Habib 국무부 아태차관보의 기자회견문,A Toast by the President after dinner at the Banquet Hall (1p~3p) | Press conference of Philip C. Habib Assistant Secretary of State for East Asian and Pacific Affairs (4p~12p) | Joint Communique between President Gerald R. Ford and President Park Chung Hee (13p~15p) | Notice to the Press (16p~16p) <첨부1> Gifts from President Park to President Ford <첨부2> Gifts from President Ford to President Park | Text of a Toast by the President to be delivered after dinner at the Banquet Hall (17p~18p) | Biographical Information: Government Officials of the Republic of Korea (19p~20p) | RemarksofthePresidentattheTaeKwonDomatches (21p~21p) | Remarks of the President at the Kimpo International Airport (22p~23p) | Joint Communique between President Gerald R. Ford and President Park Chung Hee (24p~26p)
usa2-포드-206,Korea,,포드대통령도서관,1975 ~ 1976,"Ron Nessen Files ▹ Foreign Guidance for Press Briefings, 1974-77",PZA0002490,31,"각종 한국 관련 이슈에 대한 질의응답 자료, 답변 가이드 및 브리핑 메모 등","[Memo] (1p~1p) | Do you have any reaction to the call by a large number of Korean opposition leaders for the President to reconsider his trip to Korea … (2p~2p) | Do you have any reaction to the Korean release of five Americans imprisoned there? (3p~3p) | Is the President going to send any kind of Congressional letter to President Park of Korea on the outcome of the referandum today? (4p~4p) | Is the President going to send any kind of Congressional letter to President Park of Korea on the outcome of the referandum today? (5p~5p) | Korea: May 7, 1975 (6p~6p) | Meeting with the Speaker of the South Korean National Assembly Chung Il-Kwon: Press Announcement (7p~7p) | Meeting with the Speaker of the South Korean National Assembly Chung Il-Kwon: Background Information (8p~8p) | President’s Meeting with Arthur Goldberg: Press Announcement (9p~9p) | Korea: May 9, 1975 (10p~10p) | Republic of Korea (11p~11p) | South Korean New Emergency Measures (12p~13p) | South Korean New Emergency Measures (14p~15p) | South Korean Resolution (16p~17p) | Korea and Nuclear Weapons (18p~18p) 194 대통령기록관 해외기록물 수집목록집 | Telegram from SECSTATE WashDC to AMEMBASSY Seoul: SECDEF Press Conference: Public Affairs Guidance (19p~19p) | Korea and the UN Peace Keeping Force (20p~20p) | Nuclear Weapons in Korea (21p~21p) | Korea: 9/2/76 (22p~22p) | AnnouncementofAgreement with North Koreans on the DMZ (23p~23p) | Human rights in Korea (24p~24p) | U.S. Policy on Troop Withdrawal from Korea (25p~26p) | Laird’s Statement on Troop Withdrawals: Korea (27p~27p) | Kim Sang-Kun Case (28p~28p) | Memorandum from Les Janka to Ron Nessen: Morning Press Items (29p~29p) | US-Korean Altercation (30p~30p) | kissinger’s Korea Proposal (31p~33p) | Do you have any comment on the Crosby Noyes column yesterday which questioned the wisdom of the President making a trip to japan and Korea at this time?... (34p~34p) | Vietnam, South Korea UN Membership (35p~35p) | Political Impact of Visit to Korea (36p~36p) | Guidance (37p~37p)"
usa2-포드-207,"NSC Meeting, 12/2/74 - President and HAK Report on Trip",,포드대통령도서관,1974,National Security Council Institutional Files ▹ IFM (Institutional,PZA0002491,1,헨리 키신저의 한국방문 결과 보고가 수록된 미 국가안보회의 문서,National Security Council Meeting from Henry A. Kissinger (1p~6p)
usa2-포드-208,"Senior Review Group Meeting, 11/11/74 - Japan (NSSM 210) (2)",,포드대통령도서관,1974,National Security Council Institutional Files ▹ IFM (Institutional Files –,PZA0002492,2,포드대통령의 방일을 앞두고 진행된 대일정책에 대한 검토 결과 보고서,Analytical Summary (1p~14p) | Memorandum for Lieutenant General Brent Scowcroft: Submission of Response to NSSM 210 (15p~17p) <첨부> NSSM 210 - Revies of Policy Toward Japan: Table of Contents
usa2-포드-209,"Senior Review Group Meeting, 11/11/74 - Japan (NSSM 210) (3)",,포드대통령도서관,1974,National Security Council Institutional Files ▹ IFM (Institutional Files –,PZA0002493,2,포드대통령의 방일을 앞두고 진행된 대일정책에 대한 검토 결과로 한반도 문제에 있어서 일본의 역할 등이 포함,Japan’s Future Role in Asia: Particularly Korea and Indonesia (1p~10P) | National Security Study Memorandum 210: Review of Japan Policy for the President’s Visit to Japan (11p~13P) 196 대통령기록관 해외기록물 수집목록집
usa2-포드-210,Letters to and from World Leaders (6),,포드대통령도서관,1974,"National Security Advisor ▹ Presidential Transition File, 1974",PZA0002494,5,포드대통령에게 보낸 서한,"Note for Files: Oct, 1974 (1p~1p) | Memorandum for Lieutenant General Brent Scowcroft: Congratulatory Messages to the President: Korea (2p~2p) | Memorandum for Lieutenant General Brent Scowcroft: Draft Letter of Reply to Congratulatory Letter from Korean AmbassadorHahm to the President (3p~6p) <첨부1> Letter from Ambassador Hahm <첨부2> Draft letter | Telegram SECSTATE WashDC to AMEMBASSY Seoul: Presidential Message (7p~9p) | Telegram SECSTATE WashDC to AMEMBASSY Seoul: Presidential Message (10p~11p)"
usa2-포드-211,Meeting Materials - NSC Miscellaneous (11),,포드대통령도서관,1975,National Security Council Institutional Files ▹ IFM (Institutional,PZA0002495,6,미 국무부에서 작성한 한미관계 자료 및 관련 행정 문서,"Memorandum from Jeanne W. Davis to George S. Springsteen: Consultant Study on US-Korean Relations (S/S 7504032) (1p~1p) | Memorandum from W. R. Smyser to Davis: State’s Study of U.S.-Korean Relations, 1945-1965 (2p~2p) | Memorandum from Jeanne W. Davis to W. R. Smyser: State Study on US-Korean Relations, 1945-1965 (3p~3p) | Memorandum from George S. Springsteen to Brent Scowcroft: Transmittal of Department of State Consultant Study (4p~4p) | [American-Korean Relations, 1945-1965: A Survey of the Record] (5p~17p) | [State Study on US-Korean Relations 1945-1965] (18p~18p)"
usa2-포드-212,NSSM 211 - Review of U.S. Security Assistance to the,,포드대통령도서관,1974,Republic of Korea (1) National Security Council Institutional Files ▹ IFM (Institutional Files –,PZA0002496,12,NSSM 211(대한(對韓) 군사원조) 관련 주요부처의 문서 및 보고 자료,[Response to NSSM-211] (1p~1p) | Memorandum from Roy L. Ash to Gerald R. Ford: Military Assistance for Korea (2p~3p) | [OMB Comment on NSSM-211 re Military Assistance for Korea] (4p~4p) | Memorandum from Philip C. Habib to Brent Scowcroft: Submission of Response to NSSM 211 (5p~22p) | [Withdrawal Sheet] List of clearances for State Department Response to NSSM 211 (23p~23p) | [Clearances] (24p~24p) | [Withdrawal Sheet] Memorandum from W. P. Clement to Assistant to the President for National Security Affairs: re NSSM 211 (25p~25p) | Memorandum from George S. Springsteen to Brent Scowcroft: NSC Request for Comments on NSSM 211 Response (26p~28p) | [Withdrawal Sheet] Memorandum from W. E. Colby to Henry A. Kissinger: re NSSM 211 (29p~29p) | Memorandum from Jeanne W. Davis to the Secretary of Defense: Review of U.S. Security Assistance to the Republic of Korea: NSSM 211 (30p~30p) | [Response to NSSM 211] (31p~31p) | Memorandum from Richard T. Kennedy to Henry A. Kissinger: Future U.S. Military Assistance to South Korea (32p~39p) 198 대통령기록관 해외기록물 수집목록집
usa2-포드-213,NSSM 211 - Review of U.S. Security Assistance to the,,포드대통령도서관,1974,Republic of Korea (2) National Security Council Institutional Files>IFM (Institutional,PZA0002497,14,NSSM 211(대한(對韓)군사원조) 관련 주요부처의 문서 및 보고 자료,"[Withdrawal Sheet] Memorandum from George S. Springsteen to Brent Scowcroft: re sale of airgraft to Republic of Korea (1p~1p) | [Withdrawal Sheet] Telegram: Joint State/Defense Message re sale of aircraft to Republic of Korea (2p~2p) | Memorandum from Henry A. Kissinger to the Secretary of Defense: U.S. Security Assistance to the Republic of Korea (3p~4p) | Memorandum from Jeanne W. Davis to the Secretary of Defense: Review of U.S. Security Assistance to the Republic of Korea: NSSM 211 (5p~5p) | Response to NSSM 211 (6p~7p) | [Withdrawal Sheet] NSC Distribution Requirements: Profile & Record (8p~10p) | [Memo] from Jeanne W. Davis to Kennedy: October 9, 1974 (11p~11p) | Memorandum from Henry A. Kissinger to the Secretary of Defense: U.S. Security Assistance to the Republic of Korea (12p~13p) | Memorandum from Henry A. Kissinger to Gerald R. Ford: Proposed NSSM On U.S. Military Assistance to South Korea (14p~14p) | [Withdrawal Sheet] Memorandum from Henry A. Kissinger to W. R. Smyser and Richard T. Kennedy: re proposed NSSM (15p~15p) | [Withdrawal Sheet] Telegram from CINCPACREP Guam/TTPI to the Secretary of Defense: re summary of meeting (16p~16p) | Memorandum from Henry A. Kissinger to the Secretary of Defense: U.S. Security Assistance to the Republic of Korea (17p~18p) | Memorandum from Henry A. Kissinger to the Secretary of Defense: U.S. Security Assistance to the Republic of Korea (19p~20p) | NSSM 211 on US Military Assistance to South Korea (21p~21p)"
usa2-포드-214,NSSM 226 - Review of U.S. Policy Toward the Korean Peninsula,,포드대통령도서관,1975 ~ 1976,National Security Council Institutional Files ▹ IFM (Institutional,PZA0002498,34,NSSM 226(미국의 대한반도 정책) 관련 문서,"Memorandum from Henry A. Kissinger to the Secretary of Defense: Review of U.S. Policy Toward the Korean Peninsula (1p~2p) | Memorandum from Thomas J. Barnes: Suspension of NSSM 226, U.S. Security Policy Toward the Korean Peninsula (3p~3p) | [Memo] from Jeanne W. Davis to Tom Barnes: May 29, 1976 (4p~4p) | [해독 불가] (5p~6p) | [Withdrawal Sheet] Memorandum from Thomas J. Barnes to Brent Scowcroft: re suspension of NSSM 226 (7p~7p) | Memorandum from Thomas J. Barnes to Brent Scowcroft: State Recommendation on Suspension of NSSM 226 (8p~10p) | Memorandum from Jeanne W. Davis to Philip C. Habib: U.S. Security Policy Toward the Korean Peninsula: NSSM 226 (11p~11p) | Memorandum from Jeanne W. Davis to Philip C. Habib: U.S. Security Policy Toward the Korean Peninsula: NSSM 226 (12p~12p) | Memorandum from Philip C. Habib to Brent Scowcroft: NSSM 226 (13p~13p) | Memorandum from Jeanne W. Davis to Philip C. Habib: Review of U.S. Security Policy Toward the Korean Peninsula: NSSM 226 (14p~14p) | Memorandum from Henry A. Kissinger to the Secretary of Defense[James Rodney Schlesinger]: Review of U.S. Policy Toward the Korean Peninsula (15p~16p) | Memorandum from Thomas J. Barnes to Brent Scowcroft: Review of U.S. Security Policy Toward the Korean Peninsula (17p~18p) | Memorandum from Brent Scowcroft to the Secretary of State[Henry A. Kissinger]: Review of U.S. Security Policy Toward the Korean Peninsula (19p~19p) | Review of NSSM 226 (20p~20p) 200 대통령기록관 해외기록물 수집목록집 | Memorandum from W. R. Smyser to Henry A. Kissinger: Policy Review on Asia (21p~23p) | Memorandum from Henry A. Kissinger to Gerald R. Ford: National Security Study Memoranda on Korea and Thailand (24p~24p) | Memorandum from Henry A. Kissinger to Gerald R. Ford: Policy Review for Asia (25p~26p) | Memorandum from Henry A. Kissinger to the Secretary of Defense[James Rodney Schlesinger]: Review of American Policy Toward Asia (27p~28p) | Memorandum for the Secretary of Defense[James Rodney Schlesinger]: Review of American Policy Toward Asia (29p~29p) | Memorandum from Henry A. Kissinger to the Secretary of Defense[James Rodney Schlesinger]: Review of U.S. Policy Toward Thailand (30p~31p) | Memorandum from Henry A. Kissinger to the Secretary of Defense[James Rodney Schlesinger]: Review of U.S. Policy Toward Thailand (32p~33p) | Memorandum from Henry A. Kissinger to the Secretary of Defense[James Rodney Schlesinger]: Review of American Policy Toward Asia (34p~35p) | Proposed NSSM Review of American Policy Toward Asia (36p~36p) | Memorandum from Thomas J. Barnes to Brent Scowcroft: Review of Alternatives to the Present Operational Control of the U.N. Forces (37p~39p) | Memorandum from Jeanne W. Davis to Arthur Borg: Operational Control of U.S., Korean, and other UN Forces (40p~42p) | Memorandum from Thomas J. Barnes to Brent Scowcroft: Review of Alternatives to the Present Operational Control of U.S., Korean, and Other U.N. Forces (43p~44p) | Letter for Tom Barnes: June 29, 1976 (45p~45p) | Memorandum from Jeanne W. Davis to Philip C. Habib: Review of U.S. Security Policy Toward the Korean Peninsula: NSSM 226 (46p~46p) | Memorandum from Jeanne W. Davis to Staser Holcomb: Operational Control of U.S., Korean, and Other U.N. Forces (47p~47p) | Review of Alternatives to the Present Operational Control of US, Korean & Other UN Forces Re NSSM 226 (48p~48p) | Memorandum from Lester T. Kearney to the Office of the Assistant to the President for National Security Affairs: NSSM 226 (49p~49p) | JCS Staff res for NSSM 226 re Review of US Policy toward Korean Peninsula (50p~51p) | Memorandum from Morton I. Abramowitz to William Hyland: April 22, 1976 (52p~52p) | Memorandum from Jeanne W. Davis to Philip C. Habib: Review of U.S. Security Policy Toward the Korean Peninsula: NSSM 226 (53p~53p)"
usa2-포드-215,NSSM 235 - U.S. Interests and Objectives in the,,포드대통령도서관,1976,Asia-Pacific Region (1 of 2) (1) National Security Council Institutional Files ▹ IFM (Institutional Files –,PZA0002499,4,NSSM 235(아태지역에서의 미국의 국가이익과 정책목표)에 따라 작성된 국가안 보회의(NSC) 공식보고서,"Memorandum from Brent Scowcroft to the Secretary of State[Henry A. Kissinger]: U.S. Interests and Objectives in the Asia-Pacific Region -- Part I, NSSM 235 (1p~1p) | [Withdrawal Sheet] NSC Distribution Requirements: Profile & Record (2p~2p) | U.S. Interests and Objectives in Asia-Pacific Region -- Part I (3p~4p) | [Withdrawal Sheet] NSSM 235: US Interests and Philippine Bases - Section I (5p~62p) <첨부> NSSM 235: US Interests and Philippine Bases - Section I"
usa2-포드-216,NSSM 235 - U.S. Interests and Objectives in the,,포드대통령도서관,1976,Asia-Pacific Region (1 of 2) (2) National Security Council Institutional Files ▹ IFM (Institutional Files –,PZA0002500,9,NSSM 235(아태지역에서의 미국의 국가이익과 정책목표)에 따라 작성된 국가안 보회의(NSC) 공식보고서,"Memorandum from William Gleysteen to Brent Scowcroft: Response to NSSM 235, Part I: U.S. Interests and Security Objectives with Asia-Pacific Area (1p~4p) | Memorandum from Brent Scowcroft to Gerald R. Ford: NSSM 235, U.S. Interests and Security 202 대통령기록관 해외기록물 수집목록집 Objectives in the Asia-Pacific Area (5p~9p) | Memorandum from Brent Scowcroft to the Secretary of State[Henry A. Kissinger]: U.S. Interests and Objectives in the Asia Pacific Region -- Part I, NSSM 235 (10p~21p) <첨부1> [U.S. Security Issues and Objectives] <첨부2> [A General Strategy for Pursuing U.S. Interests in East Asia in Light of Current Conditions and Restraints] | Memorandum from Brent Scowcroft to the Secretary of State[Henry A. Kissinger]: U.S. Interests and Objectives in the Asia Pacific Region -- Part I, NSSM 235 (22p~22p) | Memorandum from Brent Scowcroft to the Secretary of State[Henry A. Kissinger]: U.S. Interests and Objectives in the Asia Pacific Region -- Part I, NSSM 235 (23p~23p) | [해독 불가] (24p~24p) | [Memo] from Action Officer to Secretariat (25p~25p) | Memorandum from George S. Springsteen to Brent Scowcroft: Suggested Revisions in the Text of the Response to NSSM 235, Part I (26p~27p) | [NSSM 235: US Interests and Philippine Bases - Section I] (28p~31p)"
usa2-포드-217,NSSM 235 - U.S. Interests and Objectives in the,,포드대통령도서관,1976,Asia-Pacific Region (1 of 2) (3) National Security Council Institutional Files ▹ IFM (Institutional Files –,PZA0002501,1,NSSM 235(아태지역에서의 미국의 국가이익과 정책목표) 관련 노트(비공개),[Withdrawal Sheet] [Note] from Bud McFarlane to Dick Boverie: Re Korea (1p~4p)
usa2-포드-218,NSSM 235 - U.S. Interests and Objectives in the,,포드대통령도서관,1976,Asia-Pacific Region (1 of 2) (4) National Security Council Institutional Files ▹ IFM (Institutional Files –,PZA0002502,5,NSSM 235(아태지역에서의 미국의 국가이익과 정책목표) 관련 보고(비공개),"Memorandum from Philip C. Habib to Brent Scowcroft: NSSM 235, Mar 30, 1976 (1p~1p) | [Withdrawal Sheet] NSSM 235, Pages 17-57 (2p~2p) | Memorandum from Philip C. Habib to Brent Scowcroft: NSSM 235, Mar 29, 1976 (3p~3p) | [Withdrawal Sheet] NSSM 235, Pages i-ii and 1-16 (4p~4p) | [해독 불가] (5p~5p)"
usa2-포드-219,NSSM 235 - U.S. Interests and Objectives in the,,포드대통령도서관,1976,Asia-Pacific Region (2 of 2) (9) National Security Council Institutional Files ▹ IFM (Institutional Files –,PZA0002503,1,NSSM 235(아태지역에서의 미국의 국가이익과 정책목표) 관련 보고,"Memorandum from Bud McFarlane to Tom Barnes, May 24, 1976 (1p~2p) 204 대통령기록관 해외기록물 수집목록집"
usa2-포드-220,NSSM 235 - U.S. Interests and Objectives in the,,포드대통령도서관,1975,Asia-Pacific Region (2 of 2) (10) National Security Council Institutional Files ▹ IFM (Institutional Files –,PZA0002504,3,NSSM 235(아태지역에서의 미국의 국가이익과 정책목표) 관련 보고 자료,Memorandum from Thomas J. Barnes to Brent Scowcroft: Proposed Review of U.S. Policy in the Asia-Pacific Region (1p~2p) | Memorandum for the Secretary of State[Henry A. Kissinger]: Review of U.S. Policy in the Asia- Pacific Region (3p~4p) | Memorandum for the Secretary of State[Henry A. Kissinger]: Review of U.S. Policy Toward Maintenance of U.S. Military Bases in the Philippines (5p~7p)
usa2-포드-221,Originals - NSSM 207 to NSSM 227,,포드대통령도서관,1974 ~ 1975,National Security Council Institutional Files ▹ IFM (Institutional Files –,PZA0002505,2,NSSM 235(아태지역에서의 미국의 국가이익과 정책목표) 관련 보고,Memorandum from Henry A. Kissinger to the Secretary of Defense[James Rodney Schlesinger]: U.S. Security Assistance to the Republic of Korea (1p~2p) | Memorandum from Henry A. Kissinger to the Secretary of Defense[James Rodney Schlesinger]: Review of U.S. Policy Toward the Korean Peninsula (3p~4p)
usa2-포드-222,Originals - NSDM 281 to NSDM 300,,포드대통령도서관,1975,National Security Council Institutional Files ▹ IFM (Institutional Files –,PZA0002506,1,NSDM 282(한국군 현대화계획) 관련 보고,Memorandum from Henry A. Kissinger to the Secretary of Defense[James Rodney Schlesinger]: Korean Force Modernization Plan (1p~2p)
usa2-포드-223,Originals - NSDM 301 to NSDM 315,,포드대통령도서관,1975,National Security Council Institutional Files ▹ IFM (Institutional Files –,PZA0002507,1,NSDM 309(한국 공군 요구사항에 대한 결정사항) 관련 보고,Memorandum from Henry A. Kissinger to the Secretary of Defense[James Rodney Schlesinger]: Decisions on ROK Air Defense Requirements (1p~1p) 206 대통령기록관 해외기록물 수집목록집
usa2-포드-224,Administrative Files - Clearances,,포드대통령도서관,1973,(State Department Clearance Problems) National Security Council Institutional Files ▹ IFM (Institutional Files –,PZA0002508,2,미국기업과 북한간 무역관계에 관한 미정부 규정 및 예외조항에 관한 기록,[해독 불가] (1p~1p) | Memorandum from Jeanne W. Davis to Henry A. Kissinger: State Department Clearance Problems (1p~4p)
usa2-포드-225,Logged Documents - 1976 - Log Numbers 7604641-7604781,,포드대통령도서관,1976,National Security Council Institutional Files ▹ IFM (Institutional Files –,PZA0002509,2,8·18 판문점 도끼만행사건 관련 회의 자료 (일부 비공개),[Withdrawal Sheet] Memorandum from William Gleysteen to William G. Hyland: WSAG Meeting on Korean Incident (1p~1p) | WSAG Mtg on Korean Incident (2p~2p)
usa2-포드-226,Daily Highlights (3),,포드대통령도서관,1975,,PZA0002510,1,,"[Withdrawal Sheet] [Intelligence Report] Executive Highlights, Re Portugal, Korea (1p~1p)"
usa2-포드-227,Security Assistance and Arms Export Control Act (1)-(3),,포드대통령도서관,1975 ~ 1976,"Vernon C. Loen and Charles Leppert Files ▹ General Subject File,",PZA0002511,5,"의회에 계류중인 법안(S.3439)에 관한 행정부 입장 정리(대한(對韓) 군사원조 제한에 관한 조항 반대), 안보원조프로그램(Security Assistance Program)의 1976년 예산안에 대한 의회의 지원요청, 의회 계류중인 법안(H.R. 13680)의 한 국원조를 제한하는 내용에 대한 행정부의 반대와 대책 등에 대한 자료","Administration Position on S. 3439 and H.R. 13680 (1p~4p) | Security Assistance Program, Congressional Presentation FY 1976 (5p~49p) | Letter from Gerald R. Ford to Thomas E. Morgan, May 19, 1976 (50p~51p) | Memorandum from Edward J. Derwinski to Clement J. Zablocki: Knocking Out the Fraser Amendment on Korea - H.R. 13680 (52p~53p) | Memorandum from Denis M. Neill to Charles Leppert: Amendment to Delete Section 413 from H.R. 13680 (54p~66p) <첨부1> [Rice Districts] <첨부2> [H.R. 13680 Amendment to Delete Section 413] <첨부3> Executive Branch Position Paper 208 대통령기록관 해외기록물 수집목록집"
usa2-포드-228,"Meeting Minutes - Senior Review Group, June 1976",,포드대통령도서관,1976,National Security Council Institutional Files ▹ IFM (Institutional,PZA0002512,10,한국 문제를 논의한 모임 관련 자료 (일부 비공개),"[해독 불가] (1p~2P) | Memorandum from Jeanne W. Davis to Brent Scowcroft: Minutes of SRG Meeting Held June 4, 1976 (3p~4P) | [Withdrawal Sheet] [Memorandum of Conversation] Senior Review Group Meeting, June 4, 1976 (5p~5P) | Minutes of SRG Mtg on 4 Jun 1976 re NSSM 235 & Japan & Thailand & Korea - CIA (6p~6P) | [Mike Hornblow would like you to look at this for him] (7p~7P) | [Withdrawal Sheet] [Memorandum of Conversation] SRG (8p~8P) | [Withdrawal Sheet] Memorandum from Cathy Millison to the White House Police, June 4, 1976 (9p~9P) | Memorandum from Cathy Millison to the White House Police, June 4, 1976 (10p~10P) | [Withdrawal Sheet] [Memorandum of Conversation] Senior Review Group Meeting on NSSM 235 (11p~11P) | [Withdrawal Sheet] [Memorandum of Conversation] Senior Review Group Meeting on NSSM 235 (12p~12P)"
usa2-포드-229,FO 2/CO 78-2/A: Diplomatic - Consular Relations/South Korea/,,포드대통령도서관,1974,Appointments White House Central Files Subject Files on Foreign Affairs / Countries,PZA0002513,3,Richard Sneider의 주한 미대사 지명 관련 기록,"Memorandum from David J. Wimer to Gerald R. Ford: Ambassador to Korea (1p~1p) | [해독 불가] (2p~2p) | Memorandum from Henry A. Kissinger to Gerald R. Ford: Nomination of Richard L. Sneider as Ambassador to Korea (3p~7p) <첨부1> Richard L. Sneider <첨부2> Draft Press Release <첨부3> [Office of the White House Press Secretary, August 13, 1974]"
usa2-포드-230,FG 1-2/CO 78-2: Personal Representative/South Korea,,포드대통령도서관,1974,White House Central Files Subject Files on Federal Government,PZA0002514,6,육영수 여사 장례식 미국 조문단 파견에 관한 자료,[Memorandum of Information for the File] Spec. Presidential Representative for Mrs. Park Chung Hee Funeral (1p~1p) | Memorandum from W. R. Smyser to Brent Scowcroft: Special Presidential Representative for Mrs. Pak’s Funeral (2p~3p) 210 대통령기록관 해외기록물 수집목록집 | Memorandum from Samuel R. Gammon to Brent Scowcroft: Designation of Presidential Representative to Madame Park’s Funeral (4p~4p) | Funeral of Mrs. Park (5p~5p) | [해독 불가] (6p~6p) | Memorandum from George S. Springsteen to Brent Scowcroft: Letter to the President from President Park Chung Hee (7p~7p)
usa2-포드-231,IM: Immigration - Naturalization,,포드대통령도서관,1972 ~ 1975,White House Central Files Subject Files on Immigration-Naturalization,PZA0002515,25,"“cooly trade”법의 폐지, 한센병 자녀들의 미국 입양 관련 각종 서류 및 서신, 비 자발급 도움 요청 서류 등","Letter from John O. Marsh to Bernice Gottlieb, April 28, 1975 (1p~1P) | Memorandum from Jeanne W. Davis to John O. Marsh: Proposed Reply to Mrs. Gottlieb, Director for Outreach Program, Concerning Korean Orphans (2p~2P) | [해독 불가] (3p~5P) | Memorandum from Jeanne W. Davis to John O. Marsh: Proposed Reply to Mrs. Gottlieb, Director for Outreach Program, Concerning Korean Orphans (6p~7P) | Letter from John O. Marsh to Bernice Gottlieib[Gottlieb] (8p~9P) | Letter from John O. Marsh to Bernice Gottlieb, February 21, 1975 (10p~11P) | Letter from Bernice Gottlieb to Russell A. Rourke, February 13, 1975 (12p~70P) <첨부> Letter from John O. Marsh to Bernice Gottleib 외 다수 | [Transmittal Form] from George S. Springsteen to Brent Scowcroft, March 7, 1975 (71p~72P) | Memorandum from Jeanne W. Davis to George S. Springsteen, Feb 24, 1975 (73p~73P) | [해독 불가] (74p~77P) | Global retreat forecast (78p~78P) | Letter from Bernice Gottlieb to John O. Marsh, February 25, 1975 (79p~79P) | Red tape blocks adoptive Llers (80p~81P) | [Memo] from John O. Marsh to Jeanne W. Davis, February 21, 1975 (82p~82P) | Letter from John O. Marsh to Bernice Gottlieb, February 21, 1975 (83p~83P) | Memorandum from Russ Rourke to Jack Marsh: Telephone Conversation with Bernice Gotlieb [(914) 693-2164] (84p~84P) | [해독 불가] (85p~85P) | Letter from Bernice Gottlieb to John O. Marsh, February 13, 1975 (86p~88P) <첨부> [Medical Clearance and Support] | Seek Information on the Outreach Program by American-Korean Foundation (89p~89P) | [American Embassy Seoul Korea Not Aware of Civitan Organization] (90p~90P) | [Memorandum of Call] for JB, June 18, 1975 (91p~91P) | Memorandum from the Staff Secretary to Geoff Shepard: Enrolled Bill S. 2220 - Repeal of “cooly trade” laws (92p~92P) | Memorandum for Gerald R. Ford: Enrolled Bill S. 2220 - Repeal of “cooly trade” laws Sponsor - Sen. Fong (R ) Hawaii and 4 others (93p~94P) | Letter from W. Vincent Rakestraw to Roy L. Ash, Oct 11, 1974 (95p~95P) | Concurrence in Enrolled Bill S2220 Repeal of “Coolie Trade Laws” (96p~96P)"
usa2-포드-232,IT 64: United Nations (UN),,포드대통령도서관,1974 ~ 1976,White House Central Files Subject Files on International Organizations,PZA0002516,35,"제29차 유엔총회에서 미국의 지지에 감사하는 박정희대통령의 서신 관련 메모 (메모에는 답신문안 초고를 첨부한다고 되어 있으나 폴더에는 없음), Charles Bennett 하원의원에게 보낸 한국문제 지지입장에 대한 감사의 서한 및 관련 자 료, 한국의 유엔가입에 대한 지지를 요청하는 박정희대통령의 서한과 답신 자료들 (폴더 앞쪽에 withdrawal sheet가 있다는 메모가 있으나 실제로는 없음), 공산권 이 한국의 유엔가입에 반대하여 미국 역시 남북 베트남의 유엔가입에 반대한다는 미국 입장을 설명하는 서한, 판문점 도끼만행사건 관련 서한, 미국의 남북 베트남 유엔 가입안에 대한 거부권 행사 관련 서한 및 자료 등 212 대통령기록관 해외기록물 수집목록집","Letter from Ronald L. Elliott to Albert C. Pryor, September 3, 1975 (1p~2p) | Memorandum from Jeanne W. Davis to Roland Elliott: Officials of the United Church Board for World Ministries Seek Presidential Support for the UN (3p~3p) | Memorandum from Jeanne W. Davis to Roland Elliott: Officials of the United Church Board for World Ministries Seek Presidential Support for the U.N. (4p~5p) | Letter from Roland L. Elliott to Albert C. Pryor (6p~7p) | Statement by Ambassador Daniel P. Moynihan, United States Representative to the United Nations, in the Security Council, … August 6, 1975 (8p~8p) | Statement by Ambassador Daniel P. Moynihan, United States Representative to the United Nations, in the Security Council, ... August 11, 1975 (9p~11p) | Letter from Elnora B. Walcott to Gerald R. Ford, August 11, 1975 (12p~13p) | Letter from Howard Schomer to Nathaniel Davis, August 12, 1975 (14p~14p) | Letter from Eleanora Walcott[Elnora B. Walcott] to Gerald R. Ford, August 11, 1975 (15p~16p) | [Transmittal Form] from George S. Springsteen to Brent Scowcroft, August 28, 1975 (17p~17p) | Memorandum from Jeanne W. Davis to George Springsteen, August 19, 1975 (18p~18p) | Comment & Commitment to UN Principles (19p~19p) | Letter from Roland L. Elliott to Joseph H. Crown, September 8, 1975 (20p~21p) | Memorandum from Jeanne W. Davis to Roland Elliott: Draft Reply to Joseph H. Crown Regarding U.S. Policy Towards North and South Vietnam (22p~30p) <첨부1> Letter from Roland Elliott to Joseph H. Crown <첨부2> [Transmittal Form] from George S. Springsteen to Brent Scowcroft, September 3, 1975 <첨부3> Memorandum from Jeanne W. Davis to George Springsteen, Aug 20, 1975 <첨부4> Letter from Joseph H. Crown to Gerald R. Ford, August 13, 1975 | [해독 불가] (31p~31p) | Statement by Ambassador, Daniel P. Moynihan, United States Representative to the United Nations, in the Security Council, ... August 11, 1975 (32p~33p) | Vote Admission of North & South Vietnam to Membership (34p~34p) | Letter from Charles Lappert to G. V. Montgomery, August 20, 1976 (35p~35p) | Letter from William T. Kendall to Paul Fannin, December 2, 1975 (36p~36p) | Letter from Vernon C. Loen to Charles W[E]. Bennett, August 29, 1975 (37p~38p) | Memorandum from Jeanne W. Davis to Vernon Loen: Reply to a Letter from Congressman Charles E. Bennett on the Subject of Korea (39p~52p) <첨부> Letter from Vernon C. Loen to Charles W[E]. Bennett, August 22, 1975 외 다수 [Memorandum of Information for the File] Admission of the Republic of Korea to the United Nations and U.S. support on this question (53p~54p) <첨부> Letter from Gerald R. Ford to Park Chung Hee, August 19, 1975 | Memorandum from Jeanne W. Davis to George S. Springsteen: Presidential Reply to ROK President’s Letters of Appreciation of U.S. Support on U.N. Membership Question (S/S 7516256 and S/S 7516439) (55p~55p) | Memorandum from George S. Springsteen to Brent Scowcroft: Presidential Reply to ROK President’s Letter of Appreciation for US Support on UN Membership Question (56p~59p) <첨부1> Letter from Park Chung Hee to Gerald R. Ford <첨부2> Letter from Park Chung Hee to Gerald R. Ford, August 11, 1975 | Letter from Gerald R. Ford to Park Chung Hee, August 19, 1975 (60p~60p) | [This form marks the file location of item…] (61p~61p) | Letter from Pyong-choon Hahm to Henry A. Kissinger, August 11, 1975 (62p~62p) | Memorandum from George S. Springsteen to Brent Scowcroft: ROK President’s Letter of Appreciation for US Support on UN Membership Question (63p~63p) | Memorandum from George S. Springsteen to Brent Scowcroft: ROK President’s Letter on UN Membership for the ROK and the two Viet Nams (64p~64p) | Memorandum from George S. Springsteen to Brent Scowcroft: ROK President’s Letter of Appreciation for US Support on UN Membership Question (65p~65p) | Thank you Ltr to Pres from Korean Pres Park re US Support in UN on Korean (66p~66p) | Memorandum from Jeanne W. Davis to George S. Springsteen: Presidential Reply to ROK President’s Letters of Appreciation for U.S. Support on U.N. Membership Question (S/S 7516256 and S/S 7516439) (67p~67p) | Memorandum from Jeanne W. Davis to George S. Springsteen: Presidential Reply to ROK President’s Letters of Appreciation for U.S. Support on U.N. Membership Question (68p~68p) | Letter from Vernon C. Loen to Charles E. Bennett, July 24, 1975 (69p~69p) | Memorandum from George S. Springsteen to Brent Scowcroft: Message to the President from Korean President Park (70p~70p) 214 대통령기록관 해외기록물 수집목록집"
usa2-포드-233,ND 18-3: Prisoners,,포드대통령도서관,1974,White House Central Files Subject Files on National Security-Defense,PZA0002517,1,수감중인 종교 지도자의 석방을 요청하는 전문,Telegram from SECSTATE WashDC to AMEMBASSY MANILA: Archbishop Sin Cable to President Ford (1p~1p)
usa2-포드-234,"FY 1976 - 1974/12/10 - International Programs, Selective Service",,포드대통령도서관,1974 ~１９７６,(1)-(2) White House Special Files Unit Files ▹ Budget Review Decision Papers,PZA0002518,6,1976회계년도 예산안 논의 자료 중 대한(對韓)군사지원 감축 관련 기록,[Foreign Asst] (1p~1p) | [1976 Budget Session With The President 12/10/74] (2p~2p) | [Meeting With Roy L. Ash] (3p~3p) | Memorandum from Roy L. Ash to Gerald R. Ford: 1976 Budget decisions: Foreign Assistance (4p~10p) | [Phaseout of Military Aid Grants] (11p~15p) | [Military Assistance to Korea] (16p~19p)
usa2-포드-235,48-49: Trade: 1973,,포드대통령도서관,197２~１９７４,White House Special Files Unit Files ▹ WILLIAM E. SIMON: MICROFICHE,PZA0002519,6,미국기업의 프랑스 자회사가 화학공장 설비를 북한에 판매한다는 내용의 보고,"The William E. Simon Papers 1972-1977 (1p~2p) | Memorandum from Rossides to the Secretary: Treasury license for U.S. Subsidiary in France to trade with North Korea (Foreign Economic Policy and Korean Embargo Policy) (3p~3p) | Memorandum from Stanley L. Sommerfield to E. T. Rossides: Sale by U.S. subsidiary in France of chemical plant instrumentation for North Korea (4p~7p) | Re Sale of Instruments to North Korea (8p~8p) | Bilateral Briefing Book, IBRD/IMF Annual Meeting - 1974 (9p~20p) <첨부1> Korea: Access to IMF Oil Facility <첨부2> Kim Song[Sung]-hwan, Governor, Bank of Korea"
usa2-포드-236,Legislative Interdepartmental Group Meetings,,포드대통령도서관,1974,White House Special Files Unit Files ▹ WILLIAM E. TIMMONS FILES,PZA0002520,1,의회 계류중인 국방 및 해외원조 관련 법안에 대한 행정부측 대응전략 자료로 한 국 관련 군사지원 예산 삭감 부분 포함,"Memorandum from Richard T. Kennedy to William Timmons: LIG Meeting, August 19, 1974 (1p~18p) 216 대통령기록관 해외기록물 수집목록집 <첨부1> [Current Status] <첨부2> Foreign Assistance Act <첨부3> Defense Appropriations Act"
usa2-포드-237,"Laird, Melvin - Press Conferences, 1971 (1)-(3)",,포드대통령도서관,1971,"White House Special Files Unit Files ▹ WILLIAM J. BAROODY, JR. PAPERS",PZA0002521,3,"한미안보협의차 방한한 미 국방장관의 기자회견문, 한국 문제와 관련하여 국방부 출입기자들과의 회견 내용 등","Departure Remarks by Secretary of Defense Melvin Laird at Andrews AFB, Friday, July 2, 1971, 10:40 a.m. (1p~5p) | News Conference with Secretary of Defense Laird upon departure from Korea, Wednesday, July 14, 1971 (Korea time) (6p~9p) | Briefing by Secretary of Defense Melvin R. Laird with Pentagon Newsmen, Friday, July 23, 1971, 11:00 a.m. (10p~23p)"
usa2-포드-238,"Laird, Melvin - Press Conferences and Interviews, 1972 (1)-(4)",,포드대통령도서관,1972,"White House Special Files Unit Files ▹ WILLIAM J. BAROODY, JR. PAPERS",PZA0002522,1,한미안보협의회에 관련 기자회견 자료,"Secretary of Defense Melvin R. Laird Interviewed by Newsmen Colorado Springs, Colorado, June 26, 1972. (1p~2p)"
usa2-포드-239,"September 21-25, 1975 and September 28 - October 1,",,포드대통령도서관,1975,1975 - United Nations - HAK Messages for the President White House Special Files Unit Files ▹ National Security Adviser: Briefing,PZA0002523,2,1975년 9월 있었던 키신저 장관과 중국 외무장관간의 면담 내용 보고(중국은 북 미간 직접협상을 지지하다는 내용),"Telegram from Secretary Henry A. Kissinger to Brent Scowcroft for the President (1p~3p) <첨부> Memorandum from Secretary Henry A. Kissinger to Gerald R. Ford | Memorandum from Brent Scowcroft to Gerald R. Ford, September 29, 1975 (4p~6p)"
usa2-포드-240,"September 21-25, 1975 and September 28 - October 1,",,포드대통령도서관,1975,1975 - United Nations - TOHAK (9/21-25/75) (1) White House Special Files Unit Files ▹ National Security Adviser: Briefing,PZA0002524,1,중국공산당 대표단의 방북 소식 보고,Telegram from the Situation Room to Al Adams for Secretary Henry A. Kissinger (1p~2p) <첨부> Memorandum from the Situation Room to Secretary Henry A. Kissinger: Additional Information Items 218 대통령기록관 해외기록물 수집목록집
usa2-포드-241,"October 19-23, 1975 - People’s Republic of China - Briefing",,포드대통령도서관,1975,Book for China - Third Country Issues (2) White House Special Files Unit Files ▹ National Security Adviser: Briefing,PZA0002525,1,중국 방문때 논의할 한국 관련 이슈와 요점 사항을 정리한 브리핑 자료,Korean Question Issues and Talking Points (1p~4p)
usa2-포드-242,"October 19-23, 1975 - People’s Republic of China -",,포드대통령도서관,1975,Briefing Book for Tokyo Meetings (2) White House Special Files Unit Files ▹ National Security Adviser: Briefing,PZA0002526,1,일본 방문때 논의할 이슈에 관한 브리핑 자료(한국문제에 대한 일본의 지원방안),Memorandum from Thomas J. Barnes to Henry A. Kissinger: Your Visits to Japan (1p~20p) <첨부> Your Visits to Japan
usa2-포드-243,"October 19-23, 1975 - People’s Republic of China -",,포드대통령도서관,1974 ~ 1975,Cables - Seoul White House Special Files Unit Files ▹ National Security Adviser: Briefing,PZA0002527,6,중국 방문 동안 주한 미대사관과 주고받은 전문(미국 귀국때 한국 경유 문제에 대 한 논의 등),Telegram from AMEMBASSY Seoul to SECSTATE WashDC: Secretary’s Trip to Peking (1p~1p) | Telegram from AMEMBASSY Seoul to SECSTATE WashDC: Secretary’s Trip to East Asia (2p~2p) | Telegram from SECSTATE WashDC to AMEMBASSY Seoul: Secretary’s Trip to East Asia (3p~3p) | Telegram from SECSTATE WashDC to AMEMBASSY Seoul: Secretary’s Trip to East Asia (4p~4p) | Telegram from SECSTATE WashDC to AMEMBASSY Seoul: Secretary’s Visit to Peking (5p~5p) | Telegram from AMEMBASSY Seoul to SECSTATE WashDC: Secretary’s Visit to Peking (6p~8p)
usa2-포드-244,"October 19-23, 1975 - People’s Republic of China -",,포드대통령도서관,1975,HAK Messages for the President White House Special Files Unit Files ▹ National Security Adviser: Briefing,PZA0002528,2,중국 방문 후 경유한 일본에서 가졌던 북미 직접 접촉 촉구 등 일본정부 인사와 면 담 결과에 대해 대통령에게 보고한 문서,"Memorandum from Brent Scowcroft to Gerald R. Ford, October 19, 1975 (1p~2p) | Memorandum from Brent Scowcroft to Gerald R. Ford: Talks with Japanese Officials (3p~5p) 220 대통령기록관 해외기록물 수집목록집"
usa2-포드-245,"October 19-23, 1975 - People’s Republic of China - HAKTO (1)",,포드대통령도서관,1975,White House Special Files Unit Files ▹ National Security Adviser: Briefing,PZA0002529,1,일본 외무성장관과의 면담 결과 보고 전문,Telegram from Henry A. Kissinger to Brent Scowcroft (1p~2p)
usa2-포드-246,"October 19-23, 1975 - People’s Republic of China - SECTO (1)",,포드대통령도서관,1975,White House Special Files Unit Files ▹ National Security Adviser: Briefing,PZA0002530,4,"유엔총회에서 한국문제를 포함한 안건에 대한 우호국가들의 지지를 재확인하라는 전문, 유엔사무총장에게 전달하는 북한문제 관련 메시지 등",Telegram from USDEL Secretary Aircraft to SECSTATE WashDC: Secretary’s Actions (1p~1p) | Telegram from USDEL Secretary Aircraft to SECSTATE WashDC: Waldheim’s Message on North Korea (2p~3p) | Telegram from USDEL Secretary Aircraft to SECSTATE WashDC: Waldheim’s Message on North Korea (4p~5p) | Telegram from USDEL Secretary Aircraft to SECSTATE WashDC: Korea and the UNGA (6p~6p)
usa2-포드-247,"October 19-23, 1975 - People’s Republic of China - TOSEC (3)",,포드대통령도서관,1975,White House Special Files Unit Files ▹ National Security Adviser: Briefing,PZA0002531,4,유엔총회 한국 관련 안건에 대한 싱가포르정부의 입장 등,Telegram from SECSTATE WashDC to USDEL Secretary: T-39 for Seoul (1p~1p) | Telegram from SECSTATE WashDC to USDEL Secretary: Korea at 30th UNGA: Singapore Position (2p~3p) | Telegram from SECSTATE WashDC to USDEL Secretary: Action Memorandum: Korea at 30th UNGA-Singapore (4p~5p) | Telegram from SECSTATE WashDC to USDEL Secretary: Action Memorandum: Korea at 30th UNGA-Singapore (6p~8p)
usa2-포드-248,"October 19-23, 1975 - People’s Republic of China - TOSEC (4)",,포드대통령도서관,1975,White House Special Files Unit Files ▹ National Security Adviser: Briefing,PZA0002532,1,유엔총회 한국 관련 안건에 대한 인도네시아 정부와의 대화 내용,Telegram from SECSTATE WashDC to USDEL Secretary: Korea at 30th UNGA (1p~2p) 222 대통령기록관 해외기록물 수집목록집
usa2-포드-249,"October 19-23, 1975 - People’s Republic of China - TOSEC (5)",,포드대통령도서관,1975,White House Special Files Unit Files ▹ National Security Adviser: Briefing,PZA0002533,1,유엔총회 한국 문제에 대한 지지를 확보하기 위한 방안,Telegram from SECSTATE WashDC to USDEL Secretary: Korean Issue at the UNGA (1p~1p)
usa2-포드-250,"October 19-23, 1975 - People’s Republic of China - TOSEC (6)",,포드대통령도서관,1975,White House Special Files Unit Files ▹ National Security Adviser: Briefing,PZA0002534,1,유엔총회 한국 관련 안건과 관련하여 노르웨이 정부에 보낸 전문,Telegram from SECSTATE WashDC to USDEL Secretary: Action Memorandum: Letter from the Secretary to Foreign Minister Frydenlund on Korea (S/S No. 7520988) (1p~2p)
usa2-포드-251,"October 19-23, 1975 - People’s Republic of China - TOSEC (7)",,포드대통령도서관,1975,White House Special Files Unit Files ▹ National Security Adviser: Briefing,PZA0002535,2,유엔총회 한국 관련 안건에 대하여 요르단 및 가나 정부와의 대화 내용,Telegram from SECSTATE WashDC to USDEL Secretary: Korea at 30th UNGA (1p~2p) | Telegram from SECSTATE WashDC to USDEL Secretary: Letter from Secretary to Commissioner Felli (3p~4p)
usa2-포드-252,"October 19-23, 1975 - People’s Republic of China - TOSEC (9)",,포드대통령도서관,1975,White House Special Files Unit Files ▹ National Security Adviser: Briefing,PZA0002536,2,유엔총회 한국 문제에 대한 우방국의 지지를 부탁하는 문서 및 유엔총회 미국 연 설문 초고,Telegram from SECSTATE WashDC to USDEL Secretary: Korea and the UNGA (1p~2p) | Telegram from SECSTATE WashDC to USDEL Secretary: Korea in the 30th UNGA: US Speech for HaBIB from Buffum (3p~10p) 224 대통령기록관 해외기록물 수집목록집
usa2-포드-253,November-December 1975 - People’s Republic of China -,,포드대통령도서관,1975,TOSCO (3) White House Special Files Unit Files ▹ NATIONAL SECURITY ADVISER.,PZA0002537,1,미국의 해외비밀작전에 대한 논의하면서 푸에블로사건을 언급한 TV 토론 녹취록,"[TOSCO 72 - Deliver Opening of Business] (1p~16p) <첨부> [Martin Agronsky Show WETA PBS Channel 26, December 3, 1975]"
usa2-포드-254,August 1976 - Kansas City/ Vail - SCOTO,,포드대통령도서관,1976,White House Special Files Unit Files ▹ NATIONAL SECURITY ADVISER.,PZA0002538,1,레이건 대통령후보의 외교정책 강령,"[SCOTO 04] (1p~10p) <첨부> Foreign Policy, National Defense and International Economic Policy"
usa2-포드-255,August 1976 - Kansas City/ Vail - SCOTO (2),,포드대통령도서관,1976,White House Special Files Unit Files>NATIONAL SECURITY ADVISER. Trip,PZA0002539,12,8·18 판문점 도끼만행사건 관련 문서,"[TOSCO 51 - Press Item] (1p~2p) <첨부> [Seoul, Aug 18, Reuter - Two U.S. Army Officers were Killed Today When about 30 North Korean Guards Attacked them with Axes and Metal Pikes in the Border Area between North and South Korea] | [TOSCO 52 - Korean Incident] (3p~5p) <첨부> Telegram: Joint Security Area(JSA) Incident | [TOSCO 53] Telegram from the Situation Room to McFarlane for Brent Scowcroft: Violent Incident at Panmunjom Joint Security Area (6p~8p) | [TOSCO 54 - Korean Incident] (9p~12p) <첨부> [Draft Aug 18, 1976 - The Killing of two American officers in the neutral zone at Panmunjom at the hands of some thirty North Korean soldiers is a cowardly act of murder] | [TOSCO 54 - North Korean Murder] (13p~15p) <첨부> North Korean Murder of U.S. Officers | [TOSCO 59] (16p~17p) | Korea North (18p~18p) | [TOSCO 60] Telegram from CINCUNC Seoul to JCS WAH DC (19p~20p) | [TOSCO 61] Telegram from the Situation Room to McFarlane for Brent Scowcroft: 18 Aug JSA Incident (U) (21p~22p) | [TOSCO 62] (23p~28p) <첨부> State Department Statement, August 18, 1976 | [Press Guidance, August 18, 1976 - Korea: JSA Incident] (29p~30p) | [TOSCO 63] Telegram from the Situation Room to McFarlane for Brent Scowcroft: 18 Aug JSA Incident (31p~34p) 226 대통령기록관 해외기록물 수집목록집"
usa2-포드-256,August 1976 - Kansas City/ Vail - TOSCO (3),,포드대통령도서관,1976,White House Special Files Unit Files>NATIONAL SECURITY ADVISER. Trip,PZA0002540,13,8·18 판문점 도끼만행사건 관련 문서,"[TOSCO 64] (1p~4p) <첨부> Telegram from ComusKorea to AIG 7828, Aug 18, 1976 | [Exclusively Eyes Only] from W. G. Hyland to Brent Scowcroft, August 18, 1976 (5p~7p) | [TOSCO 66 - Absolutely Eyes Only To be Receipted for by Nancy] (8p~11p) | [TOSCO 68] (12p~13p) <첨부> [DPRK-UN Command Clash in Joint Security Area, Panmunjom] | [TOSCO 69 - INR Afternoon Summary] (14p~25p) <첨부> ‘INR Afternoon Summary, August 18, 1976’ | [TOSCO 72] (26p~29p) <첨부> Telegram from CINCUNC Seoul to JCS Wash DC: General Plan for Completing Work in JSA | [TOSCO 73] (30p~31p) <첨부>Telegram from SecState WashDC to Amembassy Seoul: JSA Incident: Report to UNSC | [TOSCO 74] (32p~34p) <첨부> Telegram from JCS Wash DC to CINCPAC Honolulu: Korean Augmentation (U) | [TOSCO 76] (35p~37p) <첨부1> [Memo] from Bill Hyland to Brent Scowcroft, August 18, 1976 <첨부2> Press Guidance (in response to question only) | [TOSCO 79] (38p~40p) <첨부1> [Withdrawal Sheet] Telegram from Joint Chiefs of Staff: Re: Intelligence Matter <첨부2> Telegram from SecState WashDC to Amembassy Seoul: JSA Incident: Report to UNSC | [TOSCO 80] (41p~43p) <첨부> Telegram from TFW Kadena to CINCPACAF HICKAM | [TOSCO 81] (44p~52p) <첨부> [Memo] from John Matheny to Bud McFarlane, August 18, 1976 외 다수 | [TOSCO 82] (53p~55p) <첨부> Telegram from JCS Wash DC to CINCPAC Honolulu: Korean Augmentation (U)"
usa2-포드-257,August 1976 - Kansas City/ Vail - TOSCO (4),,포드대통령도서관,1976,White House Special Files Unit Files ▹ NATIONAL SECURITY ADVISER.,PZA0002541,20,8·18 판문점 도끼만행사건 관련 문서,"[TOSCO 83] (1p~3p) <첨부> Telegram from SecState WashDC to Amembassy Seoul: Informing President Park of Impending Military | [TOSCO DN] (4p~6p) <첨부> Telegram from CINCPAC Honolulu to Ruhvaaa/CINCPACAF Hickam AFB | [TOSCO 85] (7p~8p) <첨부> [Withdrawal Sheet] [Message] from Hannifin to Stillwell: Matter re: Korea | [TOSCO 86] (9p~10p) <첨부> [Withdrawal Sheet] Telegram: Matter re: Korea | [TOSCO 87] (11p~13p) <첨부> Telegram from SecState WashDC to Amembassy Tokyo: Impending Military Moves in Connection with August 18 Panmunjom | [TOSCO 88] (14p~16p) <첨부> Telegram from JCS Wash DC to USCINCRED MACDILL: Korean Augmentation (U) | [Withdrawal Sheet] Telegram: TOSCO 89 (17p~17p) | [Withdrawal Sheet] Telegram: TOSCO 90 (18p~18p) | [TOSCO 91 - Deliver at Opening of Business] (19p~39p) <첨부> Telegram from CIA to White House, Situation Room: Korea: DMZ Report | [TOSCO 93 - Deliver at Opening of Business] (40p~41p) <첨부> Telegram from SecState WashDC to Amembassy Lisbon: Change in Force Readiness 228 대통령기록관 해외기록물 수집목록집 Status in South Kore | [TOSCO 94] (42p~44p) <첨부> Telegram from Amembassy Tokyo to SecState WashDC: Korean Augmentation Moves | [TOSCO 97 - Deliver at Opening of Business] (45p~48p) <첨부> Telegram from CINCUNC Seoul to JCS Wash DC: ‘Meeting with President Park’ | [TOSCO 99 - Daily Summary] (49p~50p) | [TOSCO 100 - JSA Incident Follow-Up - Status Report August 19] (51p~52p) | [TOSCO 104 - INR Morning Summary] (53p~61p) <첨부1> Morning Summary <첨부2> Telegraphic Summary <첨부3> Intelligence Summary | [TOSCO 106] (62p~65p) <첨부> Panmunjom Incident, Situation Report as of 0700 Hours, August 19 | [TOSCO 107 - FBIS Wires-54-55] (66p~69p) <첨부> Pyongyang August 19(KCNA) -- The Korean Central News Agency was Authorized to Make Public a Statement on August 19 | [TOSCO 111 - Meeting] (70p~73p) <첨부> Telegram from CINCUNC Seoul to JCS Wash DC: Meeting with President Park | [TOSCO 116 - Panmunjom Incident] (74p~76p) <첨부> Panmunjom Incident - Press Guidance to be Used at Department of State Daily Briefing 12:30 p.m. August 19 | Telegram from CIA to White House, Situation Room (77p~78p)"
usa2-포드-258,August 1976 - Kansas City/ Vail - TOSCO (5),,포드대통령도서관,1976,White House Special Files Unit Files ▹ NATIONAL SECURITY ADVISER.,PZA0002542,6,8·18 판문점 도끼만행사건 관련 문서,"[TOSCO 119] (1p~4p) <첨부> Telegram from Gen Stilwell CINCUNC Korea to Vadm Hannifin DIR J5 OJCS Washington: JSA Incident (C) | [TOSCO 120 - Korean Augmentation (U)] (5p~5p) | [TOSCO 121 - Korean Augmentation (U)] (6p~6p) | [TOSCO 121 - F-111 Deployment] (7p~8p) <첨부> [F-111 Deployment] | [TOSCO 123 - AP-126] (9p~10p) <첨부> [Washington(AP) -- In a Precautionary Move, The United States Sent Additional AIP Power to South Korea Thursday as U.S. Ground and Air Forces there were Placed on Alert Following the Slaying of Two U.S. Army Officers by North Koreans] | [TOSCO 129] (11p~14p) <첨부1> JCS Assessment <첨부2> [In response to SecState Query, the JCS Have Investigated the Requirments for and Desirability of Destroying the “Bridge of No Return.”"
usa2-포드-259,August 1976 - Kansas City/ Vail - TOSCO (6),,포드대통령도서관,1976,White House Special Files Unit Files ▹ NATIONAL SECURITY ADVISER.,PZA0002543,10,8·18 판문점 도끼만행사건 관련 문서 및 유엔총회에서 공산진영의 주한미군 비판 성명에 대한 보고,"[TOSCO 130] (1p~5p) <첨부> Telegram from ComusKorea CJ-CO-CC to AIG 934 | [TOSCO 131] (6p~13p) <첨부1> [In response to SecState Query, the JCS Have Investigated the Requirments for and Desirability of Destroying the “Bridge of No Return.”] 230 대통령기록관 해외기록물 수집목록집 <첨부2> Telegram: Military Operations in Korea <첨부3> Destruction of Korean Peoples Army Border Guard Barrack Located in Joint Security Area’ | [TOSCO 132] (14p~19p) <첨부1> Special Intelligence Appendix <첨부2> Panmunjom Incident - Situation Report as of 1800 Hours, August 19 | [TOSCO 135 - Letter from William Hyland to Brent Scowcroft, August 19, 1976] (20p~24p) | [TOSCO 135] (25p~30p) <첨부> Letter from William Hyland to Brent Scowcroft, August 19, 1976 | [TOSCO 136] (31p~32p) <첨부> [Withdrawal of U.S. Troops from ROK Would Lead to Reunification] | [TOSCO 137] (33p~35p) <첨부> Telegram from JCS Wash DC to CINCPAC Honolulu: B-52 Training Sorties (U) | [TOSCO 138] (36p~37p) <첨부> Telegram from SecState WashDC to Amembassy Tokyo: Movement of KC-135 Tankers | [TOSCO 139] (38p~40p) <첨부> Telegram from SecState WashDC to Amembassy Tokyo: Midway Deployment | [TOSCO 140] (41p~42p) <첨부> Pak Chong-Hui Condemns N. Korean Provocation at DMZ"
usa2-포드-260,August 1976 - Kansas City/ Vail - TOSCO (7),,포드대통령도서관,1976,White House Special Files Unit Files ▹ NATIONAL SECURITY ADVISER.,PZA0002544,1,8·18 판문점 도끼만행사건 관련 문서,"[TOSCO 142 - Telegram from the Situation Room to Bud McFarlane, August 20, 1976] (1p~1p)"
usa2-포드-261,August 1976 - Kansas City/ Vail - TOSCO (8),,포드대통령도서관,1976,White House Special Files Unit Files ▹ NATIONAL SECURITY ADVISER.,PZA0002545,9,8·18 판문점 도끼만행사건 관련 문서,"[TOSCO 152 - Deliver Opening of Business] (1p~4p) <첨부> Panmunjom Incident - Situation Report as of 0600 Hours, August 20] | [TOSCO 153] (5p~6p) <첨부> Current Assessment | [Withdrawal Sheet] [List] General Assessment (7p~7p) | [Withdrawal Sheet] [List] Matter re: Korea (8p~8p) | [TOSCO 155 - Telegram from the Situation Room to McFarlane for Brent Scowcroft: Military Operations in Korea] (9p~10p) | [TOSCO 157] (11p~13p) <첨부> Memorandum from the Situation Room to Brent Scowcroft: Noon Notes | [TOSCO 158] (14p~17p) <첨부1> [Memo] from William G. Hyland to Henry A. Kissinger, August 20, 1976 <첨부2> Draft Proposed Press Guidance | [TOSCO 159 - Vail: Deliver upon Arrival] (18p~21p) <첨부> National Intelligence Situation Report - Korea | [TOSCO 161 - Telegram from the Situation Room to Brent Scowcroft: Press Guidance] (22p~23p) 232 대통령기록관 해외기록물 수집목록집"
usa2-포드-262,August 1976 - Kansas City/ Vail - TOSCO (9),,포드대통령도서관,1976,White House Special Files Unit Files ▹ NATIONAL SECURITY ADVISER.,PZA0002546,7,8·18 판문점 도끼만행사건 관련 문서,"[TOSCO 162] (1p~6p) <첨부1> Panmunjom Incident - Situation Report as of 1700 Hours, August 20 <첨부2> Military Moves <첨부3> [Withdrawal Sheet] [Appendix] Special Intelligence Appendix <첨부4> [North Korea Army Dispositions] | [TOSCO 165] (7p~10p) <첨부1> [Memo] from the Situation Room to Brent Scowcroft, 20 August 1976 <첨부2> [Fol Msg Passed by KPA JDO to UNC JDO to SMM MAC UNC Side] <첨부3> [The Following Message was Sent to KPA SMM by UNC SMM] | [TOSCO 166] (11p~12p) <첨부> Draft Message from President Ford to President Park | [TOSCO 167 - Telegram from the Situation Room to Vail Comm CTR: Sitrep 003 as of 210001Z Aug 76] (13p~14p) | [TOSCO 168] (15p~17p) <첨부1> [DPRK on ’U.S. Provocation’] <첨부2> DPRK Reports ’New Grave U.S. Provocation’ in DMZ | [TOSCO 169 - Telegram from the Situation Room to Vail Comm CTR: Mac Meeting] (18p~19p) | [TOSCO 170 - Telegram from the Situation Room to Vail Comm CTR: Operational Paul Sunyan] (20p~21p)"
usa2-포드-263,August 1976 - Kansas City/ Vail - TOSCO (10),,포드대통령도서관,1976,White House Special Files Unit Files>NATIONAL SECURITY ADVISER. Trip,PZA0002547,2,8·18 판문점 도끼만행사건 관련 문서,"[TOSCO 177 - Korean Situation Report 0600 8/21] (1p~5p) <첨부> Panmunjom Incident - Situation Report as of 0600 Hours, August 21 | [TOSCO 179] (6p~7p) <첨부> [Pyongyang Says U.S. Helicopter Sent over DPRK]"
usa2-포드-264,August 1976 - Kansas City/ Vail - TOSCO (11),,포드대통령도서관,1976,White House Special Files Unit Files ▹ NATIONAL SECURITY ADVISER.,PZA0002548,5,8·18 판문점 도끼만행사건 관련 문서,"[Analysis Note: Communist Media Treatment of Korean Situation] (1p~2p) | [TOSCO 186] (3p~5p) <첨부> [Analysis Note: Communist Media Treatment of Korean Situation] | [TOSCO 188] (6p~9p) <첨부1> [Withdrawal Sheet] [Appendix] Special Intelligence Appendix <첨부2> Panmunjom Incident - Situation Report as of 1800 Hours, August 21 234 대통령기록관 해외기록물 수집목록집 | [TOSCO 189 - Telegram from the Situation Room to Vail Comm CTR: Situation in Pyongyang] (10p~10p) | [TOSCO 190 - Telegram from the Situation Room to Vail Comm CTR: Tree Removal - Public Affairs (U)] (11p~11p)"
usa2-포드-265,August 1976 - Kansas City/ Vail - TOSCO (12),,포드대통령도서관,1976,White House Special Files Unit Files ▹ NATIONAL SECURITY ADVISER.,PZA0002549,2,8·18 판문점 도끼만행사건 관련 문서,[TOSCO 207 - Telegram from the Situation Room to Brent Scowcroft - Vail: ROKS Probe U.S. Reaction to North Korean Message] (1p~3p) | [TOSCO 208 - Telegram from the Situation Room to Brent Scowcroft - Vail: Reaction to North Korean Message] (4p~5p)
usa2-포드-266,August 1976 - Kansas City/ Vail - TOSCO (13),,포드대통령도서관,1976,White House Special Files Unit Files ▹ NATIONAL SECURITY ADVISER.,PZA0002550,5,8·18 판문점 도끼만행사건 관련 문서,해독 불가 (1p~3p) | 해독 불가 (4p~5p) | [TOSCO 210] (6p~9p) <첨부> Telegram from Amembassy Seoul to SecState WashDC: Message from Kissinger to Park | [TOSCO 214] (10p~11p) <첨부> Memorandum from Max Friedersdorf to Jack Marsh: Korea | [TOSCO 221] (12p~15p) <첨부> Telegram from Amembassy Seoul to SecState WashDC: Foreign Outlines ROK Public Stance on UNC Call for MAC Meeting
usa2-포드-267,August 1976 - Kansas City/ Vail - TOSCO (14),,포드대통령도서관,1976,White House Special Files Unit Files ▹ NATIONAL SECURITY ADVISER.,PZA0002551,3,8·18 판문점 도끼만행사건 관련 문서 및 북한의 대 파키스탄 무기수출에 대한 보고,"[TOSCO 233] (1p~7p) <첨부1> Evening Report…Program Analysis, August 24, 1976 <첨부2> Evening Report…Europe, August 24, 1976 <첨부3> Evening Notes - East Asia, August 24, 1976 <첨부4> Evening Report__Africa, August 24, 1976 <첨부5> Evening Report - Latin America’ | [TOSCO 234 - 24 Aug, 76 INR Afternoon Summary] (8p~20p) <첨부> ’INR Afternoon Summary, August 24, 1976 | [TOSCO 236] (21p~24p) <첨부> Telegram from Amembassy Seoul to SecState WashDC: President Park Reply to Secretary’s Letter 236 대통령기록관 해외기록물 수집목록집"
usa2-포드-268,August 1976 - Kansas City/ Vail - TOSCO (15),,포드대통령도서관,1976,White House Special Files Unit Files ▹ NATIONAL SECURITY ADVISER.,PZA0002552,6,8·18 판문점 도끼만행사건 관련 문서,"[TOSCO 237] (1p~3p) <첨부> Telegram from SecState HashDC to Amembassy Seoul: Message from Kissinger to Park | [TOSCO 238 - Telegram from the Situation Room to Brent Scowcroft/Vail: B-52 Training Sorties (U)] (4p~4p) | [TOSCO 241] (5p~6p) <첨부> First Expanded Summary-Take 2 | [TOSCO 248] (7p~8p) <첨부> Telegram from the Situation Room to Brent Scowcroft, Vail | [TOSCO 250 - Telegram from the Situation Room to Brent Scowcroft, Vail: Informal Summary] (9p~10p) | [TOSCO 252] (11p~14p) <첨부> National Intelligence Situation Report - Korea"
usa2-포드-269,August 1976 - Kansas City/ Vail - TOSCO (16),,포드대통령도서관,1976,White House Special Files Unit Files ▹ NATIONAL SECURITY ADVISER.,PZA0002553,2,8·18 판문점 도끼만행사건 관련 문서 및 북한과 파키스탄간의 무기판매에 대한 보고,[TOSCO 270] (1p~3p) <첨부> National Intelligence Situation Report - Korea | [TOSCO 271] (4p~7p) <첨부> Memorandum from the Situation Room to Brent Scowcroft: Evening Notes
usa2-포드-270,August 1976 - Kansas City/ Vail - TOSCO (17),,포드대통령도서관,1976,White House Special Files Unit Files ▹ NATIONAL SECURITY ADVISER.,PZA0002554,6,8·18 판문점 도끼만행사건 관련 문서 및 한-케냐 우호증진에 대한 보고,"[TOSCO 275] (1p~8p) <첨부1> Morning Summary, August 27, 1976’ <첨부2> Telegraphic Summary, August 27, 1976 <첨부3> Intelligence Summary, August 27, 1976 | [TOSCO 279 - Telegram from the Situation Room to Brent Scowcroft - Vail: PRC Supports DPRK Proposal at 360th MAC] (9p~9p) | [TOSCO 280 - Telegram from the Situation Room to Brent Scowcroft - Vail: Spokesman Says Korean Mac Meeting Set for 28 Aug] (9p~9p) | [TOSCO283-[Memo]fromAmbassadorEiltstoBrentScowcroft] (11p~12p) | [TOSCO 291] (13p~17p) <첨부> Telegram from Amembassy Seoul to SecState WashDC: Meeting with President Park | [TOSCO 294] (18p~24p) <첨부1> Evening Report…Program Analysis, August 27, 1976 <첨부2> Evening Report - Congressional Affairs, August 27, 1976 <첨부3> Evening Notes - East Aisa, August 27, 1976 <첨부4> Evening Report…Europe, August 27, 1976 <첨부5> Evening Report - Latin America, August 27, 1976’ 238 대통령기록관 해외기록물 수집목록집"
usa2-포드-271,"November 8-15, 1976 - Palm Springs - TOSCO (1)",,포드대통령도서관,1976,White House Special Files Unit Files ▹ NATIONAL SECURITY ADVISER.,PZA0002555,1,미국 내 중앙정보부(KCIA) 요원들의 활동을 줄이겠다는 한국정부의 약속에 대한 보고,[TOSCO 09] (1p~3p) <첨부> Telegram from Amembassy Seoul to SecState WashDC: Removal of KCIA Agents from U.S.
usa2-포드-272,"November 8-15, 1976 - Palm Springs - TOSCO (5)",,포드대통령도서관,1976,White House Special Files Unit Files ▹ NATIONAL SECURITY ADVISER.,PZA0002556,1,한미 관계에 대한 일본측 입장에 대한 보고,"[TOSCO 79 - INR Morning Summary] (1p~8p) <첨부1> Morning Summary, November 15, 1976 <첨부2> Telegraphic Summary, November 15, 1976 <첨부3> Intelligence Summary, November 15, 1976"
usa2-포드-273,"December 19, 1976 - January 2, 1977 - Vail - TOSCO (5)",,포드대통령도서관,1976,White House Special Files Unit Files ▹ NATIONAL SECURITY ADVISER.,PZA0002557,1,박동선사건 관련 한국측 입장에 대한 보고,[TOSCO 81] (1p~4p) <첨부> Telegram from Amembassy Seoul to SecState WashDC: ROK Foreign Minister’s Statement on ROK-US Relations
usa2-포드-274,"December 19, 1976 - January 2, 1977 - Vail - TOSCO (6)",,포드대통령도서관,1976,White House Special Files Unit Files ▹ NATIONAL SECURITY ADVISER.,PZA0002558,1,한미 관계 관련한 한국 정부의 강성 입장 표명에 대한 보고 전문,"[TOSCO 88]] (1p~9p) <첨부> INR Afternoon Summary, December 28, 1976 240 대통령기록관 해외기록물 수집목록집"
usa2-포드-275,"December 19, 1976 - January 2, 1977 - Vail - TOSCO (7)",,포드대통령도서관,1976,White House Special Files Unit Files ▹ NATIONAL SECURITY ADVISER.,PZA0002559,1,반정부 인사에 대한 법정 형량이 감소했다는 보고 전문,"[TOSCO 92] (1p~7p) <첨부> Morning Summary, December 29, 1976 <첨부> Telegraphic Summary, December 29, 1976 <첨부> Intelligence Summary, December 29, 1976"
usa2-포드-276,"Evening Reports From the NSC Staff, June 11, 1976",,포드대통령도서관,1976,NATIONAL SECURITY ADVISER. WHITE HOUSE SITUATION ROOM:,PZA0002560,4,"중국이 한국 어선을 나포하고, 어업협정 위반에 대해 경고했다는 보고 전문",[Withdrawal Sheet] [Briefing Paper] Evening Notes (1p~1p) | [Withdrawal Sheet] [Briefing Paper] Daily Brief for Scowcroft (2p~2p) | Memorandum from Jim Fazio to Brent Scowcroft: Evening Report (3p~3p) | Table of Contents (4p~6p)
usa2-포드-277,"Evening Reports From the NSC Staff, June 14, 1976",,포드대통령도서관,1976,NATIONAL SECURITY ADVISER. WHITE HOUSE SITUATION ROOM:,PZA0002561,2,비동맹국가 정상회담에서 북한의 정책에 대해 지지가 천명되었다는 보고 전문,"[Withdrawal Sheet] [Briefing Paper] Evening Report - East Asia (1p~1p) | INR Afternoon Summary, June 14, 1976 (2p~9p)"
usa2-포드-278,"Evening Reports From the NSC Staff, June 18, 1976",,포드대통령도서관,1976,NATIONAL SECURITY ADVISER. WHITE HOUSE SITUATION ROOM:,PZA0002562,1,소련의 친한 정책에 대해 북한이 유감을 보이고 있다는 보고,"Evening Notes - East Asia, June 18, 1976 (1p~1p) 242 대통령기록관 해외기록물 수집목록집"
usa2-포드-279,"Evening Reports From the NSC Staff, June 21, 1976",,포드대통령도서관,1976,NATIONAL SECURITY ADVISER. WHITE HOUSE SITUATION ROOM:,PZA0002563,2,"월남전 이후 한국이 자주국방으로 정책기조를 변경하고 있으며, 한국이 중국에 나 포된 어선의 석방을 위해 일본에 중재를 요청했지만 중국이 거부했다는 보고","Evening Notes - East Asia, June 21, 1976 (1p~1p) | Evening Report -- PRC, June 21, 1976 (2p~2p)"
usa2-포드-280,"Evening Reports From the NSC Staff, June 23, 1976",,포드대통령도서관,1976,NATIONAL SECURITY ADVISER. WHITE HOUSE SITUATION ROOM:,PZA0002564,1,유엔에서의 한국문제 관련 보고(비공개),[Withdrawal Sheet] [Briefing Paper] Evening Report - East Asia (1p~1p)
usa2-포드-281,"Evening Reports From the NSC Staff, July 12, 1976",,포드대통령도서관,1976,NATIONAL SECURITY ADVISER. WHITE HOUSE SITUATION ROOM:,PZA0002565,1,한국정부의 핵무기 개발 노력이 계속되고 있다는 보고,"Evening Notes - East Asia, July 12, 1976 (1p~1p)"
usa2-포드-282,"Evening Reports From the NSC Staff, July 14, 1976",,포드대통령도서관,1976,NATIONAL SECURITY ADVISER. WHITE HOUSE SITUATION ROOM:,PZA0002566,1,Mansfield 상원의원과 미와자와 일본 외무상간의 대화 내용,"Evening Notes - East Asia, July 14, 1976 (1p~2p) 244 대통령기록관 해외기록물 수집목록집"
usa2-포드-283,"Evening Reports From the NSC Staff, July 21, 1976",,포드대통령도서관,1976,NATIONAL SECURITY ADVISER. WHITE HOUSE SITUATION ROOM:,PZA0002567,1,북한 관련 보고(비공개),[Withdrawal Sheet] [Briefing Paper] Evening Notes - East Asia (1p~1p)
usa2-포드-284,"Evening Reports From the NSC Staff, July 23, 1976",,포드대통령도서관,1976,NATIONAL SECURITY ADVISER. WHITE HOUSE SITUATION ROOM:,PZA0002568,1,"한국과 일본이 키신저 장관이 제안한 남, 북, 미, 중 4자 회담에 환영을 표했다는 보고","Evening Notes - East Asia, July 23, 1976 (1p~1p)"
usa2-포드-285,"Evening Reports From the NSC Staff, July 26, 1976",,포드대통령도서관,1976,NATIONAL SECURITY ADVISER. WHITE HOUSE SITUATION ROOM:,PZA0002569,1,본국 귀환을 앞둔 Sneider 대사의 한국정세 보고,"Evening Notes - East Asia, July 26, 1976 (1p~1p)"
usa2-포드-286,"Evening Reports From the NSC Staff, July 27, 1976",,포드대통령도서관,1976,NATIONAL SECURITY ADVISER. WHITE HOUSE SITUATION ROOM:,PZA0002570,1,"미국이 제안한 남, 북, 미, 중 4자회담에 북한이 거부의사를 표했다는 보고","Evening Notes - East Asia, July 27, 1976 (1p~1p) 246 대통령기록관 해외기록물 수집목록집"
usa2-포드-287,"Evening Reports From the NSC Staff, August 3, 1976",,포드대통령도서관,1976,NATIONAL SECURITY ADVISER. WHITE HOUSE SITUATION ROOM:,PZA0002571,1,북한 관련 보고(비공개),[Withdrawal Sheet] [Briefing Paper] Evening Report - Program Analysis (1p~1p)
usa2-포드-288,"Evening Reports From the NSC Staff, August 5, 1976",,포드대통령도서관,1976,NATIONAL SECURITY ADVISER. WHITE HOUSE SITUATION ROOM:,PZA0002572,1,휴전선에서 남북간 총격전이 있었다는 보고,"Evening Notes - East Asia, August 5, 1976 (1p~1p)"
usa2-포드-289,"Evening Reports From the NSC Staff, August 11, 1976",,포드대통령도서관,1976,NATIONAL SECURITY ADVISER. WHITE HOUSE SITUATION ROOM:,PZA0002573,1,비동맹국가회의 관련 보고,"Evening Notes - East Asia, August 11, 1976 (1p~1p)"
usa2-포드-290,"Evening Reports From the NSC Staff, August 12, 1976",,포드대통령도서관,1976,NATIONAL SECURITY ADVISER. WHITE HOUSE SITUATION ROOM:,PZA0002574,1,유엔군사령부를 대신할 새로운 한미합동지휘체계에 대한 한국군의 불만 관련 보고,"Evening Notes - East Asia, August 12, 1976 (1p~1p) 248 대통령기록관 해외기록물 수집목록집"
usa2-포드-291,"Evening Reports From the NSC Staff, August 13, 1976",,포드대통령도서관,1976,NATIONAL SECURITY ADVISER. WHITE HOUSE SITUATION ROOM:,PZA0002575,1,명동시국선언을 지지하는 성명을 준비하던 종교지도자의 감금 소식 보고,"Evening Notes - East Asia, August 13, 1976 (1p~1p)"
usa2-포드-292,"Evening Reports From the NSC Staff, August 23, 1976",,포드대통령도서관,1976,NATIONAL SECURITY ADVISER. WHITE HOUSE SITUATION ROOM:,PZA0002576,1,북한 관련 보고(비공개),[Withdrawal Sheet] [Briefing Paper] Evening Notes - East Asia (1p~1p)
usa2-포드-293,"Evening Reports From the NSC Staff, August 24, 1976",,포드대통령도서관,1976,NATIONAL SECURITY ADVISER. WHITE HOUSE SITUATION ROOM:,PZA0002577,1,예정된 한미합동 공군 군사훈련이 취소되었다는 보고,"Evening Notes - East Asia, August 24, 1976 (1p~1p)"
usa2-포드-294,"Evening Reports From the NSC Staff, August 26, 1976",,포드대통령도서관,1976,NATIONAL SECURITY ADVISER. WHITE HOUSE SITUATION ROOM:,PZA0002578,2,북한 관련 보고(비공개) 및 파키스탄이 북한으로부터 무기를 수입하기로 했다는 보고,[Withdrawal Sheet] [Briefing Paper] Evening Notes - East Asia (1p~1p) | Memorandum from the Situation Room to Brent Scowcroft: Evening Notes (2p~4p) 250 대통령기록관 해외기록물 수집목록집
usa2-포드-295,"Evening Reports From the NSC Staff, August 27, 1976",,포드대통령도서관,1976,NATIONAL SECURITY ADVISER. WHITE HOUSE SITUATION ROOM:,PZA0002579,1,8·18 판문점 도끼만행사건에 대한 미국측 대응에 대해 한국내 비판이 줄어들고 있다는 보고,"Evening Notes - East Asia, August 27, 1976 (1p~1p)"
usa2-포드-296,"Evening Reports From the NSC Staff, September 1, 1976",,포드대통령도서관,1976,NATIONAL SECURITY ADVISER. WHITE HOUSE SITUATION ROOM:,PZA0002580,1,북한 관련 보고(비공개),[Withdrawal Sheet] [Briefing Paper] Evening Notes - East Asia (1p~1p)
usa2-포드-297,"Evening Reports From the NSC Staff, September 9, 1976",,포드대통령도서관,1976,NATIONAL SECURITY ADVISER. WHITE HOUSE SITUATION ROOM:,PZA0002581,1,북한 건국기념일에 있었던 각종 연설 및 사설이 판문점 도끼만행사건 관련 미국을 비난하는 내용으로 이루어졌다는 보고,"Evening Notes - East Asia, September 9, 1976 (1p~1p)"
usa2-포드-298,"Evening Reports From the NSC Staff, September 16, 1976",,포드대통령도서관,1976,NATIONAL SECURITY ADVISER. WHITE HOUSE SITUATION ROOM:,PZA0002582,1,북한이 유엔총회에서 한국문제를 제기하지 않을 수도 있다는 소련측의 정보에 대 한 보고,"Evening Notes - East Asia, September 16, 1976 (1p~1p) 252 대통령기록관 해외기록물 수집목록집"
usa2-포드-299,"Evening Reports From the NSC Staff, September 21, 1976",,포드대통령도서관,1976,NATIONAL SECURITY ADVISER. WHITE HOUSE SITUATION ROOM:,PZA0002583,1,"유엔총회에서 친북, 친한 결의안이 모두 철회될 것 같다는 보고","Evening Report -- Africa, September 21, 1976 (1p~1p)"
usa2-포드-300,"Evening Reports From the NSC Staff, September 28, 1976",,포드대통령도서관,1976,NATIONAL SECURITY ADVISER. WHITE HOUSE SITUATION ROOM:,PZA0002584,2,8·18 판문점 도끼만행사건 이후 맺은 새로운 협정 덕분에 공동경비구역(JSA)의 긴장이 완화되고 있다는 보고,"Evening Notes - East Asia, September 28, 1976 (1p~1p) <첨부> ’Panmunjom Agreement in Operation’"
usa2-포드-301,"Evening Reports From the NSC Staff, September 29, 1976",,포드대통령도서관,1976,NATIONAL SECURITY ADVISER. WHITE HOUSE SITUATION ROOM:,PZA0002585,1,유엔총회 친북결의안 철회는 북한의 다소 유연한 외교정책으로의 방향전환을 보 여주는 것이라는 일본측 판단에 대한 보고,"Evening Notes - East Asia, September 29, 1976 (1p~1p) <첨부> Japanese Assessment of North Korean Actions"
usa2-포드-302,"Evening Reports From the NSC Staff, September 30, 1976",,포드대통령도서관,1976,NATIONAL SECURITY ADVISER. WHITE HOUSE SITUATION ROOM:,PZA0002586,1,한국과 대만이 대미 버섯수출 제한에 동의했다는 보고,"Evening Report…Economic Affairs, September 30, 1976 (1p~1p) <첨부> Koreans and Taiwanese Provide Assurances on Mushroom Exports 254 대통령기록관 해외기록물 수집목록집"
usa2-포드-303,"Evening Reports From the NSC Staff, October 1, 1976",,포드대통령도서관,1976,NATIONAL SECURITY ADVISER. WHITE HOUSE SITUATION ROOM:,PZA0002587,1,북한의 내부정세가 불안하며 한국경제의 급성장이 계속되고 있다는 보고,"Evening Reports From the NSC Staff, October 1, 1976 (1p~1p) <첨부1> Reports on North Korea’s Internal Situation <첨부2> South Korean Economy Spurts Ahead"
usa2-포드-304,"Evening Reports From the NSC Staff, October 15, 1976",,포드대통령도서관,1976,NATIONAL SECURITY ADVISER. WHITE HOUSE SITUATION ROOM:,PZA0002588,1,김일성이 김정일에 의해 구금되었다는 보도는 사실무근이라는 보고,"INR Afternoon Summary, October 15, 1976 (1p~8p) <첨부> Report of Kim Il-Sung Arrest Appears Unfounded"
usa2-포드-305,"Evening Reports From the NSC Staff, October 18, 1976",,포드대통령도서관,1976,NATIONAL SECURITY ADVISER. WHITE HOUSE SITUATION ROOM:,PZA0002589,1,스칸디나비아국가들이 마약밀매 관련 북한외교관을 추방하고 있다는 보고,"INR Afternoon Summary, October 18, 1976 (1p~7p) <첨부> Scandanavian Government Action Against North Korean Diplomats"
usa2-포드-306,"Evening Reports From the NSC Staff, October 27, 1976",,포드대통령도서관,1976,NATIONAL SECURITY ADVISER. WHITE HOUSE SITUATION ROOM:,PZA0002590,2,한국 관련 보고(비공개),[Withdrawal Sheet] [Briefing Paper] Evening Notes - East Asia (1p~1p) | [Withdrawal Sheet] [Briefing Paper] INR Afternoon Summary (2p~2p) 256 대통령기록관 해외기록물 수집목록집
usa2-포드-307,"Evening Reports From the NSC Staff, October 28, 1976",,포드대통령도서관,1976,NATIONAL SECURITY ADVISER. WHITE HOUSE SITUATION ROOM:,PZA0002591,1,박동선 주도의 의회로비에 대해 이전부터 경고해 왔었다는 전 국무성 한국담당자 의 진술 보고,Memorandum from the Situation Room to Brent Scowcroft: Evening Notes (1p~2p) <첨부> The Washington Star
usa2-포드-308,"Evening Reports From the NSC Staff, November 3, 1976",,포드대통령도서관,1976,NATIONAL SECURITY ADVISER. WHITE HOUSE SITUATION ROOM:,PZA0002592,1,한국군의 무기생산능력이 급격히 증대하고 있다는 보고,Memorandum from the Situation Room to Brent Scowcroft: Evening Notes (1p~2p) <첨부> South Korean Tank-Production Capability Being Developed
usa2-포드-309,"Evening Reports From the NSC Staff, November 4, 1976",,포드대통령도서관,1976,NATIONAL SECURITY ADVISER. WHITE HOUSE SITUATION ROOM:,PZA0002593,1,한국 관련 보고(비공개),[Withdrawal Sheet] [Briefing Paper] Evening Notes - East Asia (1p~1p)
usa2-포드-310,"Evening Reports From the NSC Staff, November 22, 1976",,포드대통령도서관,1976,NATIONAL SECURITY ADVISER. WHITE HOUSE SITUATION ROOM:,PZA0002594,1,북베트남의 공산주의 우방국과의 관계에 대한 보고. 여기서 북베트남은 북한을 “친구”로는 여기지만 “동지”로는 보지 않는다고 밝힘,"INR Afternoon Summary, November 22, 1976 (1p~2p) <첨부> Vietnamese Relations with Communist Allies 258 대통령기록관 해외기록물 수집목록집"
usa2-포드-311,"Evening Reports From the NSC Staff, December 1, 1976",,포드대통령도서관,1976,NATIONAL SECURITY ADVISER. WHITE HOUSE SITUATION ROOM:,PZA0002595,1,북한이 조총련에 김정일을 김일성 사후 권력승계자로 확인시켰다는 보고,"INR Afternoon Summary, December 1, 1976 (1p~2p) <첨부> North Korean Succession again Favors Kim’s Son"
usa2-포드-312,"Evening Reports From the NSC Staff, December 28, 1976",,포드대통령도서관,1976,NATIONAL SECURITY ADVISER. WHITE HOUSE SITUATION ROOM:,PZA0002596,1,"새로 취임하는 행정부의 관심과 주목을 환기시킬 목적으로, 한미관계에 대한 한 국정부의 강경발언이 계속되고 있다는 보고","INR Afternoon Summary, December 28, 1976 (1p~2p) <첨부> “Tough” Statements in Seoul on US-ROK Problems"
usa2-포드-313,"Nixon Briefings, September 1974",,포드대통령도서관,1974,NATIONAL SECURITY ADVISER. WHITE HOUSE SITUATION ROOM:,PZA0002597,1,육영수여사 피격사건 이후 악화되었던 한일관계가 점차 정상화되고 있다는 보고,"[Intelligence Materials for President Nixon, September 18, 1974] (1p~9p) <첨부> Japan-South Korea"
usa2-포드-314,"Nixon Briefings, October 1974",,포드대통령도서관,1974,NATIONAL SECURITY ADVISER. WHITE HOUSE SITUATION ROOM:,PZA0002598,1,박정희 정부에 대한 총괄적인 평가 및 한국이 자체 군사력을 증강하기 위해 프랑 스로부터 협력을 구하고 있다는 보고,"Memorandum from Brent Scowcroft to Donald Rumsfeld, October 5, 1974 (1p~26p) <첨부1> South Korea - The Outlook for the Pak Government <첨부2> Seoul May Seek French Assistance in Building Arms Industry 260 대통령기록관 해외기록물 수집목록집"
usa2-포드-315,"Nixon Briefings, November 1974",,포드대통령도서관,1974,NATIONAL SECURITY ADVISER. WHITE HOUSE SITUATION ROOM:,PZA0002599,1,북한이 미국과 유엔의 역할에 대해 강경입장을 완화시킬 수도 있다는 보고,"[Memo] from James Fazio to Brent Scowcroft, November 14, 1974 (1p~17p) <첨부1> [Intelligence Materials for President Nixon, November 14, 1974] <첨부2>Evidence Indicates North Korea Is Building R-Class Submarines, Pyongyang May Be Moderating Stand on U.S., UN Korean Roles]"
usa2-포드-316,"Nixon Briefings, December 1974",,포드대통령도서관,1974,NATIONAL SECURITY ADVISER. WHITE HOUSE SITUATION ROOM:,PZA0002600,1,북한이 자체적으로 공격용 잠수정을 건조했다는 보고,"Memorandum from Brent Scowcroft to Donald Rumsfeld, October 5, 1974 (1p~26p) <첨부1> South Korea - The Outlook for the Pak Government <첨부2> Seoul May Seek French Assistance in Building Arms Industry"
usa2-포드-317,"Nixon Briefings, January 1975",,포드대통령도서관,1975,NATIONAL SECURITY ADVISER. WHITE HOUSE SITUATION ROOM:,PZA0002601,1,"박정희대통령이 미국 의존 일변도에서 벗어나 자주국방 의지를 천명하였으며, 구 체적인 정책변화 조짐을 보이고 있다는 보고",[Intelligence Materials for President Nixon] (1p~11p) <첨부> Pak Asserts New Policy Towards U.S. Assistance
usa2-포드-318,"Nixon Briefings, March 1975",,포드대통령도서관,1975,NATIONAL SECURITY ADVISER. WHITE HOUSE SITUATION ROOM:,PZA0002602,2,남북한 관련 보고(비공개),[해독 불가] (1P~1P) | [Withdrawal Sheet] [Briefing Paper] Intelligence Materials for President Nixon (2P~2P) 262 대통령기록관 해외기록물 수집목록집
usa2-포드-319,"Nixon Briefings, May 1975",,포드대통령도서관,1975,NATIONAL SECURITY ADVISER. WHITE HOUSE SITUATION ROOM:,PZA0002603,2,김일성의 중국 방문과 관련하여 북한이 요구하는 강경정책에 대해 중국이 회피의 사를 보이고 있다는 내용의 보고,[Memo] from S. Botsai to Brent Scowcroft (1P~13P) <첨부1> [Intelligence Materials for President Nixon] <첨부2> Mao Tse-tung Meets Kim Il-song; Chinese Unlikely to Support Any Request for a Hard Line Policy on Korean Reunification | [Withdrawal Sheet] [Briefing Paper] Intelligence Materials for President Nixon(14P~14P)
usa2-포드-320,"Nixon Briefings, January 1976",,포드대통령도서관,1976,NATIONAL SECURITY ADVISER. WHITE HOUSE SITUATION ROOM:,PZA0002604,1,"북한의 군수물자 생산능력이 증대되고 있으며, 프랑스정부가 핵관련 시설을 한국 등 비핵국가에 판매하는 것을 금지하기로 했다는 보고",[Intelligence Materials for President Nixon] (1P~18P) <첨부> North Korean Ground Forces Materiel Production
usa2-포드-321,"Nixon Briefings, September 1976",,포드대통령도서관,1976,NATIONAL SECURITY ADVISER. WHITE HOUSE SITUATION ROOM:,PZA0002605,2,"북한이 “미국의 한반도에서의 전쟁책동”에 대한 선전활동을 지속적으로 강화하고 있으며, 제5차 비동맹국가 정상회담 개최에 관련 보고","[Memo] from Jim Fazio to Marsh, September 1, 1976 (1p~1p) | [Memo] from Jim Fazio to Brent Scowcroft, September 1, 1976 (2p~16p) <첨부1> [Intelligence Materials for President Nixon] <첨부2> North Korean Propaganda Activities, Nonaligned States Conclude Conference"
usa2-포드-322,"Noon and Evening Notes, May 9, 1975",,포드대통령도서관,1975,NATIONAL SECURITY ADVISER. WHITE HOUSE SITUATION ROOM NOON,PZA0002606,1,휴전선 부근에 북한이 병력을 집중 배치하고 있다는 보고,Memorandum from the Situation Room to Henry A. Kissinger: Noon Notes (1p~2p) <첨부> Armor Concentration Continues in North Korea 264 대통령기록관 해외기록물 수집목록집
usa2-포드-323,"Noon and Evening Notes, May 13, 1975",,포드대통령도서관,1975,NATIONAL SECURITY ADVISER. WHITE HOUSE SITUATION ROOM NOON,PZA0002607,1,박정희 정부가 긴급조치 8호라는 비상조치 발동을 비밀리에 준비하고 있다는 보고,Memorandum from the Situation Room to Henry A. Kissinger: Noon Notes (1p~1p) <첨부> Indications of New Major Presidential Announcement in South
usa2-포드-324,"Noon and Evening Notes, May 16, 1975",,포드대통령도서관,1975,NATIONAL SECURITY ADVISER. WHITE HOUSE SITUATION ROOM NOON,PZA0002608,1,한국 관련 보고(비공개),[Withdrawal Sheet] Memorandum from the Situation Room to Henry A. Kissinger: Evening Notes (1p~1p)
usa2-포드-325,"Noon and Evening Notes, May 27, 1975",,포드대통령도서관,1975,NATIONAL SECURITY ADVISER. WHITE HOUSE SITUATION ROOM NOON,PZA0002609,1,북한 관련 보고(비공개),[Withdrawal Sheet] Memorandum from the Situation Room to Henry A. Kissinger: Information Items (1p~1p)
usa2-포드-326,"Noon and Evening Notes, May 28, 1975",,포드대통령도서관,1975,NATIONAL SECURITY ADVISER. WHITE HOUSE SITUATION ROOM NOON,PZA0002610,1,북한이 대외부채를 갚기 위해 이란으로부터 2억불의 차관을 도입할 것이라는 보고,"Memorandum from the Situation Room to Henry A. Kissinger: Information Items, May 28, 1975 (1p~4p) <첨부> North Korea May Soon Get Loan From Iran 266 대통령기록관 해외기록물 수집목록집"
usa2-포드-327,"Noon and Evening Notes, May 29, 1975",,포드대통령도서관,1975,NATIONAL SECURITY ADVISER. WHITE HOUSE SITUATION ROOM NOON,PZA0002611,1,일본의 대북수출에 대한 정부지급보증 관련 보고,"Memorandum from the Situation Room to Henry A. Kissinger: Information Items, May 29, 1975 (1p~3p) <첨부> Japan Cuts Backing of North Korean Trade"
usa2-포드-328,"Noon and Evening Notes, June 3, 1975",,포드대통령도서관,1975,NATIONAL SECURITY ADVISER. WHITE HOUSE SITUATION ROOM NOON,PZA0002612,1,김일성이 유엔총회 지지획득을 위해 불가리아를 방문한다는 보고,"Memorandum from the Situation Room to Henry A. Kissinger: Information Items, June 3, 1975 (1p~3p) <첨부1> North Korean Leader Arrives in Bulgaria <첨부2> The Washington-Star News"
usa2-포드-329,"Noon and Evening Notes, June 9, 1975",,포드대통령도서관,1975,NATIONAL SECURITY ADVISER. WHITE HOUSE SITUATION ROOM NOON,PZA0002613,1,북한 미그기의 비행 중 영해 이탈 관련 보고,"Memorandum from the Situation Room to Henry A. Kissinger: Noon Notes, June 9, 1975 (1p~2p) <첨부> North Koreans Overfly Off-Shore Islands"
usa2-포드-330,"Noon and Evening Notes, June 20, 1975",,포드대통령도서관,1975,NATIONAL SECURITY ADVISER. WHITE HOUSE SITUATION ROOM NOON,PZA0002614,1,북한이 비밀리에 미츠비씨전자회사로부터 휴대용 인공위성 신호탐지장치를 구매 했다는 보고,"Memorandum from the Situation Room to Henry A. Kissinger: Noon Notes, June 20, 1975 (1p~2p) <첨부> North Korea Acquires Transportable Satellite Ground Station 268 대통령기록관 해외기록물 수집목록집"
usa2-포드-331,"Noon and Evening Notes, June 24, 1975",,포드대통령도서관,1975,NATIONAL SECURITY ADVISER. WHITE HOUSE SITUATION ROOM NOON,PZA0002615,1,북한 관련 보고(비공개),"[Withdrawal Sheet] Memorandum from the Situation Room to Henry A. Kissinger: Noon Notes, June 24, 1975 (1p~1p)"
usa2-포드-332,"Noon and Evening Notes, June 28, 1975",,포드대통령도서관,1975,NATIONAL SECURITY ADVISER. WHITE HOUSE SITUATION ROOM NOON,PZA0002616,1,중국 폭격기가 한국 영공을 침범했다는 보고,"Memorandum from the Situation Room to Henry A. Kissinger: Noon Notes, June 20, 1975 (1p~2p) <첨부> North Korea Acquires Transportable Satellite Ground Station"
usa2-포드-333,"Noon and Evening Notes, July 2, 1975",,포드대통령도서관,1975,NATIONAL SECURITY ADVISER. WHITE HOUSE SITUATION ROOM NOON,PZA0002617,1,북한 관련 보고(비공개),"[Withdrawal Sheet] Memorandum from the Situation Room to Henry A. Kissinger: Noon Notes, July 2, 1975 (1p~1p)"
usa2-포드-334,"Noon and Evening Notes, July 25, 1975",,포드대통령도서관,1975,NATIONAL SECURITY ADVISER. WHITE HOUSE SITUATION ROOM NOON,PZA0002618,1,한국 해군의 일부 함정에 순항미사일이 장착된다는 보고,"Memorandum from the Situation Room to Henry A. Kissinger: Evening Notes, July 25, 1975 (1p~3p) <첨부> Cruise Missiles on South Korean Ships 270 대통령기록관 해외기록물 수집목록집"
usa2-포드-335,"Noon and Evening Notes, August 12, 1975",,포드대통령도서관,1975,NATIONAL SECURITY ADVISER. WHITE HOUSE SITUATION ROOM NOON,PZA0002619,1,유엔군사령부 해체 및 평화협정 체결을 내용으로 하는 북한의 유엔결의안 초안에 대한 보고,"Memorandum from the Situation Room to Henry A. Kissinger: Noon Notes, August 12, 1975 (1p~2P) <첨부> North Korea’s Draft UN Resolution Stresses Maintenance of Peace"
usa2-포드-336,"Noon and Evening Notes, August 25, 1975",,포드대통령도서관,1975,NATIONAL SECURITY ADVISER. WHITE HOUSE SITUATION ROOM NOON,PZA0002620,1,북한 관련 보고(비공개),"[Withdrawal Sheet] Memorandum from the Situation Room to Henry A. Kissinger: Information Items, August 25, 1975 (1p~1p)"
usa2-포드-337,"Noon and Evening Notes, September 2, 1975",,포드대통령도서관,1975,NATIONAL SECURITY ADVISER. WHITE HOUSE SITUATION ROOM NOON,PZA0002621,1,한국군 내 군사물자 밀매사건에 대한 보고,"Memorandum from the Situation Room to Henry A. Kissinger: Information Items, September 2, 1975 (1p~4p) <첨부> Scandal within the Republic of Korean Army Uncovered"
usa2-포드-338,"Noon and Evening Notes, September 3, 1975",,포드대통령도서관,1975,NATIONAL SECURITY ADVISER. WHITE HOUSE SITUATION ROOM NOON,PZA0002622,1,북한군이 일본 어선을 나포했다는 보고,"Memorandum from the Situation Room to Henry A. Kissinger: Information Items, September 3, 1975 (1p~2p) <첨부> North Korea Seizes Japanese Fishing Boat 272 대통령기록관 해외기록물 수집목록집"
usa2-포드-339,"Noon and Evening Notes, September 17, 1975",,포드대통령도서관,1975,NATIONAL SECURITY ADVISER. WHITE HOUSE SITUATION ROOM NOON,PZA0002623,1,중국이 북한에 군용헬기를 제공하고 있다는 보고,"Memorandum from the Situation Room to Henry A. Kissinger: Noon Notes, September 17, 1975 (1p~2p) <첨부> Chinese Helicopter Deliveries to North Korea"
usa2-포드-340,"Noon and Evening Notes, September 26, 1975",,포드대통령도서관,1975,NATIONAL SECURITY ADVISER. WHITE HOUSE SITUATION ROOM NOON,PZA0002624,1,"북한이 휴전선 근처에 군사시설을 세우고 있으며, 이는 남측에 위협이 되고 있다는 보고","Memorandum from the Situation Room to Henry A. Kissinger: Noon Notes, September 26, 1975 (1p~2p)"
usa2-포드-341,"Noon and Evening Notes, September 27, 1975",,포드대통령도서관,1975,NATIONAL SECURITY ADVISER. WHITE HOUSE SITUATION ROOM NOON,PZA0002625,1,북한군이 군용헬기를 구매하고 있다는 보고,"Memorandum from the Situation Room to Henry A. Kissinger: Noon Notes, September 27, 1975 (1p~2p) <첨부> CIA reports that the North Koreans will probably acquire even more helicopters"
usa2-포드-342,"Noon and Evening Notes, October 6, 1975",,포드대통령도서관,1975,NATIONAL SECURITY ADVISER. WHITE HOUSE SITUATION ROOM NOON,PZA0002626,1,한국 관련 보고(비공개),"[Withdrawal Sheet] Memorandum from the Situation Room to Henry A. Kissinger: Noon Notes, October 6, 1975 (1p~1p) 274 대통령기록관 해외기록물 수집목록집"
usa2-포드-343,"Noon and Evening Notes, October 7, 1975",,포드대통령도서관,1975,NATIONAL SECURITY ADVISER. WHITE HOUSE SITUATION ROOM NOON,PZA0002627,1,한국군 함정이 북한 침투정을 침몰시켰다는 보고,"Memorandum from the Situation Room to Henry A. Kissinger: Evening Notes, October 7, 1975(1p~2p) <첨부> South Korean Destroyer Sinks North Korean Boat"
usa2-포드-344,"Noon and Evening Notes, October 8, 1975",,포드대통령도서관,1975,NATIONAL SECURITY ADVISER. WHITE HOUSE SITUATION ROOM NOON,PZA0002628,1,일본정부가 북한과 비공식 외교채널을 구축하기 위해 모스크바에서 북측과 접촉 했다는 보고,"Memorandum from the Situation Room to Henry A. Kissinger: Evening Notes, October 8, 1975 (1p~3p) <첨부> Japanese Contacts with North Korean Officials in Moscow"
usa2-포드-345,"Noon and Evening Notes, November 4, 1975",,포드대통령도서관,1975,NATIONAL SECURITY ADVISER. WHITE HOUSE SITUATION ROOM NOON,PZA0002629,1,한국이 프랑스로부터 지대지미사일을 구매한다는 보고,"Memorandum from the Situation Room to Henry A. Kissinger: Noon Notes, November 4, 1975 (1p~3p) <첨부> South Korea Acquires French Naval Missile"
usa2-포드-346,"Noon and Evening Notes, November 6, 1975",,포드대통령도서관,1975,NATIONAL SECURITY ADVISER. WHITE HOUSE SITUATION ROOM NOON,PZA0002630,1,북한이 호주에 주재중인 외교관을 철수시키라고 명령했다는 보고,"Memorandum from the Situation Room to Henry A. Kissinger: Noon Notes, November 6, 1975 (1p~2p) <첨부> Australia Has Been Asked to Remove Its Diplomatic Mission from North Korea 276 대통령기록관 해외기록물 수집목록집"
usa2-포드-347,"Noon and Evening Notes, December 10, 1975",,포드대통령도서관,1975,NATIONAL SECURITY ADVISER. WHITE HOUSE SITUATION ROOM NOON,PZA0002631,1,북한측 고위인사의 이란 방문 보고,"Memorandum from the Situation Room to Brent Scowcroft: Noon Notes, December 10, 1975 (1p~2p)"
usa2-포드-348,"Noon and Evening Notes, December 17, 1975",,포드대통령도서관,1975,NATIONAL SECURITY ADVISER. WHITE HOUSE SITUATION ROOM NOON,PZA0002632,1,한국정부가 비밀리에 록히드사로부터 고체연료 로켓모터 제작을 위한 설비를 구 매했다는 보고,"Memorandum from the Situation Room to Brent Scowcroft: Information Items, December 17, 1975 (1p~3p) <첨부> The Washington Star"
usa2-포드-349,"Noon and Evening Notes, December 24, 1975",,포드대통령도서관,1975,NATIONAL SECURITY ADVISER. WHITE HOUSE SITUATION ROOM NOON,PZA0002633,1,한국정부가 프랑스로부터 헬기구입을 위해 노력중이라는 보고 및 북한군의 무기 생산 능력이 최근 증대되었다는 보고,"Memorandum from the Situation Room to Brent Scowcroft: Noon Notes, December 24, 1975 (1p~6p) <첨부1> Seoul Wants Alouettes from Paris <첨부2> North Korean Ground Forces Materiel Production"
usa2-포드-350,"Noon and Evening Notes, January 2, 1976",,포드대통령도서관,1976,NATIONAL SECURITY ADVISER. WHITE HOUSE SITUATION ROOM NOON,PZA0002634,1,북한군 전투기 조종사들이 임무를 완수하고 시리아를 떠났다는 보고,"Memorandum from the Situation Room to Brent Scowcroft: Noon Notes, January 2, 1976 (1p~2p) <첨부> North Korean Pilots Reportedly Leave Syria 278 대통령기록관 해외기록물 수집목록집"
usa2-포드-351,"Noon and Evening Notes, January 14, 1976",,포드대통령도서관,1976,NATIONAL SECURITY ADVISER. WHITE HOUSE SITUATION ROOM NOON,PZA0002635,1,북한 관련 보고(비공개),"[Withdrawal Sheet] Memorandum from the Situation Room to Brent Scowcroft: Noon Notes, January 14, 1976 (1p~1p)"
usa2-포드-352,"Noon and Evening Notes, January 16, 1976",,포드대통령도서관,1976,NATIONAL SECURITY ADVISER. WHITE HOUSE SITUATION ROOM NOON,PZA0002636,1,북한군의 휴전선 부근 동향에 대한 보고,"Memorandum from the Situation Room to Brent Scowcroft: Noon Notes, January 16, 1976 (1p~2p) <첨부> North Korean SAM Developments"
usa2-포드-353,"Noon and Evening Notes, February 13, 1976",,포드대통령도서관,1976,NATIONAL SECURITY ADVISER. WHITE HOUSE SITUATION ROOM NOON,PZA0002637,1,북한 관련 보고(비공개),"[Withdrawal Sheet] Memorandum from the Situation Room to Brent Scowcroft: Noon Notes, February 13, 1976 (1p~1p)"
usa2-포드-354,"Noon and Evening Notes, March 5, 1976",,포드대통령도서관,1976,NATIONAL SECURITY ADVISER. WHITE HOUSE SITUATION ROOM NOON,PZA0002638,1,중국이 북한에 대잠용 함정을 제공했다는 보고,"Memorandum from the Situation Room to Brent Scowcroft: Evening Notes, March 5, 1976 (1p~2p) <첨부> PRC Submarine Delivery to North Korea 280 대통령기록관 해외기록물 수집목록집"
usa2-포드-355,"Noon and Evening Notes, March 11, 1976",,포드대통령도서관,1976,NATIONAL SECURITY ADVISER. WHITE HOUSE SITUATION ROOM NOON,PZA0002639,1,북한 관련 보고(비공개),"[Withdrawal Sheet] Memorandum from the Situation Room to Brent Scowcroft: Evening Notes, March 11, 1976 (1p~1p)"
usa2-포드-356,"Noon and Evening Notes, March 18, 1976",,포드대통령도서관,1976,NATIONAL SECURITY ADVISER. WHITE HOUSE SITUATION ROOM NOON,PZA0002640,1,한국 관련 보고(비공개),"[Withdrawal Sheet] Memorandum from the Situation Room to Brent Scowcroft: Distribution Checklist, March 18, 1976 (1p~2p)"
usa2-포드-357,"Noon and Evening Notes, March 29, 1976",,포드대통령도서관,1976,NATIONAL SECURITY ADVISER. WHITE HOUSE SITUATION ROOM NOON,PZA0002641,1,1976년 3.1 명동구국선언에 대한 한국 정부의 대응에 대해 미국의 우려 전달 내 용 보고,"Memorandum from the Situation Room to Brent Scowcroft: Distribution Checklist, March 29, 1976 (1p~2p) <첨부> Aftermath of Myongdong Incident"
usa2-포드-358,"Noon and Evening Notes, March 30, 1976",,포드대통령도서관,1976,NATIONAL SECURITY ADVISER. WHITE HOUSE SITUATION ROOM NOON,PZA0002642,1,북한 관련 보고(비공개),"[Withdrawal Sheet] Memorandum from the Situation Room to Brens[Brent] Scowcroft: Evening Notes, March 30, 1976 (1p~1p) 282 대통령기록관 해외기록물 수집목록집"
usa2-포드-359,"Noon and Evening Notes, April 1, 1976",,포드대통령도서관,1976,NATIONAL SECURITY ADVISER. WHITE HOUSE SITUATION ROOM NOON,PZA0002643,1,한국 관련 보고(비공개),"[Withdrawal Sheet] Memorandum from the Situation Room to Brent Scowcroft: Evening Notes, April 1, 1976 (1p~1p)"
usa2-포드-360,"Noon and Evening Notes, April 8, 1976",,포드대통령도서관,1976,NATIONAL SECURITY ADVISER. WHITE HOUSE SITUATION ROOM NOON,PZA0002644,1,북한이 이집트에 군사장비를 제공하고 있으며 3.1 명동구국선언에 대한 한국정부 의 대응과 이에 대한 미국측 우려 전달에 관하여 한국 외무부장관과 접견 내용 보고,"Memorandum from the Situation Room to Brent Scowcroft: Noon Notes, April 8, 1976 (1p~3p) <첨부> North Korea Reportedly Supplying Egypt with Spare Parts | Memorandum from the Situation Room to Brent Scowcroft: Distribution Checklist, April 8, 1976 (4p~5p) <첨부> Foreign Minister Pak’s Meeting with the Secretary"
usa2-포드-361,"Noon and Evening Notes, April 9, 1976",,포드대통령도서관,1976,NATIONAL SECURITY ADVISER. WHITE HOUSE SITUATION ROOM NOON,PZA0002645,1,북한 관련 보고(비공개),"[Withdrawal Sheet] Memorandum from the Situation Room to Brent Scowcroft : Evening Notes, April 9, 1976 (1p~1p)"
usa2-포드-362,"Noon and Evening Notes, April 12, 1976",,포드대통령도서관,1976,NATIONAL SECURITY ADVISER. WHITE HOUSE SITUATION ROOM NOON,PZA0002646,1,북한 관련 보고(비공개),"[Withdrawal Sheet] Memorandum from the Situation Room to Brent Scowcroft: Noon Notes, April 12, 1976 (1p~1p) 284 대통령기록관 해외기록물 수집목록집"
usa2-포드-363,"Noon and Evening Notes, April 15, 1976",,포드대통령도서관,1976,NATIONAL SECURITY ADVISER. WHITE HOUSE SITUATION ROOM NOON,PZA0002647,1,베트남 사이공에 억류중인 한국인 관련 보고,"Memorandum from the Situation Room to Brent Scowcroft: Evening Notes, April 15, 1976 (1p~3p) <첨부> South Koreans Being Held in Saigon"
usa2-포드-364,"Noon and Evening Notes, April 16, 1976",,포드대통령도서관,1976,NATIONAL SECURITY ADVISER. WHITE HOUSE SITUATION ROOM NOON,PZA0002648,1,3.1 명동구국선언 관련 미국측 우려 전달에 대한 박정희대통령의 입장 보고,"Memorandum from the Situation Room to Brent Scowcroft: Distribution Checklist, April 16, 1976 (1p~3p) <첨부> ROK Domestic Affairs"
usa2-포드-365,"Noon and Evening Notes, April 17, 1976",,포드대통령도서관,1976,NATIONAL SECURITY ADVISER. WHITE HOUSE SITUATION ROOM NOON,PZA0002649,1,북한 관련 보고(비공개),"[Withdrawal Sheet] Memorandum from the Situation Room to Brent Scowcroft: Noon Notes, April 17, 1976 (1p~1p)"
usa2-포드-366,"Noon and Evening Notes, April 22, 1976",,포드대통령도서관,1976,NATIONAL SECURITY ADVISER. WHITE HOUSE SITUATION ROOM NOON,PZA0002650,1,북한 관련 보고(비공개),"[Withdrawal Sheet] Memorandum from the Situation Room to Brent Scowcroft: Eve Notes, April 22, 1976 (1p~1p) 286 대통령기록관 해외기록물 수집목록집"
usa2-포드-367,"Noon and Evening Notes, May 12, 1976",,포드대통령도서관,1976,NATIONAL SECURITY ADVISER. WHITE HOUSE SITUATION ROOM NOON,PZA0002651,1,북한 관련 보고(비공개),"[Withdrawal Sheet] Memorandum from the Situation Room to Brent Scowcroft: Noon Notes, May 12, 1976 (1p~1p)"
usa2-포드-368,"Noon and Evening Notes, May 13, 1976",,포드대통령도서관,1976,NATIONAL SECURITY ADVISER. WHITE HOUSE SITUATION ROOM NOON,PZA0002652,1,북한 관련 보고(비공개),"[Withdrawal Sheet] Memorandum from the Situation Room to Brent Scowcroft: Eve Notes, May 13, 1976 (1p~1p)"
usa2-포드-369,"Noon and Evening Notes, May 17, 1976",,포드대통령도서관,1976,NATIONAL SECURITY ADVISER. WHITE HOUSE SITUATION ROOM NOON,PZA0002653,1,북한 관련 보고(비공개),"[Withdrawal Sheet] Memorandum from the Situation Room to Brent Scowcroft: Noon Notes, May 17, 1976 (1p~1p)"
usa2-포드-370,"Noon and Evening Notes, May 19, 1976",,포드대통령도서관,1976,NATIONAL SECURITY ADVISER. WHITE HOUSE SITUATION ROOM NOON,PZA0002654,1,부토 파키스탄 수상의 북한 방문에 대한 보고,"Memorandum from the Situation Room to Brent Scowcroft: Noon Notes, May 19, 1976 (1p~3p) <첨부> Bhutto Plans Visit to Pyongyang and Peking 288 대통령기록관 해외기록물 수집목록집"
usa2-포드-371,"Noon and Evening Notes, May 24, 1976",,포드대통령도서관,1976,NATIONAL SECURITY ADVISER. WHITE HOUSE SITUATION ROOM NOON,PZA0002655,1,한국 관련 보고(비공개),"[Withdrawal Sheet] Memorandum from the Situation Room to Brent Scowcroft: Noon Notes, May 24, 1976 (1p~1p)"
usa2-포드-372,"Noon and Evening Notes, May 29, 1976",,포드대통령도서관,1976,NATIONAL SECURITY ADVISER. WHITE HOUSE SITUATION ROOM NOON,PZA0002656,1,북한 관련 보고(비공개),"[Withdrawal Sheet] Memorandum from the Situation Room to Brent Scowcroft: Evening Notes, May 29, 1976 (1p~1p)"
usa2-포드-373,"Noon and Evening Notes, June 2, 1976",,포드대통령도서관,1976,NATIONAL SECURITY ADVISER. WHITE HOUSE SITUATION ROOM NOON,PZA0002657,1,한국 관련 보고(비공개),"[Withdrawal Sheet] Memorandum from the Situation Room to Brent Scowcroft: Evening Notes, June 2, 1976 (1p~1p)"
usa2-포드-374,"Noon and Evening Notes, June 5, 1976",,포드대통령도서관,1976,NATIONAL SECURITY ADVISER. WHITE HOUSE SITUATION ROOM NOON,PZA0002658,1,북한 관련 보고(비공개),"[Withdrawal Sheet] Memorandum from the Situation Room to Brent Scowcroft: Noon Notes, June 5, 1976 (1p~1p) 290 대통령기록관 해외기록물 수집목록집"
usa2-포드-375,"Noon and Evening Notes, June 15, 1976",,포드대통령도서관,1976,NATIONAL SECURITY ADVISER. WHITE HOUSE SITUATION ROOM NOON,PZA0002659,1,한국에 체류하고 있는 미국인 교환교수의 정부비판 발언이 한국정부를 분노케하 고 있다는 보고,"Memorandum from the Situation Room to Brent Scowcroft: Evening Notes, June 15, 1976 (1p~3p) <첨부> South Koreans Upset with U.S. Visitor"
usa2-포드-376,"Noon and Evening Notes, June 22, 1976",,포드대통령도서관,1976,NATIONAL SECURITY ADVISER. WHITE HOUSE SITUATION ROOM NOON,PZA0002660,1,북한 관련 보고(비공개),"[Withdrawal Sheet] Memorandum from the Situation Room to Brent Scowcroft: Evening Notes, June 22, 1976 (1p~1p)"
usa2-포드-377,"Noon and Evening Notes, June 29, 1976",,포드대통령도서관,1976,NATIONAL SECURITY ADVISER. WHITE HOUSE SITUATION ROOM NOON,PZA0002661,1,북한 관련 보고(비공개),"[Withdrawal Sheet] Memorandum from the Situation Room to Brent Scowcroft: Noon Notes, June 29, 1976 (1p~1p)"
usa2-포드-378,"Noon and Evening Notes, July 2, 1976",,포드대통령도서관,1976,NATIONAL SECURITY ADVISER. WHITE HOUSE SITUATION ROOM NOON,PZA0002662,1,북한 관련 보고(비공개),"[Withdrawal Sheet] Memorandum from the Situation Room to Brent Scowcroft: Evening Notes, July 2, 1976 (1p~1p) 292 대통령기록관 해외기록물 수집목록집"
usa2-포드-379,"Noon and Evening Notes, July 9, 1976",,포드대통령도서관,1976,NATIONAL SECURITY ADVISER. WHITE HOUSE SITUATION ROOM NOON,PZA0002663,1,북한 관련 보고(비공개),"[Withdrawal Sheet] Memorandum from the Situation Room to Brent Scowcroft: Evening Notes, July 9, 1976 (1p~1p)"
usa2-포드-380,"Noon and Evening Notes, July 16, 1976",,포드대통령도서관,1976,NATIONAL SECURITY ADVISER. WHITE HOUSE SITUATION ROOM NOON,PZA0002664,1,제3세계 국가들의 외교적 지지를 얻기 위한 일환으로 북한이 중국 및 소련과의 관 계에 대한 대외언급을 자제하고 있다는 보고,"Memorandum from the Situation Room to Brent Scowcroft: Noon Notes, July 16, 1976 (1p~2p) <첨부> North Korean Relations with China and the USSR"
usa2-포드-381,"Noon and Evening Notes, July 22, 1976",,포드대통령도서관,1976,NATIONAL SECURITY ADVISER. WHITE HOUSE SITUATION ROOM NOON,PZA0002665,1,북한 관련 보고(비공개),"[Withdrawal Sheet] Memorandum from the Situation Room to Brent Scowcroft: Noon Notes, July 22, 1976 (1p~1p)"
usa2-포드-382,"Noon and Evening Notes, July 26, 1976",,포드대통령도서관,1976,NATIONAL SECURITY ADVISER. WHITE HOUSE SITUATION ROOM NOON,PZA0002666,2,스나이더 주한 미대사의 본국 귀환 직전 나눈 한국정부측 인사들과의 대화 내용 보고 및 북한이 미국의 4대 강대국 회담 개최에 부정적인 입장을 보였다는 보고,"Memorandum from the Situation Room to Brent Scowcroft: Noon Notes, July 26, 1976 (1p~2p) <첨부> Ambassador Sneider’s Meetings with ROK official | Memorandum from the Situation Room to Brent Scowcroft: Evening Notes, July 26, 1976 (3p~4p) <첨부> North Korea Negative on Conference 294 대통령기록관 해외기록물 수집목록집"
usa2-포드-383,"Noon and Evening Notes, July 27, 1976",,포드대통령도서관,1976,NATIONAL SECURITY ADVISER. WHITE HOUSE SITUATION ROOM NOON,PZA0002667,1,한국이 소련과의 외교관계 증진을 위해 노력하고 있다는 보고,"Memorandum from the Situation Room to Brent Scowcroft: Noon Notes, July 27, 1976 (1p~2p) <첨부> Seoul Continues Diplomatic Efforts with Soviets"
usa2-포드-384,"Noon and Evening Notes, July 29, 1976",,포드대통령도서관,1976,NATIONAL SECURITY ADVISER. WHITE HOUSE SITUATION ROOM NOON,PZA0002668,2,한국 관련 보고(비공개),"[Withdrawal Sheet] Memorandum from the Situation Room to Brent Scowcroft: Noon Notes, July 29, 1976 (1p~2p)"
usa2-포드-385,"Noon and Evening Notes, August 19, 1976",,포드대통령도서관,1976,NATIONAL SECURITY ADVISER. WHITE HOUSE SITUATION ROOM NOON,PZA0002669,1,비동맹국가 정상회담에 파견된 북한측 대표단이 판문점 도끼만행사건을 의제로 제안하지 않을 것이라고 했다는 보고,"[Withdrawal Sheet] Memorandum from the Situation Room to Brent Scowcroft: Noon Notes, August 19, 1976 (1p~1p) | Memorandum from the Situation Room to Brent Scowcroft: Evening Notes, August 19, 1976 (2p~3p) <첨부1> DPRK Aide at Colombo Discusses Panmunjom Incident <첨부2> The Washington Star"
usa2-포드-386,"Noon and Evening Notes, August 20, 1976",,포드대통령도서관,1976,NATIONAL SECURITY ADVISER. WHITE HOUSE SITUATION ROOM NOON,PZA0002670,2,판문점 도끼만행사건에 대한 친공산 언론의 보도양상에 대한 보고,"Memorandum from the Situation Room to Brent Scowcroft: Noon Notes, August 20, 1976 (1p~2p) <첨부> Communist Media Reaction to Korean Incident 296 대통령기록관 해외기록물 수집목록집"
usa2-포드-387,"Noon and Evening Notes, August 26, 1976",,포드대통령도서관,1976,NATIONAL SECURITY ADVISER. WHITE HOUSE SITUATION ROOM NOON,PZA0002671,1,파키스탄이 북한으로부터 무기를 수입한다는 보고,"Memorandum from the Situation Room to Brent Scowcroft: Evening Notes, August 26, 1976 (1p~3p) <첨부> Pakistani Arms Agreement with North Korea"
usa2-포드-388,"Noon and Evening Notes, September 2, 1976",,포드대통령도서관,1976,NATIONAL SECURITY ADVISER. WHITE HOUSE SITUATION ROOM NOON,PZA0002672,2,판문점 도끼만행사건에 대한 국제사회의 부정적 인식 때문에 북한의 통상무역이 영향을 받고 있다는 보고,"Memorandum from the Situation Room to Brent Scowcroft: Noon Notes, September 2, 1976 (1p~2p) <첨부> Adverse Publicity Affects North Korean Foreign Trade"
usa2-포드-389,"Noon and Evening Notes, September 3, 1976",,포드대통령도서관,1976,NATIONAL SECURITY ADVISER. WHITE HOUSE SITUATION ROOM NOON,PZA0002673,1,한국 관련 보고(비공개),"[Withdrawal Sheet] Memorandum from the Situation Room to Brent Scowcroft: Noon Notes, September 3, 1976 (1p~1p)"
usa2-포드-390,"Noon and Evening Notes, September 7, 1976",,포드대통령도서관,1976,NATIONAL SECURITY ADVISER. WHITE HOUSE SITUATION ROOM NOON,PZA0002674,1,한국의 인권상황을 비판하는 미 하원결의안에 대해 박정희대통령이 강한 유감을 전달했다는 보고,"Memorandum from the Situation Room to Brent Scowcroft: Noon Notes, September 7, 1976 (1p~2p) <첨부> South Korean President Unhappy with U.S. Human Rights Actions 298 대통령기록관 해외기록물 수집목록집"
usa2-포드-391,"Noon and Evening Notes, September 18, 1976",,포드대통령도서관,1976,NATIONAL SECURITY ADVISER. WHITE HOUSE SITUATION ROOM NOON,PZA0002675,1,북한의 외채상황이 악화되고 있다는 보고,"Memorandum from the Situation Room to Brent Scowcroft: Noon Notes, September 18, 1976 (1p~2p) <첨부> North Korean Debt Problems"
usa2-포드-392,"Noon and Evening Notes, September 20, 1976",,포드대통령도서관,1976,NATIONAL SECURITY ADVISER. WHITE HOUSE SITUATION ROOM NOON,PZA0002676,1,북한 간첩선의 침투시도가 발각되었다는 보고,"Memorandum from the Situation Room to Brent Scowcroft: Noon Notes, September 20, 1976 (1p~2p) <첨부> North Korean Infiltration Attempt"
usa2-포드-393,"Noon and Evening Notes, September 22, 1976",,포드대통령도서관,1976,NATIONAL SECURITY ADVISER. WHITE HOUSE SITUATION ROOM NOON,PZA0002677,1,북한 관련 보고(비공개),"[Withdrawal Sheet] Memorandum from the Situation Room to Brent Scowcroft: Noon Notes, September 22, 1976 (1p~1p)"
usa2-포드-394,"Noon and Evening Notes, November 3, 1976",,포드대통령도서관,1976,NATIONAL SECURITY ADVISER. WHITE HOUSE SITUATION ROOM NOON,PZA0002678,1,한국의 무기(전차) 생산능력에 대한 보고,"Memorandum from the Situation Room to Brent Scowcroft: Evening Notes, November 3, 1976 (1p~2p) <첨부> South Korean Tank-Production Capability Being Developed 300 대통령기록관 해외기록물 수집목록집"
usa2-포드-395,"Noon and Evening Notes, November 6, 1976",,포드대통령도서관,1976,NATIONAL SECURITY ADVISER. WHITE HOUSE SITUATION ROOM NOON,PZA0002679,1,북한 관련 보고(비공개),"[Withdrawal Sheet] Memorandum from the Situation Room to Brent Scowcroft: Noon Notes, November 6, 1976 (1p~1p)"
usa2-포드-396,"Noon and Evening Notes, December 14, 1976",,포드대통령도서관,1976,NATIONAL SECURITY ADVISER. WHITE HOUSE SITUATION ROOM NOON,PZA0002680,1,미군의 가상침투작전에 한국군의 오인사격이 있었다는 보고,"Memorandum from the Situation Room to Brent Scowcroft: Noon Notes, December 14, 1976 (1p~2p) <첨부> ROK Firing Incident During U.S. Exercise"
usa2-포드-397,"Noon and Evening Notes, December 15, 1976",,포드대통령도서관,1976,NATIONAL SECURITY ADVISER. WHITE HOUSE SITUATION ROOM NOON,PZA0002681,1,북한이 황수원강 부근에 건설한 대규모 군사시설에 대한 보고,"Memorandum from the Situation Room to Brent Scowcroft: Evening Notes, December 15, 1976 (1p~3p) <첨부> North Korean Unidentified Military Installation"
usa2-포드-398,"Noon and Evening Notes, December 20, 1976",,포드대통령도서관,1976,NATIONAL SECURITY ADVISER. WHITE HOUSE SITUATION ROOM NOON,PZA0002682,1,한국 관련 보고(비공개),"[Withdrawal Sheet] Memorandum from the Situation Room to Brent Scowcroft: Noon Notes, December 20, 1976(1p~1p) 302 대통령기록관 해외기록물 수집목록집"
usa2-포드-399,"Noon and Evening Notes, December 22, 1976",,포드대통령도서관,1976,NATIONAL SECURITY ADVISER. WHITE HOUSE SITUATION ROOM NOON,PZA0002683,1,한국정부가 박동선사건과 관련해서 주요 일간지 편집장에게 브리핑했다는 보고,"Memorandum from the Situation Room to Brent Scowcroft: Noon Notes, December 22, 1976 (1p~2p) <첨부> ROK Plans to Releasse Information on the ROK-U.S. Bribery Scanda"
usa2-포드-400,"Noon and Evening Notes, December 30, 1976",,포드대통령도서관,1976,NATIONAL SECURITY ADVISER. WHITE HOUSE SITUATION ROOM NOON,PZA0002684,1,북한 관련 보고(비공개),"[Withdrawal Sheet] Memorandum from the Situation Room to Brent Scowcroft: Evening Notes, December 30, 1976 (1p~1p)"
usa2-포드-401,"Noon and Evening Notes, January 8, 1977",,포드대통령도서관,1977,NATIONAL SECURITY ADVISER. WHITE HOUSE SITUATION ROOM NOON,PZA0002685,1,한국정부가 예정된 주한미군 철수와 관련해서 일본 및 미국과의 안보관련 회담을 개최하려고 노력중이라는 보고,"Memorandum from the Situation Room to Brent Scowcroft: Noon Notes, January 8, 1977 (1p~2p) <첨부> ROK Seeks Consultations with U.S. and Japanese Allies"
usa2-포드-402,"Noon and Evening Notes, January 19, 1977",,포드대통령도서관,1977,NATIONAL SECURITY ADVISER. WHITE HOUSE SITUATION ROOM NOON,PZA0002686,1,북한 관련 보고(비공개),"[Withdrawal Sheet] Memorandum from the Situation Room to Brent Scowcroft: Noon Notes, January 19, 1976[1977] (1p~1p) 304 대통령기록관 해외기록물 수집목록집"
usa2-포드-403,"Presidential Daily Briefing, August 14, 1974",,포드대통령도서관,1974,"Presidential Daily Briefings, compiled 1974 - 1977",PZA0002687,1,한국에 대한 군사지원 축소 등 의회에서 논의중인 해외원조법안의 주요 수정안에 대한 정리 보고,"President’s Evening Report, August 13, 1974 (1p~4p)"
usa2-포드-404,"Presidential Daily Briefing, August 15, 1974",,포드대통령도서관,1974,"Presidential Daily Briefings, compiled 1974 - 1977",PZA0002688,1,코스타리카가 외교관계 정상화를 위해 방문한 북한 대표단을 추방했다는 보고,"Memorandum from the Situation Room to Henry A. Kissinger: Additional Information Items, August 15, 1974 (1p~5p) <첨부> Costa Rica Expels North Korean Delegation"
usa2-포드-405,"Presidential Daily Briefing, August 19, 1974",,포드대통령도서관,1974,"Presidential Daily Briefings, compiled 1974 - 1977",PZA0002689,1,한국 관련 보고(비공개),"[Withdrawal Sheet] Memorandum from Henry A. Kissinger to Gerald R. Ford: Information Items, August 19, 1974 (1p~1p)"
usa2-포드-406,"Presidential Daily Briefing, August 22, 1974",,포드대통령도서관,1974,"Presidential Daily Briefings, compiled 1974 - 1977",PZA0002690,1,8·15대통령저격사건(육영수여사 피격사건)에 대한 한국정부의 대응 보고,"Memorandum from the Situation Room to Henry A. Kissinger: Additional Information Items, August 22, 1974 (1p~5p) <첨부> Korean Statement on Pak Assassination Attempt 306 대통령기록관 해외기록물 수집목록집"
usa2-포드-407,"Presidential Daily Briefing, August 26, 1974",,포드대통령도서관,1974,"Presidential Daily Briefings, compiled 1974 - 1977",PZA0002691,1,미국이 북한의 평화협정 제안을 거부했으나 제3국을 통해 북한과의 대화의사가 있음을 전달했다고 하는 김일성의 인터뷰 내용 보고,"Memorandum from the Situation Room to Henry A. Kissinger: Additional Information Items, August 26, 1974 (1p~5p) <첨부> North Korean Premier says U.S. Will Meet with Him"
usa2-포드-408,"Presidential Daily Briefing, September 7, 1974",,포드대통령도서관,1974,"Presidential Daily Briefings, compiled 1974 - 1977",PZA0002692,1,8·15대통령저격사건에 대한 일본측의 반응에 분노한 일부 한국 청년들의 일본대 사관 점거 시도 보고,"Memorandum from the Situation Room to Henry A. Kissinger: Additional Information Items, September 7, 1974 (1p~1p) <첨부> South Korea-Japan"
usa2-포드-409,"Presidential Daily Briefing, September 10, 1974",,포드대통령도서관,1974,"Presidential Daily Briefings, compiled 1974 - 1977",PZA0002693,1,자카르타 주재 북한대사관 관계자가 미국대사관 측에 북미 대화 의사를 전달했다 는 보고,"Memorandum from the Situation Room to Henry A. Kissinger: Additional Information Items, September 10, 1974 (1p~1p) <첨부> North Korean Approach to Our Embassy in Jakarta"
usa2-포드-410,"Presidential Daily Briefing, September 13, 1974",,포드대통령도서관,1974,"Presidential Daily Briefings, compiled 1974 - 1977",PZA0002694,1,박정희대통령이 8·15대통령저격사건에 대한 일본 총리의 유감 표명 서한을 거부 했다는 보고,"Memorandum from the Situation Room to Henry A. Kissinger: Additional Information Items, September 13, 1974 (1p~4p) <첨부> Japan-South Korea: Back in the Caldron Again 308 대통령기록관 해외기록물 수집목록집"
usa2-포드-411,"Presidential Daily Briefing, September 24, 1974",,포드대통령도서관,1974,"Presidential Daily Briefings, compiled 1974 - 1977",PZA0002695,1,한국 원조 삭감 등 의회에서 논의중인 해외원조 세부항목에 대한 보고,"President’s Evening Report, September 24, 1974 (1p~1p) <첨부> Foreign Aid Markup"
usa2-포드-412,"Presidential Daily Briefing, October 31, 1974",,포드대통령도서관,1974,"Presidential Daily Briefings, compiled 1974 - 1977",PZA0002696,1,베네주엘라가 북한과 외교정상화를 선언했다는 보고,"Memorandum from Henry A. Kissinger to Gerald R. Ford: Information Items, October 31, 1974 (1p~2p) <첨부> Venezuela-North Korea"
usa2-포드-413,"Presidential Daily Briefing, November 15, 1974",,포드대통령도서관,1974,"Presidential Daily Briefings, compiled 1974 - 1977",PZA0002697,2,자이레 대통령이 북한과 소련을 방문할 것이며 휴전선 부근에서 남북간 총격이 있 었다는 보고,"Memorandum from the Situation Room to Henry A. Kissinger: Information Items, November 15, 1974 (1p~3p) <첨부> Mobuto to Visit the Soviet Union and North Korea | Memorandum from Henry A. Kissinger to Gerald R. Ford: Information Items, November 15, 1974 (4p~6p) <첨부> North and South Korean Guards Exchange Fire"
usa2-포드-414,"Presidential Daily Briefing, December 10, 1974",,포드대통령도서관,1974,"Presidential Daily Briefings, compiled 1974 - 1977",PZA0002698,1,한국정부가 미대사관에 미국인 선교사 Ogle씨의 반정부활동을 자제시켜달라고 요구했다는 보고,"Memorandum from the Situation Room to Henry A. Kissinger: Additional Information Items, December 10, 1974 (1p~2p) <첨부> Koreans Ask U.S. to Restrain American Missionary 310 대통령기록관 해외기록물 수집목록집"
usa2-포드-415,"Presidential Daily Briefing, December 13, 1974",,포드대통령도서관,1974,"Presidential Daily Briefings, compiled 1974 - 1977",PZA0002699,1,의회에서 논의중인 해외원조법안의 진행상황에 대한 보고,"President’s Evening Report, December 13, 1974 (1p~2p)"
usa2-포드-416,"Presidential Daily Briefing, December 14, 1974",,포드대통령도서관,1974,"Presidential Daily Briefings, compiled 1974 - 1977",PZA0002700,1,한국정부가 미국인 선교사 Ogle씨를 추방했다는 보고,"Memorandum from the Situation Room to Henry A. Kissinger: Additional Information Items, December 14, 1974 (1p~2p) <첨부> South Korea Expels American Missionary"
usa2-포드-417,"Presidential Daily Briefing, December 16, 1974",,포드대통령도서관,1974,"Presidential Daily Briefings, compiled 1974 - 1977",PZA0002701,1,서해안을 통해 침투하려던 북한 간첩선이 포획되었다는 보고,"Memorandum from Henry A. Kissinger to Gerald R. Ford: Information Items, December 16, 1974 (1p~1p) <첨부> South Koreans Capture Agent Boat"
usa2-포드-418,"Presidential Daily Briefing, January 22, 1975",,포드대통령도서관,1975,"Presidential Daily Briefings, compiled 1974 - 1977",PZA0002702,1,"유신헌법에 대한 국민투표가 2월에 예정되어 있으며, 그 결과를 미국측에 전달하 겠다는 보고","Memorandum from Henry A. Kissinger to Gerald R. Ford: Information Items, January 22, 1975 (1p~3p) <첨부> President Pak to Hold Referendum on his Policie 312 대통령기록관 해외기록물 수집목록집"
usa2-포드-419,"Presidential Daily Briefing, February 22, 1975",,포드대통령도서관,1975,"Presidential Daily Briefings, compiled 1974 - 1977",PZA0002703,1,박정희대통령이 미국 방문에 대해 심각하게 고려중이라는 보고,"Memorandum from the Situation Room to Henry A. Kissinger: Additional Information Items, February 22, 1975 (1p~3p) <첨부> South Korean President Pak Mentions Visit to U.S"
usa2-포드-420,"Presidential Daily Briefing, March 28, 1975",,포드대통령도서관,1975,"Presidential Daily Briefings, compiled 1974 - 1977",PZA0002704,1,"시에라리온에 한국대사가 파견되는 문제를 두고, 북한으로부터 원조를 받아온 시 에라리온 정부 내에서 논란이 일고 있다는 보고","Memorandum from the Situation Room to Henry A. Kissinger: Additional Information Items, March 28, 1975 (1p~5p) <첨부> Sierra Leone/ROK Relations"
usa2-포드-421,"Presidential Daily Briefing, April 10, 1975",,포드대통령도서관,1975,"Presidential Daily Briefings, compiled 1974 - 1977",PZA0002705,1,한국 지도자들의 월남전 상황악화에 대한 반응 보고,[South Korean Reaction to Events in Indochina] (1p~4p)
usa2-포드-422,"Presidential Daily Briefing, April 12, 1975",,포드대통령도서관,1975,"Presidential Daily Briefings, compiled 1974 - 1977",PZA0002706,1,포드대통령의 외교정책 관련 연설에 대한 한국을 포함한 각국의 반응 보고,"Memorandum from Henry A. Kissinger to Gerald R. Ford: Information Items, April 12, 1975 (1p~4p) <첨부> Foreign Reactions to Your Foreign Policy Speech 314 대통령기록관 해외기록물 수집목록집"
usa2-포드-423,"Presidential Daily Briefing, April 17, 1975",,포드대통령도서관,1975,"Presidential Daily Briefings, compiled 1974 - 1977",PZA0002707,1,김일성의 방중계획이 공표되었다는 보고와 배경 정보 보고,"Memorandum from the Situation Room to Henry A. Kissinger: Additional Information Items, April 17, 1975 (1p~3p) <첨부> Kim Il-song to Visit Peking"
usa2-포드-424,"Presidential Daily Briefing, April 19, 1975",,포드대통령도서관,1975,"Presidential Daily Briefings, compiled 1974 - 1977",PZA0002708,1,중국이 북한의 대남 강경노선 채택 요구를 수용하지는 않을 것이라는 등 김일성 방중에 대한 보고,"Memorandum from the Situation Room to Henry A. Kissinger: Additional Information Items, April 19, 1975 (1p~7p) <첨부> Mao Tse-tung Meets Kim Il-song; Chinese Unlikely to Support Any Request for a Hard Line Policy on Korean Reunification"
usa2-포드-425,"Presidential Daily Briefing, April 26, 1975",,포드대통령도서관,1975,"Presidential Daily Briefings, compiled 1974 - 1977",PZA0002709,1,김일성의 한반도 무력통일 입장에 대해 중국은 부정적이라는 보고,"Memorandum from the Situation Room to Henry A. Kissinger: Additional Information Items, April 26, 1975 (1p~3p) <첨부> Chinese Admonish Kim Il-song to Avoid Military Adventurism in Korea"
usa2-포드-426,"Presidential Daily Briefing, May 3, 1975",,포드대통령도서관,1975,"Presidential Daily Briefings, compiled 1974 - 1977",PZA0002710,1,한국대사관 관계자를 포함한 일부가 사이공에서 소개되지 못하고 남겨졌다는 보고,"Memorandum from the Situation Room to Henry A. Kissinger: Additional Information Items, May 3, 1975 (1p~3p) <첨부> People Left Behind in Saigon 316 대통령기록관 해외기록물 수집목록집"
usa2-포드-427,"Presidential Daily Briefing, May 17, 1975",,포드대통령도서관,1975,"Presidential Daily Briefings, compiled 1974 - 1977",PZA0002711,1,의회 청문회에서 걸프사 회장의 한국 관련 진술내용 보고,"Memorandum from the Situation Room to Henry A. Kissinger: Additional Information Items, May 17, 1975 (1p~3p) <첨부> Gulf Payments"
usa2-포드-428,"Presidential Daily Briefing, July 3, 1975",,포드대통령도서관,1975,"Presidential Daily Briefings, compiled 1974 - 1977",PZA0002712,1,사이공에 남겨진 한국대사관 관계자들이 곤경에 처해 있다는 보고,"Memorandum from the Situation Room to Henry A. Kissinger: Additional Information Items, July 3, 1975 (1p~4p) <첨부> South Korean Diplomats Being Harassed in Saigon"
usa2-포드-429,"Presidential Daily Briefing, July 14, 1975",,포드대통령도서관,1975,"Presidential Daily Briefings, compiled 1974 - 1977",PZA0002713,1,이란의 유가급락에 따른 재정지출 감축계획 보고. 해외투자의 일부분은 천연자원 의 확보와 관련하여 북한에 투자되었다는 내용 포함,"Memorandum from the Situation Room to Henry A. Kissinger: Additional Information Items, July 14, 1975 (1p~2p) <첨부> Iran Giving Impression Fiscal Restraints Needed"
usa2-포드-430,"Presidential Daily Briefing, July 28, 1975",,포드대통령도서관,1975,"Presidential Daily Briefings, compiled 1974 - 1977",PZA0002714,1,대정부질의를 재도입하는 법률에 대한 박정희대통령의 거부권행사와 이에 대한 야당측의 항의내용 보고,"Memorandum from the Situation Room to Henry A. Kissinger: Additional Information Items, July 28, 1975 (1p~2p) <첨부> Korean Opposition on Confrontation Course 318 대통령기록관 해외기록물 수집목록집"
usa2-포드-431,"Presidential Daily Briefing, August 1, 1975",,포드대통령도서관,1975,"Presidential Daily Briefings, compiled 1974 - 1977",PZA0002715,1,북한의 대미접촉 및 대화노력 제의를 전달하겠다는 일본 총리의 인터뷰 내용 보고,"Memorandum from the Situation Room to Henry A. Kissinger: Additional Information Items, August 1, 1975 (1p~3p) <첨부> Miki Statement on North Korean Desire for Contacts with U.S"
usa2-포드-432,"Presidential Daily Briefing, August 23, 1975",,포드대통령도서관,1975,"Presidential Daily Briefings, compiled 1974 - 1977",PZA0002716,1,캄보디아 고위인사들의 북한 및 중국 방문 소식 보고,"Memorandum from the Situation Room to Henry A. Kissinger: Additional Information Items, August 23, 1975 (1p~2p) <첨부> Sihanouk and Khieu Samphan Leave Pyongyang for PRC"
usa2-포드-433,"Presidential Daily Briefing, September 2, 1975",,포드대통령도서관,1975,"Presidential Daily Briefings, compiled 1974 - 1977",PZA0002717,1,"비동맹국가회의에 북한은 가입했으나, 한국은 거부당했다는 내용 보고","Memorandum from the Situation Room to Henry A. Kissinger: Additional Information Items, September 2, 1975 (1p~3p) <첨부> North Korea and the Nonaligned"
usa2-포드-434,"Presidential Daily Briefing, September 22, 1975",,포드대통령도서관,1975,"Presidential Daily Briefings, compiled 1974 - 1977",PZA0002718,1,중국공산당 고위급인사의 북한 방문 내용 보고,"Memorandum from the Situation Room to Henry A. Kissinger: Additional Information Items, September 22, 1975 (1p~2p) <첨부> Chinese Visit to North Korea 320 대통령기록관 해외기록물 수집목록집"
usa2-포드-435,"Presidential Daily Briefing, September 23, 1975",,포드대통령도서관,1975,"Presidential Daily Briefings, compiled 1974 - 1977",PZA0002719,1,한국 문제를 포함한 여러 가지 이슈에서 반미입장을 취하고 있는 유고슬라비아의 유엔내 적대적 입장에 대한 보고,"Memorandum from Henry A. Kissinger to Gerald R. Ford: Information Items, September 23, 1975 (1p~1p) <첨부> Ambassador Moynihan on Yugoslav Hostility at UN"
usa2-포드-436,"Presidential Daily Briefing, October 3, 1975",,포드대통령도서관,1975,"Presidential Daily Briefings, compiled 1974 - 1977",PZA0002720,1,1975년 10월 말 개최 예정인 북미협상에 대한 보고,"Memorandum from the Situation Room to Henry A. Kissinger: Additional Information Items, October 3, 1975 (1p~2p) <첨부> Japanese Press Reports Your Remarks to Miyazawa on Talks With North Korea"
usa2-포드-437,"Presidential Daily Briefing, October 7, 1975",,포드대통령도서관,1975,"Presidential Daily Briefings, compiled 1974 - 1977",PZA0002721,1,리베리아 정부의 유엔총회 한국결의안에 대한 지지 의사 보고,"Memorandum from the Situation Room to Henry A. Kissinger: Additional Information Items, October 7, 1975 (1p~2p) <첨부> Your Bilateral with Liberian Foreign Minister Dennis"
usa2-포드-438,"Presidential Daily Briefing, October 17, 1975",,포드대통령도서관,1975,"Presidential Daily Briefings, compiled 1974 - 1977",PZA0002722,1,"한국결의안을 포함한 몇몇 이슈에 대한 의견차로, 미국-탄자니아 관계가 악화되 고 있다는 보고","Memorandum from the Situation Room to Henry A. Kissinger: Additional Information Items, October 17, 1975 (1p~3p) <첨부> U.S./Tanzanian Relations 322 대통령기록관 해외기록물 수집목록집"
usa2-포드-439,"Presidential Daily Briefing, October 25, 1975",,포드대통령도서관,1975,"Presidential Daily Briefings, compiled 1974 - 1977",PZA0002723,1,유엔총회 한국결의안에 대한 중국의 부정적 입장 보고,"Memorandum from the Situation Room to Henry A. Kissinger: Additional Information Items, October 25, 1975 (1p~2p) <첨부> Chinese Continue Tough Line on Korea and the UN"
usa2-포드-440,"Presidential Daily Briefing, November 1, 1975",,포드대통령도서관,1975,"Presidential Daily Briefings, compiled 1974 - 1977",PZA0002724,1,유엔총회 한국결의안과 관련해서 중국측에서 중재안을 제안했다는 보고,"Memorandum from the Situation Room to Henry A. Kissinger: Additional Information Items, November 1, 1975 (1p~2p) <첨부> Chinese Makes Proposal on Korean Question at UN"
usa2-포드-441,"Presidential Daily Briefing, November 5, 1975",,포드대통령도서관,1975,"Presidential Daily Briefings, compiled 1974 - 1977",PZA0002725,1,최근 미국 정부의 각료 교체와 관련하여 중국·일본 등은 미국의 대한정책 변화여 부를 주시하고 있다는 보고,"Memorandum from Henry A. Kissinger to Gerald R. Ford: Information Items, November 5, 1975 (1p~2p) <첨부> Additional Foreign Reaction to Your Personnel Changes"
usa2-포드-442,"Presidential Daily Briefing, Decemer 5, 1975",,포드대통령도서관,1975,"Presidential Daily Briefings, compiled 1974 - 1977",PZA0002726,1,한국의 핵발전 시설 구매노력에 대해 미국측이 압력을 행사하고 있다는 보고,"Memorandum from Henry A. Kissinger to Gerald R. Ford: Information Items, December 5, 1975 (1p~2p) <첨부> U.S. to Make Approach to ROK on Nuclear Reprocessing 324 대통령기록관 해외기록물 수집목록집"
usa2-포드-443,"Presidential Daily Briefing, December 11, 1975",,포드대통령도서관,1975,"Presidential Daily Briefings, compiled 1974 - 1977",PZA0002727,1,한국이 포항 근처에서 유전을 발견했다는 사실을 미국에 알려왔다는 보고,"Memorandum from the Situation Room to Brent Scowcroft: Additional Information Items, December 11, 1975 (1p~4p) <첨부> Discovery of Oil in Korea"
usa2-포드-444,"Presidential Daily Briefing, January 16, 1976",,포드대통령도서관,1976,"Presidential Daily Briefings, compiled 1974 - 1977",PZA0002728,1,한국의 핵발전 시설 구매를 취소시키려는 미국의 강화된 압력에 대한 보고,"Memorandum from the Situation Room to Brent Scowcroft: Additional Information Items, January 16, 1976 (1p~2p) <첨부> Approach to South Koreans on Nuclear Reprocessing"
usa2-포드-445,"Presidential Daily Briefing, January 24, 1976",,포드대통령도서관,1976,"Presidential Daily Briefings, compiled 1974 - 1977",PZA0002729,1,태국과 필리핀이 자국군을 한국에서 철수시키는 문제에 대해 유엔에 문의했다는 보고,"Memorandum from the Situation Room to Brent Scowcroft: Additional Information Items, January 24, 1976 (1p~3p) <첨부> Possible Withdrawal of Thai and/or Philippine Contingent from Korea"
usa2-포드-446,"Presidential Daily Briefing, March 13, 1976",,포드대통령도서관,1976,"Presidential Daily Briefings, compiled 1974 - 1977",PZA0002730,1,김대중 등 야당지도자의 체포 사실 보고,"Memorandum from Brent Scowcroft to Gerald R. Ford: Information Items, March 13, 1976 (1p~2p) <첨부> Korean Opposition Leader “Confesses” 326 대통령기록관 해외기록물 수집목록집"
usa2-포드-447,"Presidential Daily Briefing, March 30, 1976",,포드대통령도서관,1976,"Presidential Daily Briefings, compiled 1974 - 1977",PZA0002731,1,박정희대통령의 반정부세력에 대한 강경 대응 입장 보고,"Memorandum from the Situation Room to Brent Scowcroft: Additional Information Items, March 30, 1976 (1p~2p) <첨부> Domestic Political Situation in South Korea"
usa2-포드-448,"Presidential Daily Briefing, April 3, 1976",,포드대통령도서관,1976,"Presidential Daily Briefings, compiled 1974 - 1977",PZA0002732,1,유엔에서 한국문제를 논의하기 위해 핵심 관련국가들이 회동했다는 보고,"Memorandum from the Situation Room to Brent Scowcroft: Additional Information Items, April 3, 1976 (1p~2p) <첨부> Core Group Consultations on Korea"
usa2-포드-449,"Presidential Daily Briefing, April 5, 1976",,포드대통령도서관,1976,"Presidential Daily Briefings, compiled 1974 - 1977",PZA0002733,1,영일만에서 발견된 유전에 대한 보고,"Memorandum from Brent Scowcroft to Gerald R. Ford: Information Items, April 5, 1976 (1p~2p) <첨부> South Korean Oil Discovery"
usa2-포드-450,"Presidential Daily Briefing, April 8, 1976",,포드대통령도서관,1976,"Presidential Daily Briefings, compiled 1974 - 1977",PZA0002734,1,미국내 비우호적인 대한(對韓) 여론에 대한 박정희대통령의 반응 보고,"Memorandum from Brent Scowcroft to Gerald R. Ford: Information Items, April 8, 1976 (1p~3p) <첨부> President Pak’s Reaction to Criticism of South Korea 328 대통령기록관 해외기록물 수집목록집"
usa2-포드-451,"Presidential Daily Briefing, April 16, 1976",,포드대통령도서관,1976,"Presidential Daily Briefings, compiled 1974 - 1977",PZA0002735,1,인도네시아 군부의 연례대표급 회의에서 군사장비 확보를 위해 한국 등 일부국가 들과의 관계를 인정했다는 보고,"Memorandum from the Situation Room to Brent Scowcroft: Additional Information Items, April 16, 1976 (1p~4p) <첨부> Indonesian Armed Forces Commanders Conference"
usa2-포드-452,"Presidential Daily Briefing, April 28, 1976",,포드대통령도서관,1976,"Presidential Daily Briefings, compiled 1974 - 1977",PZA0002736,1,유엔 주재 북한대표부가 미국대표부에 미국의 정책을 비난하는 노트를 전달했다 는 보고,"Memorandum from the Situation Room to Brent Scowcroft: Additional Information Items, April 28, 1976 (1p~2p) <첨부> North Korean Note to Department of State"
usa2-포드-453,"Presidential Daily Briefing, May 1, 1976",,포드대통령도서관,1976,"Presidential Daily Briefings, compiled 1974 - 1977",PZA0002737,1,북한 관련 보고(비공개),"[Withdrawal Sheet] Memorandum from the Situation Room to Brent Scowcroft: Additional Information Items, May 1, 1976 (1p~1p)"
usa2-포드-454,"Presidential Daily Briefing, May 11, 1976",,포드대통령도서관,1976,"Presidential Daily Briefings, compiled 1974 - 1977",PZA0002738,1,한국 경제의 지속적인 성장에 대한 보고,"Memorandum from Brent Scowcroft to Gerald R. Ford: Information Items, May 11, 1976 (1p~4p) <첨부> First Quarter Growth Portends Superb Year for the Korean Economy 330 대통령기록관 해외기록물 수집목록집"
usa2-포드-455,"Presidential Daily Briefing, May 12, 1976",,포드대통령도서관,1976,"Presidential Daily Briefings, compiled 1974 - 1977",PZA0002739,1,한국 관련 보고(비공개),"[Withdrawal Sheet] Memorandum from Brent Scowcroft to Gerald R. Ford: Information Items, May 12, 1976 (1p~1p)"
usa2-포드-456,"Presidential Daily Briefing, May 14, 1976",,포드대통령도서관,1976,"Presidential Daily Briefings, compiled 1974 - 1977",PZA0002740,1,북한의 대남 비난 및 선전활동에 대응해 한국정부가 한반도 통일노력 및 새로운 회담을 제의했다는 보고,"Memorandum from the Situation Room to Brent Scowcroft: Additional Information Items, May 14, 1976 (1p~1p) <첨부> ROK Statement on Korean Unification"
usa2-포드-457,"Presidential Daily Briefing, May 20, 1976",,포드대통령도서관,1976,"Presidential Daily Briefings, compiled 1974 - 1977",PZA0002741,1,서해5도 방위를 위해 미국이 한국에 특수미사일 판매를 승인했다는 보고,"Memorandum from the Situation Room to Brent Scowcroft: Additional Information Items, May 20, 1976 (1p~1p) <첨부> U.S. Agrees to Provide Redeye Missiles for Defense of Northwest Islands"
usa2-포드-458,"Presidential Daily Briefing, May 21, 1976",,포드대통령도서관,1976,"Presidential Daily Briefings, compiled 1974 - 1977",PZA0002742,1,부토 파키스탄 수상의 북한 방문 소식,"Memorandum from Brent Scowcroft to Gerald R. Ford: Information Items, May 21, 1976 (1p~2p) <첨부> Bhutto Plans Visit to Pyongyang and Peking 332 대통령기록관 해외기록물 수집목록집"
usa2-포드-459,"Presidential Daily Briefing, June 3, 1976",,포드대통령도서관,1976,"Presidential Daily Briefings, compiled 1974 - 1977",PZA0002743,1,긴급조치 9호 위반 관련 통계 보고,"Memorandum from the Situation Room to Brent Scowcroft: Additional Information Items, June 3, 1976 (1p~1p) <첨부> Statistics on Arrests Under ROK Emergency Measure Number 9"
usa2-포드-460,"Presidential Daily Briefing, June 9, 1976",,포드대통령도서관,1976,"Presidential Daily Briefings, compiled 1974 - 1977",PZA0002744,1,최근 북한지도부 내의 인사 교체 보고,"Memorandum from Brent Scowcroft to Gerald R. Ford: Information Items, June 9, 1976 (1p~3p) <첨부> Changes in North Korean Leadership9"
usa2-포드-461,"Presidential Daily Briefing, June 15, 1976",,포드대통령도서관,1976,"Presidential Daily Briefings, compiled 1974 - 1977",PZA0002745,1,한국문제에 대한 외국의 간섭 배제 등을 포함한 소련-인도 공동선언에 대한 보고,"Memorandum from Brent Scowcroft to Gerald R. Ford: Information Items, June 15, 1976 (1p~3p) <첨부> Soviet-Indian Declaration"
usa2-포드-462,"Presidential Daily Briefing, July 8, 1976",,포드대통령도서관,1976,"Presidential Daily Briefings, compiled 1974 - 1977",PZA0002746,1,휴전선 부근에서 북한의 땅굴 굴착 활동이 포착되었다는 보고,"Memorandum from the Situation Room to Brent Scowcroft: Additional Information Items, July 8, 1976 (1p~2p) <첨부> North Korean Tunnel Activity 334 대통령기록관 해외기록물 수집목록집"
usa2-포드-463,"Presidential Daily Briefing, July 24, 1976",,포드대통령도서관,1976,"Presidential Daily Briefings, compiled 1974 - 1977",PZA0002747,1,한국과 일본이 키신저장관의 4자회담 제의를 환영했다는 보고,"Memorandum from Brent Scowcroft to Gerald R. Ford: Information Items, July 24, 1976 (1p~2p) <첨부> Miyazawa and Pak Welcome Kissinger Proposal on Korea"
usa2-포드-464,"Presidential Daily Briefing, July 27, 1976",,포드대통령도서관,1976,"Presidential Daily Briefings, compiled 1974 - 1977",PZA0002748,1,Sneider 주한 미대사가 귀국 직전 국내지도자들과 나눈 대화에 대한 총평 보고,"Memorandum from Brent Scowcroft to Gerald R. Ford: Information Items, July 27, 1976 (1p~2p) <첨부> Views of Senior Korean Officials"
usa2-포드-465,"Presidential Daily Briefing, August 5, 1976",,포드대통령도서관,1976,"Presidential Daily Briefings, compiled 1974 - 1977",PZA0002749,1,휴전선 부근에서 있었던 남북간 소규모 충돌에 대한 보고,"Memorandum from the Situation Room to Brent Scowcroft: Additional Information Items, August 5, 1976 (1p~2p) <첨부> Exchange of Fire on Korean DMZ"
usa2-포드-466,"Presidential Daily Briefing, August 20, 1976",,포드대통령도서관,1976,"Presidential Daily Briefings, compiled 1974 - 1977",PZA0002750,1,8·18 판문점 도끼만행사건에 대응하는 미군의 군사작전(B-52 훈련 등)을 박정희 대통령에게 브리핑했다는 보고,"Memorandum from the Situation Room to Brent Scowcroft: Additional Information Items, August 20, 1976 (1p~2p) <첨부> Late Korean Item 336 대통령기록관 해외기록물 수집목록집"
usa2-포드-467,"Presidential Daily Briefing, August 31, 1976",,포드대통령도서관,1976,"Presidential Daily Briefings, compiled 1974 - 1977",PZA0002751,1,"한국문제에 대해 미군철수, 유엔사령부 해체 등을 결의한 비동맹국가회의 관련 보고","Memorandum from Brent Scowcroft to Gerald R. Ford: Information Items, August 31, 1976 (1p~3p) <첨부> Nonaligned States Conclude Conference"
usa2-포드-468,"Presidential Daily Briefing, September 1, 1976",,포드대통령도서관,1976,"Presidential Daily Briefings, compiled 1974 - 1977",PZA0002752,1,8·18 판문점 도끼만행사건 이후 소련언론을 통해 알려진 소련측 공식반응에 대한 보고,"Memorandum from the Situation Room to Brent Scowcroft: Additional Information Items, September 1, 1976 (1p~1p) <첨부> Izvestiya Criticizes U.S. Actions on Korean Peninsula"
usa2-포드-469,"Presidential Daily Briefing, September 18, 1976",,포드대통령도서관,1976,"Presidential Daily Briefings, compiled 1974 - 1977",PZA0002753,1,김일성의 건강에 이상이 생겼다는 추측 등 북한내 이상기류가 포착되고 있다는 보고,"Memorandum from the Situation Room to Brent Scowcroft: Additional Information Items, September 18, 1976 (1p~2p) <첨부> Unusual Developments in North Korea"
usa2-포드-470,"Presidential Daily Briefing, September 21, 1976",,포드대통령도서관,1976,"Presidential Daily Briefings, compiled 1974 - 1977",PZA0002754,1,북한이 루마니아를 통해 유엔총회에 제안된 양측 결의안을 동시에 철회하자고 제 안했다는 보고,"Memorandum from Brent Scowcroft to Gerald R. Ford: Information Items, September 21, 1976 (1p~2p) <첨부> North Koreans Propose Withdrawal of UN Resolutions 338 대통령기록관 해외기록물 수집목록집"
usa2-포드-471,"Presidential Daily Briefing, November 1, 1976",,포드대통령도서관,1976,"Presidential Daily Briefings, compiled 1974 - 1977",PZA0002755,1,북한 관련 보고(비공개),"[Withdrawal Sheet] Memorandum from the Situation Room to Brent Scowcroft: Additional Information Items, November 6, 1976 (1p~1p)"
usa2-포드-472,"Presidential Daily Briefing, November 27, 1976",,포드대통령도서관,1976,"Presidential Daily Briefings, compiled 1974 - 1977",PZA0002756,1,부르킹스재단 연구원과 이광요 싱가포르 수상간의 외교정책에 관한 대담 보고. 여 기에는 이광요수상이 카터대통령의 주한미군 철수입장에 의문을 제기했다는 내용 이 포함됨,"Memorandum from the Situation Room to Brent Scowcroft: Additional Information Items, November 27, 1976 (1p~2p) <첨부> Discussion with Prime Minister Lee"
usa2-포드-473,"Presidential Daily Briefing, November 30, 1976",,포드대통령도서관,1976,"Presidential Daily Briefings, compiled 1974 - 1977",PZA0002757,1,한국 관련 보고(비공개),"[Withdrawal Sheet] Memorandum from the Situation Room to Brent Scowcroft: Additional Information Items, November 30, 1976 (1p~1p)"
usa2-포드-474,"Presidential Daily Briefing, December 2, 1976",,포드대통령도서관,1976,"Presidential Daily Briefings, compiled 1974 - 1977",PZA0002758,1,북한이 조총련에 김정일의 권력승계 계획을 통지했다는 보고,"Memorandum from Brent Scowcroft to Gerald R. Ford: Information Items, December 2, 1976 (1p~2p) <첨부> North Korean Succession Again Favors Kim’s Son 340 대통령기록관 해외기록물 수집목록집"
usa2-포드-475,"Presidential Daily Briefing, December 9, 1976",,포드대통령도서관,1976,"Presidential Daily Briefings, compiled 1974 - 1977",PZA0002759,1,한국정부가 공식적으로 미국측에 청와대 도청의혹을 해명하라고 요구했다는 보고,"Memorandum from the Situation Room to Brent Scowcroft: Additional Information Items, December 9, 1976 (1p~1p) <첨부> ROK Demands U.S. Explanation of Alleged Blue House Bugging"
usa2-포드-476,"Presidential Daily Briefing, December 14, 1976",,포드대통령도서관,1976,"Presidential Daily Briefings, compiled 1974 - 1977",PZA0002760,1,한국 관련 보고(비공개),"[Withdrawal Sheet] Memorandum from Brent Scowcroft to Gerald R. Ford: Information Items, December 14, 1976 (1p~1p)"
usa2-포드-477,"Presidential Daily Briefing, December 20, 1976",,포드대통령도서관,1976,"Presidential Daily Briefings, compiled 1974 - 1977",PZA0002761,1,한국정부가 정부 인사와 서울 주재 외국대표단간의 접촉을 제한하도록 명령했다 는 보고,"Memorandum from Brent Scowcroft to Gerald R. Ford: Information Items, December 20, 1976 (1p~2p) <첨부> Seoul Limits Government Contacts with Foreign Officials"
usa2-포드-478,"Presidential Daily Briefing, January 4, 1977",,포드대통령도서관,1976,"Presidential Daily Briefings, compiled 1974 - 1977",PZA0002762,1,김일성의 연두교시에 대한 보고,"Memorandum from Brent Scowcroft to Gerald R. Ford: Information Items, January 4, 1977 (1p~2p) <첨부> Kim Il-Song’s New Year Address Concedes Economic Problems 342 대통령기록관 해외기록물 수집목록집"
usa2-포드-479,"Presidential Daily Briefing, January 7, 1977",,포드대통령도서관,1977,"Presidential Daily Briefings, compiled 1974 - 1977",PZA0002763,1,한국 관련 보고(비공개),"[Withdrawal Sheet] Memorandum from Brent Scowcroft to Gerald R. Ford: Information Items, January 7, 1977 (1p~1p)"
usa2-포드-480,"Presidential Daily Briefing, January 15, 1977",,포드대통령도서관,1977,"Presidential Daily Briefings, compiled 1974 - 1977",PZA0002764,1,북한 관련 보고(비공개),"[Withdrawal Sheet] Memorandum from Brent Scowcroft to Gerald R. Ford: Information Items, January 15, 1977 (1p~1p)"
usa2-포드-481,"NATO, 1963-1973 - Documents 178-181",,포드대통령도서관,1970,"Department of Defense Historical Project Files, compiled 1969 - 1972",PZA0002765,2,한국과 유럽에 주둔하고 있는 미군 병력에 대한 비교 보고,"Memorandum for Gerald R. Ford: U.S. Troop Levels in Europe and Korea (1p~3p) | Memorandum from Robert E. Pursley to Assistant Secretary of Defense, September 25, 1970 (4p~9p) <첨부> Memorandum from William P. Rogers to Gerald R. Ford: U.S. Force Levels in Europe and Korea"
usa2-포드-482,"Japan and Korea - President’s trip to Far East,",,포드대통령도서관,1974,"1974/11 - Briefing Book Subject Files, compiled 1974 - 1975",PZA0002766,4,"한국의 정치적 상황, 북한의 위협, 한미 관계에 대한 자료",Political Prospects in South Korea (1p~5p) | Prospects for Stability on the Korean Peninsula (6p~10p) | US Relations with South Korea (11p~14p) | Issue Paper on Japan (15p~25p) 344 대통령기록관 해외기록물 수집목록집
usa2-포드-483,Korea,,포드대통령도서관,1974,"Subject Files, compiled 1974 - 1975",PZA0002767,1,한국정부의 특정 저널리스트에 대한 접촉금지 내용 보고,Telegram from AMEMBASSY Seoul to SECSTATE WashDC: ROKG Relations with American Press (1p~1p)
usa2-포드-484,"Washington Special Actions Group Meeting, 8/25/76 - Korea",,포드대통령도서관,1976,IFM (Institutional Files – Meetings),PZA0002768,1,8·18 판문점 도끼만행사건에 대한 대응방안 논의를 위해 개최된 8월 25일 WSAG 회의 대화녹취록,[Kissinger: I see that Stilwell’s now beginning to take a tough line even though he was so cautious last week …] (1p~10p) <첨부> [Conversation Record]
usa2-포드-485,"Meeting Minutes - Washington Special Actions Group,",,포드대통령도서관,1976,August 1976 IFM (Institutional Files – Meetings),PZA0002769,3,8·18 판문점 도끼만행사건에 대한 군사 대응방안 논의를 위해 개최된 8월 18일 및 19일 WSAG 회의의 녹취록과 중앙정보국장(CIA)의 브리핑,"Washington Special Actions Group, August 19, 1976 (1p~12p) | [DDCI Briefing for 18 August WSAG Meeting: North Korea] (13p~16p) | Washington Special Actions Group Meeting, August 18, 1976 (17p~26p)"
usa2-포드-486,Korea (1),,포드대통령도서관,1974,"East Asia and Pacific Country Files, compiled 1974 - 1977",PZA0002770,2,미군 합동참모회의가 태평양지역의 군사작전훈련 축소 움직임에 우려를 표하는 메모 및 한반도에서 예정된 한미군사훈련의 연기를 요청하는 메모,[Summaries of Selected Incoming Correspondence] (1p~1p) | Memorandum from John A. Froebe to Brent Scowcroft: Significant Military Exercises in the Republic of Korea (2p~3p) 346 대통령기록관 해외기록물 수집목록집
usa2-포드-487,Korea (2),,포드대통령도서관,1975,"East Asia and Pacific Country Files, compiled 1974 - 1977",PZA0002771,4,미국의 군사원조 감소에 따라 한국이 제3국으로부터 무기를 구매하려고 한다는 메모 및 최근 미 국방부에서 계획하고 있는 주한미군의 조직변경안에 대해 북한이 오판할 수 있다는 우려의 메모 등,Possible ROK Third Country Procurement of Major Military Items (1p~4p) | Memorandum from W. R. Smyser to Henry A. Kissinger: Wrong Signals to Pyongyang (5p~7p) | Memorandum from Henry A. Kissinger to the Secretary of Defense: U.S. Force Deployments and Organization in South Korea (8p~8p) | Memorandum from John A. Froebe to Henry A. Kissinger: Military Assistance for South Korea: Third Country Procurement (9p~10p)
usa2-포드-488,Korea (3),,포드대통령도서관,1975,"East Asia and Pacific Country Files, compiled 1974 - 1977",PZA0002772,7,록히드사의 한국 미사일기술 판매에 대한 국무부의 반대 문서 및 비무장지대에 주 둔중이던 미군부대의 철수에 대한 보고 등,"Memorandum for the Deputy Assistant to the President for National Security Affairs: US Company on the Demilitarized Zone (DMZ) (1p~2p) | [Withdrawal Sheet] Memorandum from George S. Springsteen to Brent Scowcroft: Sale of Rocket Propulsion Technology to South Korea (3p~3p) | Memorandum from George S. Springsteen to Brent Scowcroft: Sale of Rocket Propulsion Technology to South Korea (4p~8p) <첨부> Sale of U.S. Rocket Technology to South Korea | Memorandum from Morton I. Abramowitz to Richard Smyser: Lockheed Sale to South Korea (9p~11p) | Memorandum for the Assistant to the President for National Security Affairs: Proposed Lockheed Sale to the Republic of Korea (ROK) (12p~14p) | Memorandum from Brent Scowcroft to Wickham, February 14, 1975 (15p~15p) | Memorandum from W. R. Smyser to Brent Scowcroft: U.S. Company in the Korean DMZ (16p~17p) 348 대통령기록관 해외기록물 수집목록집"
usa2-포드-489,Korea (4),,포드대통령도서관,1974 ~ 1975,"East Asia and Pacific Country Files, compiled 1974 - 1977",PZA0002773,5,한국의 핵무기개발계획에 대한 미국측 입장과 한국의 핵개발계획에 대한 주한 미 대사관의 정보 보고,Telegram from AMEMBASSY Seoul to SECSTATE WashDC: ROK Plans to Develop Nuclear Weapons and Missiles (1p~6p) | [Withdrawal Sheet] Memorandum from W. R. Smyser to Henry A. Kissinger: Development of U.S. Policy toward South Korean Development of Nuclear Weapons (7p~7p) | Memorandum from W. R. Smyser to Henry A. Kissinger: Development of U.S. Policy Toward South Korean Development of Nuclear Weapons (8p~9p) | [Withdrawal Sheet] Memorandum from W. R. Smyser to Henry A. Kissinger: Development of U.S. Policy toward South Korean Development of Nuclear Weapons (10p~10p) | Memorandum from W. R. Smyser to Henry A. Kissinger: Development of U.S. Policy Toward South Korean Development of Nuclear Weapons (11p~12p)
usa2-포드-490,Korea (5),,포드대통령도서관,1969 ~ 1975,"East Asia and Pacific Country Files, compiled 1974 - 1977",PZA0002774,6,1949년 한국에 주둔중이던 미군의 철수에 관한 자료 및 1975년 2월말에 있었던 서해지역에서 북한어선과의 충돌사건 정리 보고. 한반도지역 분쟁에 대한 교전 및 군사개입의 원칙에 대한 문서 및 일시 귀국한 주한 미대사와의 회견을 위해 준비한 브리핑자료,"26-27 February Yellow Sea Incident - Republic of Korea (ROK) (1p~2p) | Memorandum from W. R. Smyser to Henry A. Kissinger: Chronology of our Withdrawal from Korea in 1949 (3p~15p) <첨부> Chronology of Action by the National Security Council and the NSC Staff on U.S. Policy toward Korea | Memorandum from W. R. Smyser to Brent Scowcroft: Your Meeting with Our Ambassador to South Korea, Richard L. Sneider on March 27, 1975 at 5:00 p.m. (16p~18p) | Telegram from SECSTATE WashDC to Rumjsl/AMEMBASSY Seoul (19p~22p) | [Withdrawal Sheet] Letter from Robert N. Smith to CGUSAEIGHT, COMNAVFORKOREA, COMAFK: Letter of Instruction - Rules of Engagement (ROE) (23p~29p) <첨부> Letter of Instruction - Rules of Engagement (ROE) (U) | Rules of Engagement - Korea {U} (30p~38p)"
usa2-포드-491,Korea (6),,포드대통령도서관,1975,"East Asia and Pacific Country Files, compiled 1974 - 1977",PZA0002775,12,주한미군의 지휘명령체계 개편 제안 및 휴전선 경계 지원 미군사령부의 해체와 휴 전선내 미군부대의 철수에 관한 보고 등,Memorandum from Deputy Secretary of Defense to the Deputy Assistant to the President for National Security Affairs: I Corps Group - Repubilc of Korea (ROK) (1p~2p) | I US/ROK Corps (U) (3p~3p) | Memorandum from Philip C. Habib to William Richard Smyser: US Company on the Demilitarized Zone (4p~4p) | Memorandum for the Deputy Assistant to the President for National Security Affairs: US Company on the Demilitarized Zone (DMZ) (5p~6p) | Telegram from AMEMBASSY Seoul to SECSTATE WashDC: I Corps (ROK/US) Deactivation (7p~9p) 350 대통령기록관 해외기록물 수집목록집 | Memorandum from Henry A. Kissinger to Gerald R. Ford: Proposed Changes in Deployment Structure of U.S. Forces in South Korea (10p~13p) | [Withdrawal Sheet] Memorandum from Henry A. Kissinger to Gerald R. Ford: Proposed Changes in Deployment and Structure of U.S. Forces in South Korea (14p~14p) | Memorandum from Henry A. Kissinger to Gerald R. Ford: Proposed Changes in Deployment and Structure of U.S. Forces in South Korea (15p~16p) | Memorandum from W. R. Smyser to Henry A. Kissinger: Proposed Changes in Deployment Structure of U.S. Forces in South Korea (17p~18p) | Memorandum from John A. Wickham to the Deputy Assistant to the President for National Security Affairs: Request for Concurrence (19p~19p) | US Presence on the DMZ (p20~21p) | Memorandum from Clinton E. Granger to Henry A. Kissinger: Proposed Changes in Deployment and Structure of U.S. Forces in South Korea (22p~23p)
usa2-포드-492,Korea (7),,포드대통령도서관,1975,"East Asia and Pacific Country Files, compiled 1974 - 1977",PZA0002776,7,"유엔총회에서 한국문제 제기시, 휴전협정이 준수될 경우 유엔군사령부 해체에 합 의할 수도 있다는 전략을 취할 것이라는 보고 및 유엔군사령부에서 관할하고 있는 서해5도 지역의 방위에 관한 보고",[Withdrawal Sheet] Memorandum from W. R. Smyser to Brent Scowcroft: Defense of the Northwest UNC-Controlled Islands in Korea (1p~1p) | Memorandum from W. R. Smyser to Brent Scowcroft: Defense of the Northwest UNC- Controlled Islands in Korea (2p~4p) | [Withdrawal Sheet] [Message] for CINCPAC: Defense of UNC Controlled Islands (5p~5p) | Defense of UNC Controlled Islands (6p~8p) | Telegram from CINCUNC Seoul Korea to JCS Wash DC: Defense of the Western Islands (U) (9p~11p) | [Withdrawal Sheet] Telegram from AMEMBASSY Seoul to SECSTATE WashDC: Defense of UNC Controlled Islands (12p~12p) | Telegram from AMEMBASSY Seoul to SECSTATE WashDC: Defense of UNC Controlled Islands (13p~15p)
usa2-포드-493,Korea (9),,포드대통령도서관,1975,"East Asia and Pacific Country Files, compiled 1974 - 1977",PZA0002777,7,한국의 핵 재처리시설 구매 노력에 관한 보고,"[Withdrawal Sheet] Memorandum from Jan M. Lodal, Dave Elliott to Henry A. Kissinger: Approach to South Korea on Reprocessing (1p~1p) | Memorandum from Jan M. Lodal, Dave Elliott to Henry A. Kissinger: Approach to South Korea on Reprocessing (2p~6p) | ROK Nuclear Fuel Reprocessing Plans (7p~9p) | Memorandum from Jan M. Lodal/Dave Elliott to Henry A. Kissinger: Approach to South Korea on Reprocessing (10p~12p) | Telegram from AMEMBASSY Seoul to SECSTATE WashDC: ROKG/Canadian Negotiations on Nuclear Energy (13p~14p) | [Withdrawal Sheet] [Cable] from ACDA to AMEMBASSY Seoul: ROK Nuclear Fuel Reprocessing Plans (15p~15p) | ROK Nuclear Fuel Reprocessing Plans (16p~19p) 352 대통령기록관 해외기록물 수집목록집"
usa2-포드-494,Korea (10),,포드대통령도서관,1975,"East Asia and Pacific Country Files, compiled 1974 - 1977",PZA0002778,6,"슐레진저 국방장관의 방한 때 한국정부와 논의할 군사, 무기 관련 이슈에 대한 메 모. 미군의 한반도지역에서의 군사훈련 계획(TAMBOURINE SONG) 및 그 취소에 관련된 보고. 슐레진저 장관 및 미군 대표부와 박정희대통령간의 면담 내용 보고","Memorandum from Jay Taylor to Brent Scowcroft: Schlesinger’s Trip to Seoul (1p~2p) | [Memorandum] from Department of Defense to Embassy Seoul: Significant Exercise TAMBOURINE SONG (3p~3p) | Memorandum from John A. Wickham to Deputy Assistant to the President for National Security Affairs: Significant Military Exercise TAMBOURINE SONG (4p~6p) <첨부> [Participating Commands, Headquarters, and Forces] | Memorandum from Brent Scowcroft to John A. Wickham: Significant Military Exercise TAMBOURINE SONG (7p~8p) | [Withdrawal Sheet] Memorandum from John A. Wickham: Meeting with President Pak Chung Hee in Seoul, Korea, 27 August 1975 (9p~9p) | Memorandum from John A. Wickham: Meeting with President Pak Chung Hee in Seoul, Korea 27 August 1975 (10p~13p)"
usa2-포드-495,Korea (11),,포드대통령도서관,1975,"East Asia and Pacific Country Files, compiled 1974 - 1977",PZA0002779,9,서해5도 지역의 방어에 관한 문서와 슐레진저 국방장관 방한시 대통령 및 국무위 원들과의 접견 녹취록,"Letter from John A. Wickham to Brent Scowcroft, September 15, 1975 (1p~1p) | [Withdrawal Sheet] [Cable] from Department of Defense to Embassy Seoul, CINCUNG: Defense of UNC Controlled Islands (2p~2p) | Defense of UNC Controlled Islands (3p~3p) | Memorandum from Howard D. Graves to Robert C. McFarlane, September 9, 1975 (4p~4p) | [Memorandum of Conversation, President Park’s Office, August 27, 1975] (5p~6p) | [Memorandum of Conversation, President Park’s Office, August 27, 1975] (7p~9p) | [Withdrawal Sheet] [Memorandum of Conversation] President Park Chung Hee, Choi Kwan- soo, Secretary of Defense James R. Schlesinger, Ambassador Richard L. Sneider (10p~10p) | [Memorandum of Conversation] (11p~13p) | [Memorandum of Conversation, August 26, 1975, Minister Suh’s Office] (14p~24p)"
usa2-포드-496,Korea (12),,포드대통령도서관,1975,"East Asia and Pacific Country Files, compiled 1974 - 1977",PZA0002780,11,한미합동군사훈련 Focus Lens ’76에 관한 보고와 슐레진저 국방장관과 박정희대 통령과의 회담 녹취록. 한미 국방장관회담의 녹취록 및 유엔사령부의 한반도 단기 전 계획 관련 보고 등,"Exercise Focus Lens ’76 (1p~3p) | [Withdrawal Sheet] [Briefing Paper] Implications of Short War Strategy (4p~4p) | Implications of Short War Strategy (5p~5p) | [Memorandum of Conversation, President’s Office, August 27, 1975] (6p~11p) | [Withdrawal Sheet] [Memorandum of Conversation] President Park Chung Hee, Choi Kwan- soo, Secretary of Defense James R. Schlesinger, Ambassador Richard L. Sneider (12p~12p) | [Memorandum of Conversation] President Park Chung Hee, Choi Kwan-soo, Secretary of Defense James R. Schlesinger, Ambassador Richard L. Sneider (13p~16p) 354 대통령기록관 해외기록물 수집목록집 | [Memorandum of Conversation, President’s Office, August 27, 1975] (17p~18p) | [Withdrawal Sheet] [Memorandum of Conversation] Minister of Defense Suh Jyong-chul, Secretary of Defense James R. Schlesinger, et. Al. (19p~19p) | [Memorandum of Conversation, August 26, 1975, Minister Suh’s Office] (20p~33p) | [Withdrawal Sheet] [Briefing Paper] Secretary Schlesinger’s Visit to Japan and Korea (34p~36p) <첨부> Secretary Schlesinger’s Visit to Japan and Korea | Short War Concept (37p~37p)"
usa2-포드-497,Korea (13),,포드대통령도서관,1975,"East Asia and Pacific Country Files, compiled 1974 - 1977",PZA0002781,1,미국이 제안한 휴전협상 당사국간 회담 제의에 대한 중국 및 북한의 거부 대응책 논의 보고,Memorandum from Thomas J. Barnes to Henry A. Kissinger: Follow-Up to Our Korean Strategy in the U.N. (1p~6p)
usa2-포드-498,Korea (14),,포드대통령도서관,1976,"East Asia and Pacific Country Files, compiled 1974 - 1977",PZA0002782,4,미국을 방문한 국회의원 고흥문과 미국 안보관계자들간의 대담 내용 및 북한측 군 사동향에 대한 정보 보고,"[Memorandum of Conversation] 1. North Korean Bellicosity, 2. U.S. Force Levels on Korea and Human Rights, 3. Korean Political Climate, 4. Congressional Influence on Foreign Policy, 5. Japanese Openings to North Korea (1p~4p) | [Withdrawal Sheet] Memorandum: Re North Korean Military Developments (5p~5p) | [해독 불가] (6p~6p) | Memorandum: Recent North Korean Military Developments (7p~13p)"
usa2-포드-499,Korea (15),,포드대통령도서관,1976,"East Asia and Pacific Country Files, compiled 1974 - 1977",PZA0002783,1,박동진 외무장관과 키신저 국무장관 회담을 위한 준비 자료,"Your Meeting and Working Luncheon with Korean Foreign Minister Tong Jin Park, Friday, April 9 - 12:45 p.m. (1p~8p)"
usa2-포드-500,Korea (16),,포드대통령도서관,1976,"East Asia and Pacific Country Files, compiled 1974 - 1977",PZA0002784,7,중앙정보국(CIA)이 작성한 북한 군사력 평가보고서,"Memorandum from Thomas J. Barnes to Brent Scowcroft: Korean Military Situation (1p~1p) 356 대통령기록관 해외기록물 수집목록집 | [Withdrawal Sheet] Memorandum from Brent Scowcroft to Gerald R. Ford: Korean Military Situation (2p~2p) | Memorandum from Brent Scowcroft to Gerald R. Ford: Korean Military Situation (3p~4p) | [Withdrawal Sheet] [Intelligence Report] North Korea’s Military Forces (5p~5p) | [Intelligence Memorandum] for Gerald R. Ford: North Korea’s Military Forces (6p~19p) | [Withdrawal Sheet] Memorandum from Brent Scowcroft to Gerald R. Ford: Korean Military Situation, Draft (20p~22p) <첨부> Memorandum from Brent Scowcroft to Gerald R. Ford: Korean Military Situation | [Withdrawal Sheet] Memorandum from Brent Scowcroft to Gerald R. Ford: Korean Military Situation (23p~25p) <첨부> Memorandum from Brent Scowcroft to Gerald R. Ford: Korean Military Situation"
usa2-포드-501,Korea (17),,포드대통령도서관,1976,"East Asia and Pacific Country Files, compiled 1974 - 1977",PZA0002785,4,중앙정보국(CIA)이 작성한 북한 군사력 평가보고서,[Withdrawal Sheet] Memorandum from Brent Scowcroft to Gerald R. Ford: Korean Military Situation (1p~1p) | Memorandum from Brent Scowcroft to Gerald R. Ford: Korean Military Situation (2p~3p) | [Withdrawal Sheet] [Intelligence Report] North Korea’s Military Forces (4p~4p) | [Intelligence Memorandum] for Gerald R. Ford: North Korea’s Military Forces (5p~17p)
usa2-포드-502,Korea (19),,포드대통령도서관,1976,"East Asia and Pacific Country Files, compiled 1974 - 1977",PZA0002786,3,"북한과의 공동경비구역 협정 수정안에 관한 보고, 국가안보수석보좌관 Brent Scowcroft와 주한미대사 Richard Sneider와의 환담 준비를 위한 메모, 판문점 도끼만행사건 이후 포드대통령에게 보낸 박정희대통령의 서신","Memorandum from William G. Hyland: Revision of the Korean DMZ Agreement (1p~2p) | Memorandum from William Gleysteen to Brent Scowcroft: Your Meeting with Ambassador Richard Sneider at 2:30 p.m. Wednesday, September 15, 1976 (3p~5p) | Letter from Park Chung Hee to Gerald R. Ford, September 13, 1976 (6p~10p)"
usa2-포드-503,Korea (20),,포드대통령도서관,1976,"East Asia and Pacific Country Files, compiled 1974 - 1977",PZA0002787,2,포드대통령이 한반도에서 주한미군병력의 철수는 더 이상 없다고 결정했다는 보고,[Withdrawal Sheet] Memorandum from Brent Scowcroft to the Secretary of Defense: Troop and Equipment withdrawals from Korea (1p~1p) | Memorandum from Brent Scowcroft to the Secretary of Defense: Troop and Equipment Withdrawals from Korea (2p~2p) 358 대통령기록관 해외기록물 수집목록집
usa2-포드-504,"Korea - North Korean Tree Incident, 8/18/76 (1)",,포드대통령도서관,1976,"East Asia and Pacific Country Files, compiled 1974 - 1977",PZA0002788,2,판문점 도끼만행사건에 관한 상황보고 및 8월 18일 WSAG 회의에 보고된 국방부 의 북한 관련 보고,"Panmunjom Incident, Situation Report as of 0700 Hours, August 19 (1p~3p) | North Korea, August 18, 1976 (4p~7p)"
usa2-포드-505,"Korea - North Korean Tree Incident, 8/18/76 (3)",,포드대통령도서관,1976,"East Asia and Pacific Country Files, compiled 1974 - 1977",PZA0002789,2,판문점 도끼만행사건 현장 대응방안 및 판문점 도끼만행사건에 대한 상황보고서,"Telcon from Admiral Holloway 20/0805 (1p~1p) | Panmunjom Incident, Situation Report as of 1800 Hours, August 21 (2p~4p)"
usa2-포드-506,"Korea - North Korean Tree Incident, 8/18/76 - Telegrams (1)",,포드대통령도서관,1976,"East Asia and Pacific Country Files, compiled 1974 - 1977",PZA0002790,5,판문점 도끼만행사건 당시 관련 전문,Telegram from CINCUNC Seoul to JCS WashDC (1p~2p) | Telegram from CINCUNC Seoul to JCS WashDC: 18 Aug JSA Incident (U) (3p~4p) | Telegram from CINCUNC Seoul to JCS WashDC: General Plan for Completing Work in JSA (5p~7p) | Telegram from CINCPAC Honolulu HI to Ruhvaaa /CINCPACAF HICKAM AFB HI (8p~8p) | Telegram from AMEMBASSY Tokyo to SECSTATE WashDC: Korean Augmentation Moves (9p~10p)
usa2-포드-507,"Korea - North Korean Tree Incident, 8/18/76 - Telegrams (2)",,포드대통령도서관,1976,"East Asia and Pacific Country Files, compiled 1974 - 1977",PZA0002791,7,판문점 도끼만행사건 당시 관련 전문,Telegram from SECSTATE WashDC to AMEMBASSY Tokyo: Midway Deployment (1p~2p) | Telegram from SECSTATE WashDC to AMEMBASSY Tokyo: Movement of KC-135 Tankers (3p~3p) | Telegram from SECSTATE WashDC to USDEL Secretary (4p~4p) | Telegram from COMUSK Seoul to CINCPAC Honolulu HI: Final Attainment Report (U) (5p~5p) | Telegram from AMEMBASSY Seoul to SECSTATE WashDC: Approach to President Park (6p~7p) 360 대통령기록관 해외기록물 수집목록집 | Telegram from AMEMBASSY Tokyo to SECSTATE WashDC: Korean Augmentation_Press Guidance (8p~8p) | Telegram from COMUSKOREA CJ-CO-CC to AIG 934 (9p~11p)
usa2-포드-508,"Korea - North Korean Tree Incident, 8/18/76 - Telegrams (3)",,포드대통령도서관,1976,"East Asia and Pacific Country Files, compiled 1974 - 1977",PZA0002792,6,판문점 도끼만행사건 당시 관련 전문,Telegram from USCINCRED MACDILL AFB FL to USCINCAFRED LANGLEY AFB VA: Korea Deployment of GBU-15 Capable F-4 (S) (1p~2p) | Telegram from COMUSKOREA Seoul KS//CJ-CO-CC// to NMCC Wash DC: Operational Paul Bunyan (3p~4p) | Telegram from COMUSKOREA Seoul KS//CJ-CO-CC// to AIG 934: SITREP 004 as of 221600Z Aug 76 (5p~6p) | Telegram from AMEMBASSY Seoul to SECSTATE WashDC: Message from Kissinger to Park (7p~9p) | [Withdrawal Sheet] Telegram: Intelligence Information (10p~10p) | Telegram from SSO DIA to DINOZ: North Korea: Situation Report. (U) (11p~14p)
usa2-포드-509,Korea - Operation Paul Bunyan,,포드대통령도서관,1976,"East Asia and Pacific Country Files, compiled 1974 - 1977",PZA0002793,12,판문점 도끼만행사건에 대한 한미의 대응 작전 ‘Operation Paul Bunyan’ 관련 자료,"Memorandum from Vincent J. Heyman: Korean Task Force (1p~1p) | [F-111 Deployment] (2p~2p) | Telegram from COMUSK Seoul KS//CJ-CO-CC// to CINCPAC Honolulu HI: Final Attainment Report (U) (3p~3p) | Panmunjom Incident, Situation Report as of 0600 Hours, August 20 (4p~6p) | Telegram from SECSTATE WashDC to AMEMBASSY Tokyo: Movement of KC-135 Tankers (7p~7p) | Telegram from AMEMBASSY Seoul to SECSTATE WashDC: Approach to President Park (8p~9p) | Panmunjom Incident, Situation Report as of 0700 Hours, August 19 (10p~12p) | Telegram from COMUSK Seoul KS//CJ-CO-CC// to CINCPAC CC Honolulu HI: Final Attainment Report (U) (13p~13p) | Telegram from USDAO Seoul Korea to DIA WashDC (14p~15p) | Telegram from COMUSKOREA//CJ-CO-CC// to AIG 7828: Update JSA Incident (16p~18p) | Telegram from COMUSKOREA CJ-CO-CC to AIG 934 (19p~21p) | Telegram from Gen Stilwell CINCUNC Korea to VADM HANNIFIN DIR J5 OJCS WASHINGTON: JSA Incident (C) (22p~24p) 362 대통령기록관 해외기록물 수집목록집"
usa2-포드-510,Korea - State Department Telegrams: From SECSTATE - EXDIS,,포드대통령도서관,1975,"East Asia and Pacific Country Files, compiled 1974 - 1977",PZA0002794,2,한국의 제3국으로부터의 무기 구매 노력 및 최근 북한 동향에 대한 한국정부의 과 잉대응 가능성에 대한 우려 보고,Telegram from SECSTATE WashDC to AMEMBASSY Seoul: ROK Third-Country Purchases for Military Procurement (1p~1p) | Telegram from SECSTATE WashDC to AMEMBASSY Seoul: ROK Concern over North Korean Harassment (2p~3p)
usa2-포드-511,Korea - State Department Telegrams: From SECSTATE - NODIS (1),,포드대통령도서관,1974,"East Asia and Pacific Country Files, compiled 1974 - 1977",PZA0002795,5,유엔총회에서 미국측 제안에 대한 중국의 반응과 그에 대한 대응방안 전문 등,Telegram from SECSTATE WashDC to AMEMBASSY Seoul: Further Response to PRC on UNC Proposal (1p~3p) | Telegram from SECSTATE WashDC to RUMJSL/AMEMBASSY Seoul: Further Response to PRC on UNC Proposal (4p~4p) | Telegram from SECSTATE WashDC to RUMJSL/AMEMBASSY Seoul: PRC Views on UNC (5p~6p) | Telegram from SECSTATE WashDC to AMEMBASSY Seoul: PRC Approach to ROKG (7p~7p) | Telegram from SECSTATE WashDC to AMEMBASSY Seoul: NAC Session on Middle East (8p~9p)
usa2-포드-512,Korea - State Department Telegrams: From SECSTATE - NODIS (2),,포드대통령도서관,1974,"East Asia and Pacific Country Files, compiled 1974 - 1977",PZA0002796,1,한국군 현대화 계획 관련 보고,Telegram from SECSTATE WashDC to AMEMBASSY Seoul: Korean Force Modernization Plan (1p~2p)
usa2-포드-513,Korea - State Department Telegrams: From SECSTATE -,,포드대통령도서관,1975 ~ 1976,"NODIS (4) East Asia and Pacific Country Files, compiled 1974 - 1977",PZA0002797,4,유엔총회에서의 한국문제 관련 한미입장 조율에 관한 전문과 명동성당 시국선언 사건 및 김대중에 관한 보고,Telegram from SECSTATE WashDC to AMEMBASSY Seoul: Further US-ROK Initiative on Korean Question at UN (1p~5p) | Telegram from SECSTATE WashDC to AMEMBASSY Seoul: Secretary’s Meeting with Chinese - Korea (6p~6p) | Telegram from SECSTATE WashDC to AMEMBASSY Seoul: Foreign Minister Kim’s Call on Secretary (7p~8p) | [Withdrawal Sheet] Telegram from SECSTATE WashDC to AMEMBASSY Seoul: Myongdong Cathedral Incident and Kim Tae-Chung Confession (9p~11p) <첨부> Telegram from SecState WashDC to Amembassy Seoul: Myongdong Cathedral Incident and Kim Tae-Chung Confession 364 대통령기록관 해외기록물 수집목록집
usa2-포드-514,Korea - State Department Telegrams: From SECSTATE -,,포드대통령도서관,1976,"NODIS (5) East Asia and Pacific Country Files, compiled 1974 - 1977",PZA0002798,2,판문점 도끼만행사건 미국의 대응에 대해 박정희대통령이 유감 표명을 전하는 전 문과 공동경비구역 협정 체결에 따른 미군 병력 재배치 관련 전문,Telegram from SECSTATE WashDC to AMEMBASSY Seoul: Meeting with President Park (1p~3p) | Telegram from SECSTATE WashDC to AMEMBASSY Seoul: US Force Redeployment after Signature JSA Agreement (4p~5p)
usa2-포드-515,Korea - State Department Telegrams: From SECSTATE -,,포드대통령도서관,1976,"NODIS (6) East Asia and Pacific Country Files, compiled 1974 - 1977",PZA0002799,6,1976년 미국에 망명 신청한 중앙정보부 요원 김상근 사건에 대한 미 국무부 문서 및 청와대 도청이 없었음을 강조하는 전문 등,Telegram from SECSTATE WashDC to AMEMBASSY Seoul (1p~2p) | Telegram from SECSTATE WashDC to AMEMBASSY Seoul: Request of KCIA Official to Remain in U.S. (3p~4p) | Telegram from SECSTATE WashDC to AMEMBASSY Seoul: Further Discussion of ROK Access to Kim Song-kun (5p~6p) | Telegram from SECSTATE WashDC to AMEMBASSY Seoul: Meeting with Kim Chong-yom on Kim Case and Investigations (7p~9p) | Telegram from SECSTATE WashDC to AMEMBASSY Seoul: Approach to Fonmin on Bugging Allegations (10p~11p) | Telegram from SECSTATE WashDC to AMEMBASSY Seoul: Blue House Bugging Issue (12p~13p)
usa2-포드-516,Korea - State Department Telegrams: To SECSTATE - EXDIS (1),,포드대통령도서관,1974 ~ 1975,"East Asia and Pacific Country Files, compiled 1974 - 1977",PZA0002800,12,"한일관계 악화, 한국의 무기 구매에 관한 한미갈등, 미 공군참모총장의 한국 방문 및 박정희대통령과의 면담, 한국의 핵 비확산조약 가입 의향을 확인하는 문서, 황 해에서 있었던 남북한 군사충돌, 북한의 대남 군사 도발 가능성이 높다는 내용의 최근 북한 정세 및 동향, 한국군의 무기구매, 장개석총통 장례식 참석시 미국 부통 령과 김종필총리간의 면담 제안 등 보고","Telegram from AMEMBASSY Seoul to SECSTATE WashDC: ROK-Japan Impasse: Blue House Atmosphere (1p~3p) | Telegram from AMEMBASSY Seoul to SECSTATE WashDC: South-North Dialogue (4p~4p) | Telegram from AMEMBASSY Seoul to SECSTATE WashDC: Exocet; M-168 (5p~7p) | Telegram from AMEMBASSY Seoul to SECSTATE WashDC: General Jones Meeting with President Park (8p~9p) | Telegram from AMEMBASSY Seoul to SECSTATE WashDC: Non-Proliferation Treaty (10p~11p) | Telegram from AMEMBASSY Seoul to SECSTATE WashDC: Yellow Sea Incident between North and South, February 26-27 (12p~13p) | [Withdrawal Sheet] Telegram from AMEMBASSY Seoul to SECSTATE WashDC: North Korean Briefing (14p~14p) | Telegram from AMEMBASSY Seoul to SECSTATE WashDC: North Korean Briefing (15p~17p) | Telegram from AMEMBASSY Seoul to SECSTATE WashDC: Proposed Export of Vibration Test Equipment (18p~20p) | Telegram from AMEMBASSY Seoul to SECSTATE WashDC: LST Loan (21p~22p) 366 대통령기록관 해외기록물 수집목록집 | [Withdrawal Sheet] Telegram from AMEMBASSY Seoul to SECSTATE WashDC: Proposed Meeting between Vice President and Prime Minister (23p~23p) | Telegram from AMEMBASSY Seoul to SECSTATE WashDC: Proposed Meeting between Vice President and Prime Minister (24p~25p)"
usa2-포드-517,Korea - State Department Telegrams: To SECSTATE - EXDIS (2),,포드대통령도서관,1975,"East Asia and Pacific Country Files, compiled 1974 - 1977",PZA0002801,2,주한 미대사와의 면담에서 박정희대통령이 주한미군 철수에 대비해 자체 미사일 개발 능력을 키우겠다고 밝혔다는 내용과 월남전 이후 한국 내부 정세의 취약성/ 장점에 대한 미 국무부의 평가 보고,Telegram from AMEMBASSY Seoul to SECSTATE WashDC: Meeting with President Park: Missile Strategy (1p~3p) | Telegram from AMEMBASSY Seoul to SECSTATE WashDC: Following is Reassessment Assumptions regarding ROKG Internal Situation Based on Views of Country Team (4p~22p)
usa2-포드-518,Korea - State Department Telegrams: To SECSTATE - NODIS (1),,포드대통령도서관,1974,"East Asia and Pacific Country Files, compiled 1974 - 1977",PZA0002802,6,"유엔총회 한국결의안 제출과 관련하여 한국측에 문제없다는 의사를 전달했다는 보고와 한국결의안에 대한 대처방안, 한-중 외교정상화 가능성을 타진하는 양국 간 접촉내용 보고 등","Telegram from AMEMBASSY Seoul to SECSTATE WashDC: Korean Question at UN, October 7, 1974 (1p~1p) | Telegram from AMEMBASSY Seoul to SECSTATE WashDC: Korean Question at UN, October 6, 1974 (2p~5p) | [Withdrawal Sheet] Telegram from AMEMBASSY Seoul to SECSTATE WashDC: PRC Initiative toward ROKG (6p~6p) | Telegram from AMEMBASSY Seoul to SECSTATE WashDC: PRC Initiative toward ROKG (7p~9p) | Telegram from AMEMBASSY Seoul to SECSTATE WashDC: PRC Approach to ROKG, October 17, 1974 (10p~12p) | Telegram from AMEMBASSY Seoul to SECSTATE WashDC: PRC Approach to ROKG, October 19, 1974 (13p~13p)"
usa2-포드-519,Korea - State Department Telegrams: To SECSTATE - NODIS (2),,포드대통령도서관,1974,"East Asia and Pacific Country Files, compiled 1974 - 1977",PZA0002803,3,"한중 외교정상화 가능성에 관한 중국측의 한국 의향 타진과 포드대통령 방한 결 과에 박정희대통령이 만족하고 있다는 보고, 유엔총회 한국결의안에 대한 대응방 책 논의보고 등","[Withdrawal Sheet] Telegram from AMEMBASSY Seoul to SECSTATE WashDC: PRC Approach to ROKG (1p~3p) <첨부> Telegram from Amembassy Seoul to SecState WashDC: PRC Approach to ROKG | Telegram from AMEMBASSY Seoul to SECSTATE WashDC: Presidential Visit to Korea (4p~5p) | Telegram from AMEMBASSY Seoul to SECSTATE WashDC: Presidential Meetings, Secretarial Meeting (6p~6p) 368 대통령기록관 해외기록물 수집목록집"
usa2-포드-520,Korea - State Department Telegrams: To SECSTATE - NODIS (3),,포드대통령도서관,1975,"East Asia and Pacific Country Files, compiled 1974 - 1977",PZA0002804,7,"한국의 제3국으로부터 미사일 구매, 박대통령과 미 국무부 차관보와의 면담 내용, 한국의 프랑스제 미사일 구매가 미국의 반대에도 불구하고 거의 확정적이라는 보 고, 75년 2월 국민투표, 유엔에서 논의될 한국결의안과 관련한 소련의 입장에 대 한 보고 등","Telegram from AMEMBASSY Seoul to SECSTATE WashDC: ROK Third Country Procurement of Missiles (1p~1p) | Telegram from AMEMBASSY Seoul to SECSTATE WashDC: Conversation between President Park and Under Secretary Maw (2p~4p) | Telegram from AMEMBASSY Seoul to SECSTATE WashDC: Third Country Purchases - Exocet, January 17, 1975 (5p~6p) | Telegram from AMEMBASSY Seoul to SECSTATE WashDC: Referendum on Park’s Policies (7p~9p) | Telegram from AMEMBASSY Seoul to SECSTATE WashDC: Third Country Purchases - Exocet (10p~10p) | Telegram from AMEMBASSY Seoul to SECSTATE WashDC: Korean Energy Problem (11p~12p) | Telegram from AMEMBASSY Seoul to SECSTATE WashDC: Whitlam-Kosygin Discussion on Korea (13p~14p)"
usa2-포드-521,Korea - State Department Telegrams: To SECSTATE - NODIS (4),,포드대통령도서관,1975,"East Asia and Pacific Country Files, compiled 1974 - 1977",PZA0002805,2,한중 외교정상화에 중국측이 지속적으로 관심을 갖고 있다는 보고와 핵무기 및 미사일 개발하려는 한국의 계획에 관한 대응 관련 보고,"Telegram from AMEMBASSY Seoul to SECSTATE WashDC: PRC Approach to ROKG, March 5, 1975 (1p~1p) | [Withdrawal Sheet] Telegram from AMEMBASSY Seoul to SECSTATE WashDC: ROK Plans to Develop Nuclear Weapons and Missiles (2p~4p) <첨부> Telegram from Amembassy Seoul to SecState WashDC: ROK Plans to Develop Nuclear Weapons and Missiles"
usa2-포드-522,Korea - State Department Telegrams: To SECSTATE - NODIS (5),,포드대통령도서관,1975,"East Asia and Pacific Country Files, compiled 1974 - 1977",PZA0002806,1,김일성의 방중 계획에 대한 보고,Telegram from AMEMBASSY Seoul to SECSTATE WashDC: Visit of Kim Il-sung to Peking (1p~2p) 370 대통령기록관 해외기록물 수집목록집
usa2-포드-523,Korea - State Department Telegrams: To SECSTATE - NODIS (6),,포드대통령도서관,1975,"East Asia and Pacific Country Files, compiled 1974 - 1977",PZA0002807,2,북한군 병력 및 향후 동향에 대한 미국측 정보를 박정희대통령에게 전달했다는 보 고와 긴급조치9호와 관련한 박대통령과의 면담 내용 보고,Telegram from AMEMBASSY Seoul to SECSTATE WashDC: Intelligence Estimate on Korea (1p~1p) | Telegram from AMEMBASSY Seoul to SECSTATE WashDC: ROKG Emergency Measure (2p~5p)
usa2-포드-524,Korea - State Department Telegrams: To SECSTATE - NODIS (8),,포드대통령도서관,1975,"East Asia and Pacific Country Files, compiled 1974 - 1977",PZA0002808,4,"프랑스로부터 핵재처리 시설을 구매하려는 한국정부의 결정을 번복시키려는 미국 측 노력, 미국과 북한간의 대화에 대해 박대통령의 의사를 타진해 보았다는 보고, 포항 부근에서 유전이 발견되었다고 한국측 인사가 비밀리에 알려 왔다는 보고 등","Telegram from AMEMBASSY Seoul to SECSTATE WashDC: ROK Nuclear Reprocessing (1p~2p) | Telegram from AMEMBASSY Seoul to SECSTATE WashDC: Contact with North Koreans (3p~3p) | Telegram from AMEMBASSY Seoul to SECSTATE WashDC: Discovery of Oil in Korea (4p~4p) | [Withdrawal Sheet] Telegram from AMEMBASSY Seoul to SECSTATE WashDC: ROK Nuclear Reprocessing, December 10, 1975 (5p~7p) <첨부> Telegram from Amembassy Seoul to SecState WashDC: ROK Nuclear Reprocessing"
usa2-포드-525,Korea - State Department Telegrams: To SECSTATE - NODIS (10),,포드대통령도서관,1976,"East Asia and Pacific Country Files, compiled 1974 - 1977",PZA0002809,4,한국의 프랑스 핵재처리 시설 구매노력에 대한 미국측 대응 보고 및 명동성당 시 국선언사건 관련 보고 등,"[Withdrawal Sheet] Telegram from AMEMBASSY Seoul to SECSTATE WashDC: ROK Nuclear Reprocessing, January 5, 1976 (1p~5p) <첨부> Telegram from Amembassy Seoul to SecState WashDC: ROK Nuclear Reprocessing | [Withdrawal Sheet] Telegram from AMEMBASSY Seoul to SECSTATE WashDC: Myongdong Cathedral Incident and Kim Tae-Chung Confession (6p~8p) <첨부> Telegram from Amembassy Seoul to SecState WashDC: Myongdong Cathedral Incident and Kim Tae-Chung Confession | [Withdrawal Sheet] Telegram from AMEMBASSY Seoul to SECSTATE WashDC: Myongdong Cathedral Incident and Kim Tae Jung (9p~11p) <첨부> Telegram from Amembassy Seoul to SecState WashDC: Myongdong Cathedral Incident and Kim Tae Jung Confension | [Withdrawal Sheet] Telegram from AMEMBASSY Seoul to SECSTATE WashDC: ROK Domestic Policy (12p~14p) <첨부> Telegram from Amembassy Seoul to SecState WashDC: ROK Domestic Policy"
usa2-포드-526,Korea - State Department Telegrams: To SECSTATE - NODIS (11),,포드대통령도서관,1976,"East Asia and Pacific Country Files, compiled 1974 - 1977",PZA0002810,4,판문점 도끼만행사건과 관련한 박정희대통령 면담 내용 보고 및 판문점 도끼만행 사건 관련 키신저 국무장관의 서신에 대한 박대통령의 답신 372 대통령기록관 해외기록물 수집목록집,"[Withdrawal Sheet] Telegram from AMEMBASSY to SECSTATE WashDC: Message from Kissinger to Park (1p~4p) <첨부> Telegram from Amembassy Seoul to SecState WashDC: Message from Kissinger to Park | Telegram from AMEMBASSY Seoul to SECSTATE WashDC: President Park Reply to Secretary’s Letter (5p~7p) | Telegram from AMEMBASSY Seoul to SECSTATE WashDC: Meeting with President Park, August 27, 1976 (8p~11p) | Telegram from AMEMBASSY Seoul to SECSTATE WashDC: Meeting with President Park, August 28, 1976 (12p~16p)"
usa2-포드-527,Korea - State Department Telegrams: To SECSTATE - NODIS (12),,포드대통령도서관,1976,"East Asia and Pacific Country Files, compiled 1974 - 1977",PZA0002811,8,한국내에서 한미관계의 장래에 대한 우려가 확산되고 있다는 보고와 중정요원 김 상근의 망명 사건 관련 문서 등,"[Withdrawal Sheet] Telegram from AMEMBASSY Seoul to SECSTATE WashDC: Re Kim Chung Yum (1p~3p) <첨부> Telegram from Amembassy Seoul to SecState WashDC, November 8, 1976 | [Withdrawal Sheet] Telegram from AMEMBASSY Seoul to SECSTATE WashDC: Growing Korean Concern About Future of US-ROK Relations (4p~9p) <첨부> Telegram from Amembassy Seoul to SecState WashDC: Growing Korean Concern About Future of US-ROK Relations | [Withdrawal Sheet] Telegram from AMEMBASSY Seoul to SECSTATE WashDC: Re Kim problem (10p~11p) <첨부> Telegram from Amembassy Seoul to SecState WashDC, November 27, 1976 | [Withdrawal Sheet] Telegram from AMEMBASSY Seoul to SECSTATE WashDC: Request by Korean Embassy Officer for Asylum (12p~14p) <첨부>Telegram from Amembassy Seoul to SecState WashDC, November 27, 1976 | [Withdrawal Sheet] Telegram from AMEMBASSY Seoul to SECSTATE WashDC: Re Kim problem (15p~16p) <첨부> Telegram from Amembassy Seoul to SecState WashDC, November 27, 1976 | [Withdrawal Sheet] Telegram from AMEMBASSY Seoul to SECSTATE WashDC: Request by Korean Embassy Officer for Asylum (17p~19p) <첨부> Telegram from Amembassy Seoul to SecState WashDC, November 27, 1976 | [Withdrawal Sheet] Telegram from AMEMBASSY Seoul to SECSTATE WashDC: Request by ROK Embassy Officer for Asylum (20p~21p) <첨부> Telegram from Amembassy Seoul to SecState WashDC, November 28, 1976 | [Withdrawal Sheet] Telegram from AMEMBASSY Seoul to SECSTATE WashDC: Request by ROK Embassy Officer for Political Asylum (22p~27p) <첨부> Telegram from Amembassy Seoul to SecState WashDC: Request by ROK Embassy Officer for Political Asylum"
usa2-포드-528,Korea - State Department Telegrams: To SECSTATE - NODIS (14),,포드대통령도서관,1976,"East Asia and Pacific Country Files, compiled 1974 - 1977",PZA0002812,3,박정희대통령이 방한한 미 하원의원 John Murphy에게 미국에 대한 강한 불만을 표시했다는 보고와 미국의 청와대 도청의혹 및 최규하 총리가 한미관계 악화 우려 를 전달했다는 보고,Telegram from AMEMBASSY Seoul to SECSTATE WashDC: Meeting of Congressman Murphy and President Park (1p~2p) | Telegram from AMEMBASSY Seoul to SECSTATE WashDC: Bugging Allegations (3p~5p) | Telegram from AMEMBASSY Seoul to SECSTATE WashDC: Meeting with Prime Minister (6p~9p) 374 대통령기록관 해외기록물 수집목록집
usa2-포드-529,L. William Seidman Files Box 171,,포드대통령도서관,1969 ~ 1977,FORD LIBRARY PROJECT FILE OF DOCUMENTS DECLASSIFIED THROUGH,PZA0002813,1,한국을 포함한 일부 아시아 국가들과 미국간의 목화수입에 관련 무역마찰 관련 전문,Telegram from AMEMBASSY Seoul to SECSTATE WashDC: Meeting with Prime Minister (1p~2p)
usa2-포드-530,Melvin Laird Papers Box C9,,포드대통령도서관,1972,FORD LIBRARY PROJECT FILE OF DOCUMENTS DECLASSIFIED THROUGH,PZA0002814,1,한국정부에 판매될 해안경비정의 개발에 필요한 예산을 요청하는 보고,Memorandum from Frank Sanders to the Secretary of Defense: Korean CPIC Funding (U) (1p~2p)
usa2-포드-531,Melvin Laird Papers Box C9,,포드대통령도서관,1974,FORD LIBRARY PROJECT FILE OF DOCUMENTS DECLASSIFIED THROUGH,PZA0002815,2,유엔군사령부 해체 대비 전략에 관한 문서(NSSM 190) 및 북한이 미국에 평화협 상을 제의 했다는 보고,Memorandum from W. E. Colby to Gerald R. Ford: Diplomatic Initiatives in Korea; NSSM-190 (1p~2p) | [Korea - DPRK Proposes Direct Peace Talks with United States] (3p~4p)
usa2-포드-532,NSC East Asian and Pacific Affairs Staff Files Box 8,,포드대통령도서관,1975,FORD LIBRARY PROJECT FILE OF DOCUMENTS DECLASSIFIED THROUGH,PZA0002816,1,"중국과 소련이 한국에 우호적인 입장으로 선회하는 것에 대한 우려 때문에, 북한 이 미국의 대화제의를 거부했다는 보고",[Korea - DPRK Proposes Direct Peace Talks with United States] (1p~2p) 376 대통령기록관 해외기록물 수집목록집
usa2-포드-533,NSC East Asian and Pacific Affairs Staff Files Box 9,,포드대통령도서관,1975,FORD LIBRARY PROJECT FILE OF DOCUMENTS DECLASSIFIED THROUGH,PZA0002817,2,김일성의 중국 방문 및 최근 북한의 군사동향에 대한 보고,"[SINO-Korean Relations - Peking Gives Kim Il-song High-Level Welcome; Comment Routine] (1p~6p) | [Memo] from National Intelligence Officers, September 16, 1975 (7p~7p)"
usa2-포드-534,NSC East Asian and Pacific Affairs Staff Files Box 18,,포드대통령도서관,1974,FORD LIBRARY PROJECT FILE OF DOCUMENTS DECLASSIFIED THROUGH,PZA0002818,2,한국의 안보상황 및 한반도의 군사안정화에 대한 전망 보고,Security Conditions in South Korea in Relationship to the President’s Visit (1p~4p) | Prospects for Stability on the Korean Peninsula (5p~8p)
usa2-포드-535,NSC East Asian and Pacific Affairs Staff Files Box 27,,포드대통령도서관,1976,FORD LIBRARY PROJECT FILE OF DOCUMENTS DECLASSIFIED THROUGH,PZA0002819,3,판문점 도끼만행사건 당시 개최된 WSAG회의(8월 18일 및 19일)에 보고되었던 브리핑 자료,"[DDCI Briefing for 18 August WSAG Meeting: North Korea] (1p~4p) | [First, likely North Korean responses to measures we might take. …] (5p~6p) | [North Korean Air Force] (7p~7p)"
usa2-포드-536,NSC East Asian and Pacific Affairs Staff Files Box 35,,포드대통령도서관,1976,FORD LIBRARY PROJECT FILE OF DOCUMENTS DECLASSIFIED THROUGH,PZA0002820,1,북한의 군사력에 대한 보고,North Korea May Have Army Light Infantry Units (1p~10p) <첨부> Assessed Light Infantry Brigade Organizational Structure 378 대통령기록관 해외기록물 수집목록집
usa2-포드-537,Presidential Agency File Box 3 (6),,포드대통령도서관,1976,FORD LIBRARY PROJECT FILE OF DOCUMENTS DECLASSIFIED THROUGH,PZA0002821,1,"한국, 홍콩, 대만의 경제성장에 대한 보고",Economic Intelligence Weekly (1p~7p)
usa2-포드-538,Presidential Agency File Box 12,,포드대통령도서관,1974,FORD LIBRARY PROJECT FILE OF DOCUMENTS DECLASSIFIED THROUGH,PZA0002822,1,미국의 안보정책에 대한 쟁점 정리 자료,"Summary of Issues, Foreign and National Security Policy (1p~2p)"
usa2-포드-539,Trip Briefing Books and Cables of Henry Kissinger Box 3 (1),,포드대통령도서관,1974,FORD LIBRARY PROJECT FILE OF DOCUMENTS DECLASSIFIED THROUGH,PZA0002823,1,헨리 키신저가 스나이더 주한 미대사에게 보낸 전문,[Situation(S) Message(S) Listing] (1p~1p)
usa2-포드-540,Trip Briefing Books and Cables of Henry Kissinger Box 3 (1),,포드대통령도서관,1975,FORD LIBRARY PROJECT FILE OF DOCUMENTS DECLASSIFIED THROUGH,PZA0002824,3,스나이더 주한 미대사와 Brent Scowcroft간의 전문,"Telegram from Richard Sneider to Brent Scowcroft, October 21, 1975 (1p~1p) | Telegram from Brent Scowcroft to Richard Sneider, October 23, 1975 (2p~2p) | Letter from Brent Scowcroft to Richard Sneider, October 22, 1975 (3p~3p) 380 대통령기록관 해외기록물 수집목록집"
usa2-포드-541,NSA: Backchannel Messages Box 7 (4),,포드대통령도서관,1976,FORD LIBRARY PROJECT FILE OF DOCUMENTS DECLASSIFIED THROUGH,PZA0002825,2,스나이더 주한 미대사와 Brent Scowcroft간의 전문,"Telegram from Brent Scowcroft to Richard Sneider, March 18, 1976 (1p~1p) | Letter from Brent Scowcroft to Richard Sneider, March 17, 1976 (2p~2p)"
usa2-포드-542,US Council of Economic Advisers Records Box 69 - Box 89,,포드대통령도서관,1974,FORD LIBRARY PROJECT FILE OF DOCUMENTS DECLASSIFIED THROUGH,PZA0002826,1,제6차 한미 상무장관 연례회담에 관한 자료,"Sixth United States-Korea Commerce Ministers Meeting Washington, June 4-5, 1974 (1p~4p)"
usa2-포드-543,US Council of Economic Advisers Records Box 69 - Box 89,,포드대통령도서관,1974,FORD LIBRARY PROJECT FILE OF DOCUMENTS DECLASSIFIED THROUGH,PZA0002827,1,스나이더 주한 미대사가 백악관에 보낸 전문,"Telegram from Richard Sneider to the White House, November 15, 1974 (1p~1p)"
usa2-포드-544,Melvin Laird Papers (1),,포드대통령도서관,1972,FORD LIBRARY PROJECT FILE OF DOCUMENTS DECLASSIFIED THROUGH,PZA0002828,1,한미 군사협력에 관한 전문,Telegram from AFS SO 5AF to SSO DIA: Bilateral Planning with Republic of Korea (1p~7p) 382 대통령기록관 해외기록물 수집목록집
usa2-포드-545,NSC East Asian and Pacific Affairs Staff Files (1),,포드대통령도서관,1975,FORD LIBRARY PROJECT FILE OF DOCUMENTS DECLASSIFIED THROUGH,PZA0002829,3,북한 동향에 관한 보고,[North Korean President’s Motives for China Visit][Newsclip] (1p~1p) | [North Korea: Komars Move South][Newsclip] (2p~2p) | Memorandum for Jay Taylor: Recent North Korean Military Activities (3p~5p)
usa2-포드-546,Presidential Country Files for East Asia and the Pacific (1),,포드대통령도서관,1976,FORD LIBRARY PROJECT FILE OF DOCUMENTS DECLASSIFIED THROUGH,PZA0002830,3,최근 북한의 군사동향에 대한 보고,Memorandum: Recent North Korean Military Developments (1p~8p)
usa2-포드-547,"November 22, 1974 - Ford, Kissinger, South Korean President",,포드대통령도서관,1974,Park Chung-Hee Natinal Security Adviser’s Memoranda of Conversation,PZA0002831,2,1974년 11월 22일 청와대에서 열린 박정희대통령과 포드대통령의 회담 녹취록,Memorandum of Conversation: South Korean Dependence on U.S. Support (1p~10p) | Memorandum of Conversation: November 1974 (11p~15p) <첨부1> Memorandum from W. R. Smyser to Henry A. Kissinger: Draft Memorandum of Conversation Between President Ford and South Korean President Park <첨부2> Memorandum from Henry A. Kissinger to the President: Draft Memorandum of Your Conversation with South Korean President Park
usa2-포드-548,"March 27, 1975 - Scowcroft, Ambassador",,포드대통령도서관,1975,Natinal Security Adviser’s Memoranda of Conversation,PZA0002832,1,1974년 11월 22일 청와대에서 열린 박정희대통령과 포드대통령의 회담 녹취록,"[Withdrawal Sheet] Scowcroft, Ambassador Richard L. Sneider (South Korea) (1p~3p) <첨부> Memorandum from W. R. Smyser to Brent Scowcroft: Memorandum of Conversation 384 대통령기록관 해외기록물 수집목록집"
usa2-포드-549,"May 8, 1975 - Ford, South Korean Officials",,포드대통령도서관,1975,Natinal Security Adviser’s Memoranda of Conversation,PZA0002833,1,정일권 국회의장과의 접견 녹취록 보고,"Memorandum of Conversation: Thursday - May 8, 1975, 10:45 a.m. (1p~6p) <첨부> Meeting with the Speaker of the South Korean National Assembly Chung Il-Kwon"
usa2-포드-550,"September 28, 1975 - Kissinger’s Meeting with PRC Officials in",,포드대통령도서관,1975,New York Natinal Security Adviser’s Memoranda of Conversation,PZA0002834,1,,Memorandum of Conversation: The Soviet Union; CSCE; Europe; Japan; Angola; Indochina; the President’s China Trip; the Global Strategic Situation; Korea (1p~32p)
usa2-포드-551,"October 19-23, 1975 - Kissinger’s Trip (2)",,포드대통령도서관,1975,Natinal Security Adviser’s Memoranda of Conversation,PZA0002835,4,,"[Communique] (1p~9p) | Memorandum of Conversation: Monday, October 20, 1975 10:00 a.m. - 11:40 a.m. (10p~28p) | Memorandum of Conversation: Global Strategy for Dealing with the Soviet Union; the Historical Lessons of the 1930s (29p~46p) | Memorandum from Brent Scowcroft to the President: Secretary’s talk with Chinese Officials (47p~54p)"
usa2-포드-552,"October 19-23, 1975 - Kissinger’s Trip (4)",,포드대통령도서관,1975,Natinal Security Adviser’s Memoranda of Conversation,PZA0002836,3,,Memorandum of Conversation: Secretary Kissinger’s Visit to Peking: Counterpart Talks-- Claims and Exchanges (1p~20p) | Memorandum of Conversation: The President’s Visit and Communique; Bilateral Relations; Indochina MIA; Korea; South Asia (21p~34p) | Exchange of Toasts between the Honorable Henry A. Kissinger Secretary of State and Foreign Minister Ch’iao Kuan-Hua … (35p~38p) 386 대통령기록관 해외기록물 수집목록집
usa2-포드-553,"December 1-5, 1975 - President Ford’s Visit to Peking (3)",,포드대통령도서관,1975,Natinal Security Adviser’s Memoranda of Conversation,PZA0002837,3,,"Memorandum of Conversation: Taiwan; bilateral relations; MIA; trade (oil and computers); Dalai Lama; Korea; Chinese minorities; agriculture; Amb. Bush (1p~21p) | Vice-President Teng Hsiao-ping’s Toast at the Farewell Banquet Given by President Gerald R. Ford: December 4, 1975 (22p~27p) <첨부> President’s Toast at Return Banquet, December 4, 1975 | Secretary Kissinger’s News Conference at Peking December 4 (28p~32p)"
