id,제목,부제/번역제목,유형,생산년도,관리번호,기록물매수,형태,시작페이지,주요내용,세부기록물
PZA0002994,CO: Countries- graphic Areas: 163375,PZA0002994,부시,1990,PZA0002994,3,"비망록, 서한",21,"이 기록물철은 1990년 7월 18일 조지 반 에론(George Van Eron)이 브렌트 스코크로프트(Brent Scowcroft)에게 보낸 비망록으로 구성되어 있다. 1990년 7월 13일 이후 미국 대통령 비서실이 전달받은 국가원수들의 서신(한국의 노태우 대통령, 토고의 이야데마(Eyadema) 대통령) 요약문을 첨부한다는 내용이나 첨부된 문서는 없다.","Memorandum from George Van Eron to Brent Scowcroft: Heads of State Correspondence Summary as of July 18 | [Withdrawal Sheet] Case Number: 163375 Republic of Korea President Roh Tae Woo to POTUS, re: recent meeting"
PZA0002997,CO: Countries- graphic Areas: 198880,PZA0002997,부시,1990,PZA0002997,4,"비망록, 서한",21,"이 기록물철은 1990년 11월 21일 조지 반 에론(George Van Eron)이 브렌트 스코크로프트(Brent Scowcroft)에게 보낸 비망록으로 구성되어 있다. 11월 16일 이후 미국 대통령 비서실이 전달받은 각국 국가원수들의 서신(멕시코의 살리나스(Salinas) 대통령, 바티칸의 교황 요한 바오로(John Paul) 2세, 한국의 노태우 대통령, 유엔 페레스 데 쿠에야르 (Perez de Cuellar) 사무총장 , 세네갈의 디오프(Diouf) 대통령) 요약문을 첨부한다는 내용이나 첨부된 문서는 없다.","Memorandum from George Van Eron to Brent Scowcroft: Heads of State Correspondence Summary as of November 21 | [Withdrawal Sheet] Case Number: 168468 Republic of Korea President Roh Tae Woo to POTUS [English translation], re: appointment of Jong Koo Lee, Korean Peninsula issues | [Withdrawal Sheet] Case Number: 168468 Republic of Korea President Roh Tae Woo to POTUS [Korean language], re: appointment of Jong Koo Lee, Korean Peninsula issues"
PZA0002999,CO: Countries- graphic Areas: 262938,PZA0002999,부시,1991,PZA0002999,4,"비망록, 서한",22,"이 기록물철은 1991년 8월 2일 조지 반 에론(George Van Eron)이 브렌트 스코크로프트(Brent Scowcroft)에게 보낸 비망록으로 구성되어 있다. 1991년 7월 31일 수요일 이후 미국 대통령 비서실이 전달받은 각국 국가원수들의 서신(리투아니아의 배그노리우스, 예멘의 살레(Saleh) 대통령, 베네수엘라의 페레즈(Perez) 대통령, 한국의 노태우 대통령, 헝가리의 괸쯔(Goncz) 대통령) 요약문을 첨부한다는 내용이나 첨부된 문서는 없다.","Memorandum from George Van Eron to Brent Scowcroft: Heads of State Correspondence Summary as of August 2 | [Withdrawal Sheet] Case Number: 262938 Republic of Korea President Roh Tae Woo to POTUS [English translation], re: gratitude for recent meeting in Washington, D.C. | [Withdrawal Sheet] Case Number: 262938 Republic of Korea President Roh Tae Woo to POTUS [Korean language], re: gratitude for recent meeting in Washington, D.C."
PZA0003000,CO: Countries- graphic Areas: 298344,PZA0003000,부시,1991,PZA0003000,3,"비망록, 서한",23,"이 기록물철은 1991년 10월 4일 낸시 메넌(Nancy V. Menan)이 브렌트 스코크로프트(Brent Scowcroft)에게 보낸 비망록으로 구성되었다. 1991년 10월 2일 이후 미국 대통령 비서실이 받은 각국 국가원수들의 서신(영국의 메이저(Major) 수상, 루마니아의 일리에스쿠(Iliescu) 대통령, 니카라과의 차모르(Chamorro) 대통령, 한국의 노태우 대 통령) 요약문을 첨부한다는 내용이다. 첨부된 문서는 조지 부시 미국 대통령에게 노태우 대통령이 보낸 서신으로 한국 국경일에 대한 미국 대통령의 따뜻한 메시지에 대해 한국 국민과 정부를 대신해 감사를 드리며, 향후 양국 관계가 보다 긴밀 해지고 강화되길 희망한다는 내용을 담고 있다.",Memorandum from Nancy V. Menan to Brent Scowcroft: Heads of State Correspondence Summary as of October 4
PZA0003001,CO: Countries- graphic Areas: 302061,PZA0003001,부시,1991,PZA0003001,3,서한,23,"이 기록물철은 1991년 11월 1일 낸시 메넌(Nancy V. Menan)이 브렌트 스코크로프트(Brent Scowcroft)에게 보낸 비망록으로 구성되어 있다. 1991년 10월 30일 수요일 이후 미국 대통령 비서실이 받은 각국 국가원수들의 서신(캐나다 멀로니(Mulroney) 수상, 콩고의 사수 응게소(Sassou-Nguesso) 대통령, 헝가리의 안탈(Antall) 수상, 멕시코의 살리나스(Salinas) 대통령, 오만의 카부스(Qaboos) 술 탄, 중국의 리펑(Li Peng) 총리, 캄보디아의 시아누쿠(Sihanouk) 왕자, 필리핀의 아키노(Aquino) 대통 령, 한국의 노태우 대통령) 요약문을 첨부한다는 내용으로 첨부된 문서는 없다.","Memorandum from Nancy V. Menan to Brent Scowcroft: Heads of State Correspondence Summary as of November 1 | [Withdrawal Sheet] Case Number: 302061 Republic of Korea President Roh Tae Woo to POTUS, re: Global nuclear arms reduction"
PZA0003002,CO: Countries- graphic Areas: 314571,PZA0003002,부시,1991,PZA0003002,3,서한,24,"이 기록물철은 1991년 12월 4일 낸시 메넌(Nancy V. Menan)이 브렌트 스코크로프트(Brent Scowcroft)에게 보낸 비망록으로 구성되어 있다. 1991년 11월 27일 이후 미국 대통령 비서실이 받은 각 국 국가원수들의 서신(호주의 호크(Hawke) 수상, 사이프러스의 바실리오(Vassiliou) 대통령, 알제리 의 벤제디드(Bendjedid) 대통령, 한국의 노태우 대통령, 베네수엘라의 페레즈(Perez) 대통령, 에카도르 의 보르자(Borja) 대통령, 인도의 라오(Rao) 수상) 요약문을 첨부한다는 내용으로 첨부된 문서는 없다.","Memorandum from Nancy V. Menan to Brent Scowcroft: Heads of State Correspondence Summary as of December 4 | [Withdrawal Sheet] Case Number: 314571 Republic of Korea President Roh Tae Woo to POTUS [English translation], re: POTUS’ planned visit to South Korea’"
PZA0003003,Case Number : 133282 Asia,PZA0003003,부시,1990,PZA0003003,12,"서신, 발언내용, 명단",25,"이 기록물철은 1990년 3월 22일 더글라스 팔(Douglas Paal)이 브렌트 스코크로프트(Brent Scowcroft)에게 보낸 메모로 국제전략연구소의 동북아시아 위원회의(한국의 국회의원 및 정치가, 국 제전략연구소의 연구진, 박동진 대사 참여)에서 스코크로프트가 발언한 내용을 담고 있다. 이 회의에서 스코크로프트는 세계가 급변하고 있으며 부시 대통령이 추구해온 비전과 전략은 ① 봉쇄정책을 넘어서 ② 유럽 통합과 자유 ③ 통합된 서유럽이 전략적 자산이라는 것으로 부시 대통령은 이러한 비전과 전략 을 지속적으로 추구하고 있다고 밝히고 있다.","Memorandum from Douglas Paal to Brent Scowcroft: Your Remarks to CSIS northeast Asia Council, March 23, 4:00 p.m. - 4:30 p.m, Room 476, OEOB | [Withdrawal Sheet] Case Number: 133282 Re: List of Korean Delegates [to Center for Strategic and Inter- national Studies meting]; contains passport numbers, Social Security numbers, and home addresses"
PZA0003005,Korea (2),PZA0003005,부시,1989,PZA0003005,130,"서한, 회람문, 명단, 보고서",25,"이 기록물철은 미국 재무부의 한국 통화조작국 지정에 대한 항의 서한과 보고서, GDC(General De- velopment Corporation, 이하 GDC) 문제에 대한 서한, 한국과 일본의 쌀 시장 개방문제를 논의한 서 한으로 구성되었다. 한국무역협회(Korea Foreign Trade Association) 회장 남덕우가 존 스누누에게 보낸 서한으로 미국 재무부가 한국을 통화조작국(currency manipulator)으로 지정한데 대해 그 부당함에 항의하는 내용을 담고 있다. 이와 함께 한국무역협회에서 발행한 한국의 환율정책(Korea’s Exchange Rate Policy)이라 는 보고서를 첨부하였다. 이 보고서에서는 한국 사례가 [1988년 무역법]의 요구에 맞지 않기 때문에 적절하지 않으며 한국의 이 미지를 국제사회에서 “불공정한’ 행위자로 만듦으로써 문제가 있음을 설명하고 있다. 특히 보고서에서는 한국을 지속적으로 불공정한 조작국으로 지정하는 것은 미국의 경제와 안보 이익을 침해할 것이라고 강 조하였다. 제임스 시코노와 폴 노시노 간에 주고받은 서신은 한국 정부가 미국 GDC를 기소하려 하고 그 대표가 한국에 수감되어 있는 문제에 대해 한국 정부가 실제로 GDC와 그 대표를 기소한다면 이것은 한 국과 미국과의 관계에 심각한 영향을 미칠 것이라고 우려하는 내용을 담고 있다. 그외에 EC를 농업협상 에 나서도록 설득하기 위해 한국과 일본의 쌀시장을 개방하도록 제의하는 문제에 대해 로저 포터와 프레 드 버그스텐의 대화 내용도 포함되어 있다.","Letter from Duck-Woo Nam to John H. Sununu: September 19, 1989 | Letter from James W. Cicconi to Paul R. Locigno: September 15, 1989 | [Withdrawal Sheet] Fact Sheet on the Detention of [Name withheld] | [Withdrawal Sheet] Congressman Porter J. Goss to Hojong Choi, Minister of Foreign Affairs for the Re- public of Korea | [Withdrawal Sheet] Senator Paul Simon to Directior of Foreign Affairs Bureau for the Republic of Korea Kim-Soo Kim | [Withdrawal Sheet] Senator Bob Graham to Ambassador Tong-Jin Park of the Republic of Korea | [Withdrawal Sheet] Sam Gibbons to Minister of Foreign Affairs for the Republic of Korea Hojong Choi | [Withdrawal Sheet] Sam Gibbons to Ambassador Tongjin Park of the Republic of Korea | [Withdrawal Sheet] Congressman Dante B. Fascell to Ambassador Tongjin Park of the Republic of Korea | [Withdrawal Sheet] Robert F. Ehring to Whom It May Concern | [Withdrawal Sheet] Robert Keith Gray of Hill and Knowlton to Minister of Economics for the Republic of Korea Myong Hyun Sohn | [Withdrawal Sheet] Contacts on Behalf of [U.S. businessman under investigation in Republic of Korea] | Contacts on Behalf | Investment Abroad Can Strengthen Economic Ties With Foreign Countries: Wednesday, January 25, 1989 | Departure Statement: President Roh Tae Woo, South Lawn | Letter from Roger B. Porter to C. Fred Bergsten: October 27, 1990 | Letter from Roger B. Porter to Chong-Ki Choi: October 29, 1990 | President Remarks: Arrival Ceremony for President Roh Tae Woo of the Republic of Korea | Letter from Katherine L. Super to Edmond L. Browning: November 7, 1991 | [Work Sheet] Writes regarding his Upcoming Trip to Korea to Recover the Remains of 8, 177 Americans Missing from the Korean War | [Withdrawal Sheet] John H. Sununu to Frank Kerr | Letter from John H. Sununu to Frank Kerr: November 14, 1991 | [Withdrawal Sheet] Frank Kerr to John Sununu | Letter from Frank Kerr to John H. Sununu: November 6, 1991 | [Withdrawal Sheet] Frank Kerr to POTUS | Letter from Thomas Gregory to George Bush: September 16, 1991 | Hull man to lead search for Korea MIAs | Letter from Sichan Siv to S. Michael Hahm: March 26, 1992 | Letter from Kang In-Sik to George Bush | Letter from Jay Van Andel to George Bush: June 25, 1992"
PZA0003006,Korea (3),PZA0003006,부시,1989,PZA0003006,,"서한, 회람문, 명단, 기록물 매수 139 형 태 신문기사, 보고서",27,"이 기록물철은 한국의 스크린쿼터 문제에 대한 서한, 임창연 전 유엔대사의 언론기고, 한승수 상공부 장관이 보낸 백서, 남북한 이산가족 상봉 문제에 대한 서한으로 구성되어 있다. 잭 발렌티(Jack Valenti)와 존 스누누(John Sununu) 간 한국의 스크린쿼터 문제에 대해 논의한 서신 으로, 미국 영화사들이 한국 시장에 진출할 수 있도록 부시 대통령의 한국 방문에서 이 문제에 대해 단호 하게 한 문장으로 얘기하도록 촉구하는 내용을 담고 있다. 7월 북한을 방문한 김일성 주석과 대화를 나 눈 전 한국 유엔대사 임창영 박사가 미대통령 후보였던 부시 대통령과 두카키스(Dukakis) 주지사에게 한반도 정책 변화를 촉구하는 언론 기고도 포함되어 있다. 한국에서 만든 새로운 포괄적인 백서인 [자유공정무역](Free and Fair Trade)을 동봉하면서 이 보고 서에서 한국은 지난 수년간 무역자유화의 이니셔티브를 가져왔고 이제 새로운 이니셔티브를 수행해야 한다고 이야기하며 그동안 한국이 자유공정무역을 지속해 왔으며, 이는 한국이 책임있는 세계무역국가 임을 보여주고 있음을 밝히고 있다. 마크 피츠패트릭(Mark Fitzpatrick)이 제임스 앤드류(James Andrew)에게 보낸 서한은 미국이 인 도적 차원에서 한국과 북한의 이산가족상봉 문제에 대해 관심을 가지고 있다는 내용이 포함되어 있다.","[Work Sheet] Appointed as the Minister of science and Technology in the New Korean cabinet and asks The President’s continuing support | [Work Sheet] Encloses Aide Memoire Giving Essentials of The Korean Government Preventing U.S. Flim Companies from distributing movies in Korea; … | [Work Sheet] Korean situation article | [Work Sheet] If you want, the writer would be glad to travel to washington to discuss the korean situation | [Work Sheet] Suggest considering some international with the U.S. - Korea business council delegates dur- ing their meeting in washington on Apr 11 89 | [Work Sheet] Encloses white paper on Korea’s trade policies | [Work Sheet] Encloses white paper on Korea’s trade policies | [Withdrawal Sheet] Case Number 057035 Correspondence Tracking Worksheet, re: Congressman Tom Lewis to POTUS, re: South Korean trade policy | [Withdrawal Sheet] Case Number 057035 Correspondence Tracking Worksheet, re: Congressman Tom Lewis to POTUS, re: South Korean trade policy | [Work Sheet] Expresses concern about the division of Korea and requests assistance to help reunite the separated families… Korea, People’s Democratic Republic of"
PZA0003007,(North) (1),PZA0003007,부시,1991,PZA0003007,76,"서한, 비망록",28,"이 기록물철은 유엔 가입에 대해 한국 야당 대표 김대중이 미국 부시 대통령에게 보낸 서한과 한국 이 산가족 상봉에 관한 유영수(재미한인회 대표)의 서한에 대한 스코크로프트(Scowcroft)의 기록이다. 미국 은 재미한인회 대표인 유영수의 이산가족 상봉에 대한 관심과 노력을 잘 알았으며, 북한으로 하여금 이 산가족 상봉을 위해 적극적으로 나서게 해달라는 유영수의 요청도 잘 알겠다는 내용이다.","Ltr to Pres fm Korean Opposition Leader on UN Entry Kim Dae Jung | Memorandum from Brent Scowcroft to George Bush: Reply to Letter from Mr. Yung Soo Yoo Concerning Korean Family Reunions Korea, People’s Democratic Republic of"
PZA0003008,(North) (2),PZA0003008,부시,1991,PZA0003008,76,"서한, 비망록, 보고서",29,이 기록물철은 1991년 11월부터 1992년 5월 사이의 기록으로 유영수(재미한인회 대표)가 미국 부시 대 통령에게 보낸 북미 외교관계에 대한 서한과 스커드 미사일을 적재한 북한 선박의 경로 이탈에 관한 미 국의 논의 자료에 대한 것이다.,"Memorandum from Yung Soo Yoo to George Bush: Diplomatic Relations with North Korea | [Memorandum] from Yung Soo Yoo to the George Bush: Diplomatic Relations W/ North Korea | Memorandum of Information for the File | Letter from Frederick D. McClure to Robert G. Torricelli: November 19, 1991 | [Work Sheet] Urges the Administration to take Immediate Action to De-Route the North Korean Shipment of SCUD-C Missiles … | Reply to Rep Saxton on Scuds | Action Data Summary Report | Memorandum from Bruce O. Riedel to Brent Scowcroft: Reply to Congressman Saxton on Scuds | [Work Sheet] Urges the Administration to take Immediate Action to De-Route the North Korean Shipment of SCUD-C Missiles … | Memorandum of Information for the File | Letter from Yung Soo Yoo to George Bush: March 4, 1992 | [Work Sheet] … , As the First American, In North Korea at the Arts Festival Honoring the Korean Presi- dent’s 80th Birthday | Letter from Raymond J. McGrath to Nicholas Calio: May 13, 1992 | Letter from Nicholas E. Calio to Raymond J. McGrath: May 26, 1992 | [Work Sheet] Questions the Legitimacy of a Presidential Letter, Mar 27 92, Addressed to Yung Soo Yoo, Korean Family Reunion, Inc., … | Letter from Matthew Y. Ahn to George Bush: July 7, 1992"
PZA0003009,"Korea, Republic of (South) (1)",PZA0003009,부시,1989,PZA0003009,90,"서한, 회람문, 비망록, 보고서",30,"이 기록물철은 1989년 3월 16일, 중앙일보 한남규 워싱턴 지국장이 미국 부시 대통령 인터뷰를 요청한 것에 대한 응답 내용이다. 한·미관계에 대한 한국 언론의 사설을 미국측에 동향 보고로 첨부한 내용 그 리고 1989년 6월 14일 미국 부시 대통령이 한국 노태우 대통령에게 보내는 편지 내용이 포함되어 있다.","[Work Sheet] Requests Opportunity for Interview to Discuss Relations between the United Sates[States] and Korea | [Work Sheet] Encloses a Copy of the New Report Entitled: “Responsive & Responsible: Korea’s Trade Partnership with the United States” … | Responsive & Responsible: Korea’s Trade Partnership with the United States | [Work Sheet] Transmits a Letter from Mr. She-Jik Park, Director of the Agency for National Security Plan- ning of the Republic of Korea | Letter from George Bush to Roh Tae Woo: June 14, 1989 | Memorandum of Information for the File | [Work Sheet] … , Roh Tae Woo be invited to address a Joint Meeting of Congress, During his visite on Oct 16 89 | [Work Sheet] Forwards Copy of Letter to the President Requesting Support for Korean President Roh Tae Woo… | Letter from Jim Cicconi to Philip Hughes: September 14, 1989 | President Roh Tae Woo Departure | Memorandum: Departure Statement: President Roh Tae Woo | Departure Statement: President Roh Tae Woo, South Lawn | Memorandum: Departure Statement: President Roh Tae Woo | Memorandum from Stephen G. Rademaker to Chriss Winston: Departure Statement: President Roh Tae Woo | Memorandum: Departure Statement: President Roh Tae Woo | Memorandum from Roger B. Porter to Chriss Winston: Departure Statement: President Roh Tae Woo | Memorandum: Departure Statement: President Roh Tae Woo | Departure Statement: President Roh Tae Woo, South Lawn | Memorandum: Departure Statement: President Roh Tae Woo | Departure Statement: President Roh Tae Woo, South Lawn"
PZA0003010,"Korea, Republic of (South) (2)",PZA0003010,부시,1989,PZA0003010,51,"서한, 회람문, 명단, 메모기록",31,"이 기록물철은 1989년 10월 17일, 한국 노태우 대통령의 미국 방문에 대한 미국측의 논의 내용이다. 미국 부시 대통령은 한국 대통령에게 한국의 인권 문제에 대한 내용으로 편지를 보냈는데 이와 관련한 내용 그리고 브렌트 스코크로프트(Scowcroft)가 한국 상공부 장관과 회담하는 내용이 포함되어 있다.","[Work Sheet] Forwards Materials Explaining the General Development Corporation’s Problems in Korea | [Work Sheet] Write to Draw Attention to the Deterioration of Democracy in the Republic of Korea … | Memorandum from Christine Hathaway to Ambassador Reed: Korea - President Roh Tae Woo Official Visit October 17, 1989 | [Withdrawal Sheet] Draft from POTUS to Republic of Korea President Roh Tae Woo, re: visit to Washing- ton, D.C. | [Withdrawal Sheet] To Brent Scowcroft, re: attached message; contains CIA name | Memorandum of Information for the File | [Withdrawal Sheet] Memorandum of Conversation from Robert B. Porter, re: Visit of Korean Trade Minister | Partnership in Progress -- Korea’s Record and Commitment"
PZA0003011,"Korea, Republic of (South) (3)",PZA0003011,부시,1990,PZA0003011,106,"서한, 메모기록",32,"이 기록물철은 1990년 4월 19일 미국 백악관 경제 및 국내정책보좌관 로저 포터(Roger Porter)가 한국 한승수의 방미 기간 동안의 만남이 즐거웠다는 내용의 감사편지이다. 1990년 5월 23일 서울에서 개최된 제8차 前정부각료모임에 19명이 참여하여 선언문을 채택한 내용이 다. 선언문은 남북한 정부가 서로 평화 협력을 위해 적극적으로 노력해야 하며, 미국과 소련은 태평양과 인도양에서 군사력을 감소시키고, 동유럽의 정치적 안정을 위해서는 경제적 상황의 개선이 필요하다는 등의 세계 정세에 대한 개선 요구 사항이다. 이밖에 1990년 11월 28일 미국 부시 대통령이 이종구에게 보 내는 서한, 1991년 7월 2일 백악관에서의 한국 노태우 대통령 방미 환영행사에서 한국 노태우 대통령과 미국 부시 대통령의 건배사, 한반도 분단에 대한 우려를 표명한 사설에 대한 동향보고 등이 포함되었다.","Memorandum of Information for the File | [Work Sheet] Forwards, On Behalf of Helmut Schmidt, The Final Statement Adopted at the 8th Session of the Interaction Council, May (23-26) 90, In Seoul, Korea | Memorandum of Information for the File | [Work Sheet] Concerns regarding the Division of the Korean Peninsula | Letter from Roger B. Porter to Seung-Soo Han: April 19, 1990 | Memorandum of Information for the File | Letter from George Bush to Lee Jong Koo: November 28, 1990 | [Work Sheet] Expresses the View of the U.S. - Korea Business Council on Several Issues Relating to the Promotion and Expansion of Businesses in South Korea | [FOIA Marker] 2001-1704-F[1] | Arrival Ceremony for Pres. Roh Tae Woo of Korea, The South Lawn / July 2, 1991 / 10:00 am | Toast in Honor of President Roh Tae Woo of the Republic of Korea / The East Room / July 2, 1991 / 7:15 p.m. | Memorandum: Presidential Remarks: Arrival Ceremony and Toast for Pres. Roh Tae Woo | Orm Optical Disk Network | Memorandum from Dan McGroarty to George Bush: State Visit of South Korean President Roh Tae Woo | Unclassified | Memorandum: Presidential Remarks: State Visit of South Korean President Roh Tae Woo | Memorandum: Presidential Remarks: Arrival Ceremony and Toast for Pres. Roh Tae Woo | Presidential Remarks: Arrival Ceremony for President Roh Tae Woo of the Republic of Korea, The South Lawn, July 2, 1991, 11:00 am | Memorandum: Presidential Remarks: Arrival Ceremony and Toast for Pres. Roh Tae Woo | Memorandum from Stephen G. Rademaker to Tony Snow: Presidential Remarks: Arrival Ceremony and Toast for President Rah[Roh] Tae Woo | Memorandum from Roger B. Porter to Tony Snow: Presidential Remarks: Arrival Ceremony and Toast for President Roh Tae Woo | Memorandum: Presidential Remarks: Arrival Ceremony and Toast for Pres. Roh Tae Woo | Memorandum: Presidential Remarks: Arrival Ceremony and Toast for Pres. Roh Tae Woo | Once Again, Mr, President, It is a Great Pleasure to Have This Chance to Meet and To Renew Our Friend- ship | Memorandum: Presidential Remarks: Arrival Ceremony and Toast for Pres. Roh Tae Woo | Memorandum from Joseph Verner Reed to Phillip D. Brady: President of Korea - South Lawn Remarks | [Work Sheet] Suggestions on Views to be Raised at the Upcoming Meeting with President Roh Tae Woo | [Work Sheet] Suggestions on Views to be Raised at the Upcoming Meeting with President Roh Tae Woo"
PZA0003012,"Korea, Republic of (South) (4)",PZA0003012,부시,1991,PZA0003012,133,"서한, 노트",34,"이 기록물철은 1991년 5월 1일 미국 백악관 경제 및 국내정책 보좌관 로저 포터(Roger Porter)가 주 미 한국 대사관 영사관 장기호에게 만남이 즐거웠으며, 한·미관계를 돈독히 할 수 있는 유익한 시간이 었다며 감사를 표하는 서한이다. 1991년 7월 1일 한국 노태우 대통령과의 회담에서 제기된 한국측 요구와 미국측 요구에 대한 내용도 포함되어 있다. 미국 브렌트 스코크로프트(Scowcroft)는 미국 스탠리 포크너(Stanley Faulkner)가 한 국측에 한국의 민주주의 개혁(특히 인권문제)을 요구한 사항에 대해 한국도 그 필요성을 잘 알고 있으므 로 그렇게 전달하겠다고 답한 내용이 담겨있다. 그리고 자마이카 평화위원회(Jamaica Peace Council)가 미국 대통령에게 한·미 팀스피리트 훈련의 중단을 촉구하는 내용, 한국 정주영 현대 명예회장의 미국 대통령 면담 요청에 대해 미국측의 거부내용, 미국 대통령이 한국에 보낸 지지에 대해 감사하는 내용 등도 포함되었다.","[Work Sheet] Requests that during Meeting with South Korean President Roh Tae-Woo on Jul 2 91 … | [Work Sheet] Requests that during Meeting with South Korean President Roh Tae-Woo on Jul 2 91 … | [FOIA Marker] 2001-1704-F[1] | [Work Sheet] Urges Discussion of Democratic Reforms in South Korea in Talks with President Roh Tae Woo | [Work Sheet] Urges Discussion of Democratic Reforms in South Korea in Talks with President Roh Tae Woo | Letter from Hong-Choo Hyun to George Bush: July 8, 1991 | [Work Sheet] Appreciation for His Invitation to the State Dinner in Honor of President Roh | Memorandum of Information for the File | Memorandum from Ronald K. Peterson to Michael A. Levitt: State Proposed Report RE: S 1397, US-South Korea coproduction of F-16 aircraft | Letter from Brent Scowcroft to Stanley Faulkner: July 27, 1991 | Memorandum of Information for the File | Ltr fm Pres Roh Tae Woo of South Korea Thanking Pres for Successful US State Visit | Letter from Roger B. Porter to Ki-Ho Chang: May 1, 1991 | [Work Sheet] Urges the President to Influence the President of the Republic of Korea Not to Continue with the Annual Joint Military Exercise “Team Spirit 92” | [Work Sheet] Letter of Reflection of United States-Korean Relations. Looking forward to President’s Visit to Korea in Early 92 | Memorandum from James Keith to Brent Scowcroft: Response to Request for Hyundai Honorary Chairman Chung to meet the President | Letter from Roger B. Porter to Hong-Choo Hyun: April 28, 1992 | Memorandum of Information for the File | [Work Sheet] Expresses Gratitude for the Support the President has given to the Country of Korea"
PZA0003013,"Korea, Republic of (South) (5)",PZA0003013,부시,1992,PZA0003013,8,서한,35,"이 기록물철은 미국 프렌드 교회 사회복지 협회(American Friends of Service Committee) 사무국장 미스 카라 뉴엘(Kara Nuel)이 미국 대통령에게 한·미연합 팀스피리트(Team Spirit) 훈련의 취소를 강 력히 요청하는 내용으로, 최근의 북한 핵문제에 대한 국제적 공조가 이루어지는 만큼 북한을 불필요하게 자극할 수 있는 한·미연합 팀스피리트 훈련은 취소되어야 한다는 요구를 담고 있다.","[Work Sheet] Urges the President to Cancel the Team Spirit Joint U.S.-South Korea Military Exercises … Korea, Republic of (South)"
PZA0003014,Doc. No : 064824-193662,PZA0003014,부시,1989,PZA0003014,78,"메모, 리포트, 보고서, 전문",36,"이 기록물철은 1989년 7월부터 1990년 11월까지 부시 미국 대통령과 한국 측 인사 (노태우 대통령, 최 호종 외무부 장관, 이종구 국방부 장관)와의 회담 일정 및 내용 조율 등에 관한 것이다. 먼저 1989년 7월 20일 최호종 외무부 장관과의 회담 자리에서는 수입개방 문제에 관한 한국 정부의 양 해 촉구, 미국이 추진하고 있던 걸프만 지역에서의 군사 작전에 대한 지지 요청 사안으로 진행되었다. 그 밖에 1990년 5월 30일 노태우 대통령의 북미지역 순방일정에 따른 미국 대통령과의 친선목적의 비공식 회담에서는 친교활동 외, 한미관계의 쟁점 사안이었던 한국형전투기사업(KEP)과 미국의 수입개방정책 에 따른 미국 정부의 수퍼 301조 적용 문제에 대한 양국간 조율, 1990년 11월 한국의 이종구 국방부 장 관의 방미 일정과 관련하여 보낸 미국 국방부 명의의 제안서 등이 담겨있다. 제안서에서는 당시 미국의 “사막의 방패” 작전과 관련하여 한국의 군수 지원 및 국제사회에서의 지지 표명에 대한 감사 표명 및 지 속적 연대관계를 위해, 미국 대통령을 직접 예방할 수 있는 기회를 마련하겠다는 내용이 포함되어 있다.","Memorandum from Joseph W. Hagin to Brent Scowcroft: Approved Presidential Activity | [Withdrawal Sheet] POTUS to Brent Scowcroft, re: Paper on Korea | [Withdrawal Sheet] J. Stapleton Roy to Brent Scowcroft, re: ROK Request for Press Announcement | [Withdrawal Sheet] Department of State Executive Secretariat Transmittal Form, re: Letter from Republic of Korea President | [Withdrawal Sheet] Karl D. Jackson to Brent Scowcroft, re: The Korean Fighter Program(KEP) | Memorandum from Karl Jackson to Brent Scowcroft: Meeting with Foreign Minister Choi Ho Joong of the Republic of Korea (U) | Memorandum from Joseph W. Hagin to Brent Scowcroft: Approved Presidential Activity | [Withdrawal Sheet] G. Philip Hughes to Susan Porter Rose, re: Mrs. Bush’s Lunch with Mrs. Roh Tae Woo of Korea | [Withdrawal Sheet] Karl D. Jackson to Brent Scowcroft, re: The President’s Telephone Call from President Roh Tae Woo | [Schedule Proposal] Courtesy call by South Korean Minister of Defense Lee Chong-ku | [Schedule Proposal] Courtesy call by South Korean Minister of Defense Lee Chong-ku Korea, Republic of (South)"
PZA0003015,Doc. No : 195151-196043,PZA0003015,부시,1989,PZA0003015,,"메모, 보고서, 브리핑 문서, 기록물 매수 81 형 태 회람문",37,"이 기록물철은 1990년 6월 6일 한국 노태우 대통령의 공식 방미일정 및 정상회담에 대한 내용이다. 동 회담에서는 북한 문제와 관련한 한일 정상회담의 주요 내용, 한미간 안보문제 및 무역분쟁에 관해 논의 되었다. 특히, 동 정상회담에서는 다음과 같은 내용을 논의 및 합의하였다. 첫째 미국 정부는 사회주의 국가들에 대한 한국의 북방정책을 지지하고, 둘째 북한 문제에 관하여 미국 정부는 한국의 ‘평화통일정 책’을 지지하되 그 구체적 방법은 남북간 ‘대화’를 통해서 협력해야한다는 점을 분명히 하며, 셋째 한미 양국은 ‘자유공정’ 무역에 대한 공동의 인식과 이해를 추구하기로 합의하였다. 단, 한국-소련 정상회담 에 대한 북한의 반응, 북한 제재 조치에 대한 북미 관계 등 현황 정보와 정상회담의 합의내용에 따른 이 행조치 사안에 대하여서는 비공개 기록물 목록으로 내용을 확인할 수 없다.","Memorandum from Joseph W. Hagin to Brent Scowcroft: Approved Presidential Activity | Memorandum from J. Stepleton Roy to Brent Scowcroft: Draft Press Statement for the Visit by Korean President Roh Tae Woo | [Withdrawal Sheet] Robert M. Kimmitt to POTUS, re: Office Call by Korean President Roh [Tae Woo] | Memorandum from J. Stepleton Roy to Brent Scowcroft: Additional Talking Points for the President’s Use in his June 6, 1990, Meeting with Korean President Roh | [Withdrawal Sheet] Additional Points to Maked with President Roh [Tae Woo of Republic of Korea] | [Withdrawal Sheet] Notecards, re: Points to Be Made for Meeting with President Roh Tae Woo of the Re- public of Korea | [Withdrawal Sheet] Brent Scowcroft to POTUS, re: Meeting with President Roh Tae Woo of the Republic of Korea | [Withdrawal Sheet] Points to Be Made for Meeting with President Roh Tae Woo of the Republic of Korea | Participants | [Withdrawal Sheet] Re: Government report | [Withdrawal Sheet] Points to Be Made for Meeting with President Roh Tae Woo of Republic of Korea | [Withdrawal Sheet] J. Stapleton Roy to Brent Scowcroft, re: Additional Fact Sheet for the Office Call of Korean President Roh Tae Woo, June 6, 1990 | Memorandum from J. Stepleton Roy to Brent Scowcroft: Talking Points for the President’s Use in his June 6, 1990 Meeting with Korean President Roh | [Withdrawal Sheet] Points to Make with President Roh [Tae Woo of Republic of Korea] | [Withdrawal Sheet] J. Stapleton Roy to Brent Scowcroft, re: Fact Sheets for the Office Call of Korean Presi- dent Roh Tae Woo, June 6, 1990 | [Withdrawal Sheet] North Korean Reaction to Roh-Gorbachev Meeting | [Withdrawal Sheet] North Korea Safeguards | [Withdrawal Sheet] U.S.-DPRK [Democratic Republic of Korea] Relations | [Withdrawal Sheet] Inter-Korean Relations | [Withdrawal Sheet] Korea: Republic of Korea-Soviet Relations | [Withdrawal Sheet] U.S.-ROK Issues | [Withdrawal Sheet] Douglas Paal to Brent Scowcroft, re: Meeting with President Roh Tae Woo of the Re- public of Korea, June 6, 1990, 10:00-10:45 a.m. EDT | Participants | [Withdrawal Sheet] ROK Campaign to Become Full Member of the UN [United Nations] | [Withdrawal Sheet] J. Stapleton Roy to Brent Scowcroft, re: Request for a Meeting with the President by Korean President Roah[Roh] Tae Woo | Memorandum from J. Stapleton Roy to Brent Scowcroft: Participants in the June 6, 1990 Meeting between the President and Korean President Roh | [Withdrawal Sheet] Schedule Proposal, re: Office Meeting with Republic of Korea President Roh Tae-woo [sic] | Participants | [Withdrawal Sheet] Douglas Paal to Brent Scowcroft, re: SP [Schedule Proposal]: President Roh Tae-woo [sic] of Korea, June 6, 1990 | Itinerary for President Roh | Fact Sheets for Pres Roh Office Call / Jun 6 | Talking Points for MTG W/ Pres Roh / Jun 6 | Participants in MTG W/ Pres Roh / Jun 6 | Request for MTG W/ Pres Korean Pres Roh | Action Data Summary Report | Request for MTG W/ Pres Korean Pres Roh | Additional Fact Sheet for Pres Roh Office Call / Jun 6 | [Withdrawal Sheet] NSC Correspondence Profile Sheet, re: POTUS Meeting with President Roh Tae Woo of Republic of Korea | Draft Press Statement for Pres Roh Visit / Jun 6 | Action Data Summary Report | Draft Press Statement for Pres Roh Visit / Jun 6 | Action Data Summary Report | Addl Talking Points for Roh OFC Call | Action Data Summary Report | Addl Talking Points for Roh OFC Call | Additional Talking Points for MTG W/ Pres Roh / Jun 6 | Action Data Summary Report | SP for 6 Jun MTG W/ Roh of Korea | Action Data Summary Report | Approved Pres Activity / MTG W/ Pres Roh 6 Jun | Action Data Summary Report | Approved Pres Activity / MTG W/ Pres Roh 6 Jun | [Withdrawal Sheet] Brent Scowcroft to POTUS, re: Meeting with South Korean Minister on National De- fense Lee Jong Koo Korea, Republic of (South)"
PZA0003016,Doc. No : 257263-353970,PZA0003016,부시,1989,PZA0003016,,"메모, 보고서, 브리핑 문서, 기록물 매수 78 형 태 회람문",39,"이 기록물 철은 미국의 백악관 국가안보보좌관 브렌트 스코크로프트(Brent Scowcroft)와 한국의 주미 대사 현홍주와의 회담, 스코크로프트와 김영삼 당시 통일민주당 총재와의 회담 주선과 관련된 내용이다. 현홍주 주미대사와의 회담에서는 당시 한국 유엔가입에 관한 미국의 노력에 대한 한국의 감사를 전달하 고 1990년 6월 6일로 예정된 한미 정상회담 일정을 조율하는 내용으로 진행되었다. 김영삼 당시 통일민 주당 총재와의 회담과 관련하여서는 김영삼 총재가 세계경제 및 국제관계 연구소의 초청을 받아 1990년 6월 2~15일 간의 일정으로 모스크바에 체류하며 이에 따라 헨리 키신저(Henry Kissinger)에게 미국 정부의 주요인사와의 면담을 요청한 바, 헨리 키신저가 부시 정부의 핵심인사인 스코크로프트에게 김영 삼과의 회담을 제안하는 내용과 동 제안에 따라 스코크로프트가 김영삼과 모스크바에서 만나 회담을 가 졌다는 내용이 포함되어 있다.","[Withdrawal Sheet] Douglas Paal to Brent Scowcroft, re: Your Meeting with Ambassador Hyun Hong-Choo of Korea, May 17, 1991, 4:00-4:15 p.m. EDT | [Transmittal Form] for William F. Sittmann: June 13, 1991 | [Withdrawal Sheet] William F. Sittmann to W. Robert Pearson, re: Request for Assistance for Korean Presi- dent’s Visit | Memorandum from Douglas Paal to William F. Sittmann: Memorandum of Conversation for Meeting with Korean President Roh Tae Woo, June 6, 1990 | [Withdrawal Sheet] Memorandum of Conversation from Robert B. Porter, re: Meeting with Korean Trade Minister [double-sided] | [Withdrawal Sheet] Douglas Paal to Brent Scowcroft, re: Porposed[Proposed] Meeting with Kim Young- sam | [Withdrawal Sheet] Douglas Paal to Brent Scowcroft, re: Your Meeting with Korean Reunification Demo- cratic Party President Kim Young-sam, June 14, 1989, 3:00 p.m. - 3:30 p.m. | [Withdrawal Sheet] Department of State Executive Secretariat Transmittal Form, re: letter fro[from] Roh Tae Woo to POTUS regarding South Korean efforts | [Withdrawal Sheet] POTUS to President Roh Tae Woo of the Republic of Korea"
PZA0003017,C.F.:Case Number 159351,PZA0003017,부시,1989,PZA0003017,,"메모, 보고서, 브리핑 문서, 기록물 매수 9 형 태 회람문",41,"이 기록물철은 미국 부통령 퀘일의 방한 일정 및 동 일정 중 주한미군 재배치 안을 시사한 내용이다. 특히 당시 미국 부통령 퀘일은 용산의 미8군을 방문한 자리에서 1995년 9월까지 현재 주한미군의 위치 를 수도 이남인 대전 부근에 재배치할 것을 시사하였다. 동 기록물철 내의 신문기사 내용에서, 당시 뉴욕타임즈 보도를 비롯한 미국의 주요 언론 및 여론이 1990년 중반 이후 미군의 한반도 주둔은 ‘비용’ 문제로 인해 불필요하다고 주장하고 있고, 이는 당시 노태우 대통령의 북방 정책 및 소련 붕괴에 따른 냉전 해체 구도와 연결되어 있다는 점이 기술되어 있다.","[Withdrawal Sheet] Karl D. Jackson to Brent Scowcroft, re: USFK [United States Forces Korea] and the Quayle Visit"
PZA0003020,Case Numbers 022241,PZA0003020,부시,1989,PZA0003020,11,개요서,41,"이 기록물철은 도날드 피니 그레그(Donald Phinney Gregg)의 주한 미국대사 임명 및 약력에 관련 된 내용이다. 그레그 주한 미국대사는 미국 국무부 아시아 담당 부서의 한국 담당관으로 18년간 근무하였고, 당시 부시 대통령의 부대통령 재직시절 국가안보보좌관으로 재직하면서 대외정책 및 방위정책, 대외 정보수집 담당 업무를 수행한 경력과 제2차 세계대전 기간 중 미 육군으로 참전한 경력도 지니고 있다는 내용이다.",Nomination of Gregg as Amb to ROK
PZA0003021,Case Numbers 025346,PZA0003021,부시,1989,PZA0003021,5,서한,42,"이 기록물철은 한국 국회 명의로 미국의 백악관 국가안보보좌관 브렌트 스코크로프트와 한국의 신민주 공화당 김종필 총재와의 회담에 대한 감사 서한이다. 동 서한의 내용에서는, 당시 한미 관계 하의 쟁점사 안으로서, 미국의 수입개방조치에 따른 한미 무역분쟁과 이에 따른 한국 내 반미감정 확산 문제가 있었 으며, 동 갈등을 해결하기 위해 한국의 신민주공화당이 노태우 정부의 대미 정책을 지지하며, 이에 따라 미국 부시 정부와 지속적 우호관계를 유지할 것임을 표명하고 있다.",Ltr fm Natl Assembly Re Korea
PZA0003022,Case Numbers 035020,PZA0003022,부시,1989,PZA0003022,11,"서한, 개요서",42,"이 기록물철은 사무엘 홉킨슨(Samuel Hopkinson)이 미국의 국가안보보좌관 브렌트 스코크로프트 (Brent Scowcroft)와의 면담이 예정되어 있는 한국의 민주정의당 최고위원 김종권을 소개하는 내용이 다. 김종권은 노태우 정권 하에서의 핵심 인사로서 한미 무역분쟁에 따른 한국 내 반미감정의 확산, 남 북한 유엔 동시가입 문제 등 현안 해결에 있어, 미국 정부가 접촉하여 합의에 도달할 수 있는 인사로 소 개되고 있다. 김종권 의원은 군부출신으로 당시 한국 여당인 민주정의당의 총재급 인사로, 추후 노태우 정부의 국가안보보좌관에 임명될 예정이며, 한국 내 대표적 친미 인사로서 당면 현안의 해결에 도움이 될 것이라는 내용이 포함되어 있다.",Ltr Re Introduction of Mr Keon to Scowcroft during the Week of 27 Feb
PZA0003024,Case Numbers 292375,PZA0003024,부시,1991,PZA0003024,6,메모,43,"이 기록물철은 미국 국가안전보장회의 수석보좌관 토켈 패터슨(Torkel Patterson)이 미국 백악관 국가안보보좌관 브렌트 스코크로프트(Brent Scowcroft)에게 보내는 문서로서, 스코크로프트와 한국의 워싱턴 주재 미국대사 현홍주와의 회담과 관련한 정보를 전달하는 내용이다. 구체적 문서의 내용 및 정 보는 비공개 기록물 목록으로서 확인할 수 없다.","[Withdrawal Sheet] Torkel Patterson to Brent Scowcroft, re: Your Meeting with Ambassador Hyun of the Republic of Korea: 8:45 a.m. November 27, 1991"
PZA0003026,C.F.:Case Number 156697,PZA0003026,부시,1989,PZA0003026,12,"보고서, 발언요지문",44,"이 기록물철은 도날드 그레그(Donald Gregg)의 주한미국대사 임명 및 출국과 관련하여, 부시 미국 대통령과의 가진 면담과 관련한 내용이다. 미국 백악관 브렌트 스코코로프트(Brent Scowcroft)가 미국 대통령에게 보고한 문서에 따르면, 도날드 그레그는 주미대사로서 파견 직후 노태우 대통령과의 회담이 계획되어 있으며, 동 회담에서는 노태우 대통령의 방미일정시 미국 양원 합동회의에서의 연설내용을 조율하는 내용이 포함되어 있다. 기타 도날드 그레그의 출국 환송식 행사에서의 사진촬영 계획에 관한 내용과 부시 미국 대통령의 발언요지에 대한 내 용이 포함되어 있으나, 발언요지에 관련된 내용은 본 기록물철에 포함되어 있지 않아 확인할 수 없다.","Memorandum from Joseph W. Hagin to Brent Scowcroft: Approved Presidential Activity | Meeting with Donald P. Gregg, Ambassador to the Republic of Korea | [Withdrawal Sheet] Notecards, re: Points to Be Made at Meeting/ Photo Op [with] Donald P. Gregg, Ambas- sador to the Republic of Korea | [Withdrawal Sheet] Points to Be Made at Meeting/ Photo Op [with] Donald P. Gregg, Ambassador to the Republic of Korea | Memorandum from Douglas Paal to Brent Scowcroft: President’s Meeting with Donald Gregg, Thursday, September 14, 1989, 1:25 - 1:40 p.m. | from Brent Scowcroft to George Bush: Pres MTG W/ Gregg 14 Sep Re Korea | Action Data Summary Report | from Hagin, J to Brent Scowcroft: Pres MTG W/ Gregg 14 Sep Re Korea | Action Data Summary Report"
PZA0003027,Case Number 079505,PZA0003027,부시,1989,PZA0003027,34,서한,45,이 기록물철은 한국의 수산물 수입 무역제재조치 미부과 결정에 대한 미국 의회 내에서의 논의 및 유자망 어업에 대한 한국과의 합의에 대한 내용이다.,"[Work Sheet] Encloses a Draft Letter Informing Congress of the Decision Not to Impose Trade Sanctions against Korean Fish Imports … | Letter for Thomas S. Foley | Letter for Dan Quayle | Text of a Letter from the President to the Speaker of the House of Representatives and the President of the Senate | Memorandum from Jerry W. Leach to Brent Scowcroft: Korean Agreement on Driftnets | Letter from Robert A. Mosbacher to George Bush: October 5, 1989 | Draft Letter for Thomas S. Foley | Letter from George Bush to Dan Quayle: August 28, 1989 | from George Bush to Thomas S. Foley: Korean Agreement on Driftnets | from George Bush to Dan Quayle: Korean Agreement on Driftnets | Follow-Up Report Re Driftnet Agreement with Korea | Driftnet Impact Monitoring Assessment & Control Act of 1987 | Action Data Summary Report"
PZA0003028,Case Number 260475,PZA0003028,부시,1991,PZA0003028,22,서한,46,이 기록물철은 미국 부시 대통령에게 한국과 사우디아라비아에 네 종류의 무기 판매 보류를 확정짓지 말 것을 요청한다는 상원의 서한 내용이다.,[Work Sheet] Asks the President to Refrain from Finalizing the 4 Pending Arms Sales and Future Sales to Korea or Saudi Arabia … | [Work Sheet] Asks the President to Refrain from Finalizing the 4 Pending Arms Sales and Future Sales to Korea or Saudi Arabia …
PZA0003029,Case Number 293706SS,PZA0003029,부시,1991,PZA0003029,8,비망록,46,이 기록물철은 미국 스코크로프트(Scowcroft)가 미국 부시 대통령에게 미국 빌리 그라함 (Billy Gra- ham) 목사의 북한 방문에 대해 알리는 비망록이다. 빌리 그라함 목사가 3월 말이나 4월 초에 설교(오직 2개 교회에서만 설교)와 대학에서의 강연을 목적 으로 방북할 예정임을 미국 부시 대통령에게 알리는 내용이다.,Memorandum from Brent Scowcroft to George Bush: Billy Graham to Visit North Korea
PZA0003030,C.F.: Case Numbers 160330,PZA0003030,부시,1989,PZA0003030,10,회람문,47,"이 기록물철은 미국국가안보위원회(National Security Council)의 사무국장 필립 휴즈(Philip Hughes)에게 미국 상공부 장관 모스바처(Mosbacher)가 9월 9일부터 25일까지 한국, 일본, 대만, 인도, 터키, 헝가리, 폴란드, 벨기에, 스위스, 영국을 대통령 특사의 자격으로 방문하는 것에 대해 보고 하는 내용이다. 방문목적은 태평양 지역에서의 경제협력, 한국으로 하여금 수퍼 301조를 준수하도록 요 구하는 것 등이다.","[Transmittal Form] for Philip Hughes: August 10, 1989"
PZA0003032,C.F.: Case Numbers 300125,PZA0003032,부시,1991,PZA0003032,10,"비망록, 메모",47,"이 기록물철은 APEC 각료회의 참석을 위해 예정된 미국 베이커의 서울 방문(11월 12~14일)에 관한 것이다. 방문 의제, 배경 설명, 성명서 핵심 협의사항에 대한 준비내용이며, 방문 전까지 시기별 준비사 항을 표기하였다.",State Tasker for SEC Baker Prospective Trip to Seoul for Ministerial MTG on Asia - Pacific Economic Cooperation / Apec 12 - 14 Nov
PZA0003034,Case Numbers 368314,PZA0003034,부시,1992,PZA0003034,15,서한,48,"이 기록물철은 미국 부시 대통령과 한국 노태우 대통령이 주고 받은 서한이다. 1992년 11월 14일, 한국 노태우 대통령은 수확의 계절을 맞이하여 한국의 맛있는 과일과 함께 마음을 전한다는 서한을 보냈다. 1992년 12월 8일 미국 부시 대통령은 자신의 어머니 기념일에 한국 노태우 대 통령이 꽃과 배를 보내주어서 매우 고맙다는 감사의 내용이다.","Letter from George Bush to Roh Tae Woo: December 8, 1992 | [Request for Clearance-Comments] POTUS letter to the President of Korea | Letter for Korean Pears that all being Delivered around 4 today | [Withdrawal Sheet] President Roh Tae Woo of the Republic of Korea to POTUS [Korean language] | Letter from Roh Tae Woo to George Bush: November 14, 1992"
PZA0003035,Case Numbers 073292,PZA0003035,부시,1989,PZA0003035,6,서한,48,이 기록물철은 한국 노태우 대통령이 백악관에 참석하는 한국 이상훈 장관을 통해 커프스 링크와 넥타이핀을 미국 부시 대통령에게 선물하였고 1989년 8월 16일에 미국 부시 대통령은 이에 대해 감사하 다는 답신을 전달한 내용이다.,"Letter from George Bush to Roh Tae Woo: August 16, 1989"
PZA0003036,Case Numbers 263283,PZA0003036,부시,1991,PZA0003036,21,서한,49,"이 기록물철은 1991년 7월 23일, 한국 노태우 대통령이 미국 부시 대통령 부부에게 백자와 화병, 보석함 을 선물하였는데 이에 대해 미국 부시 대통령이 고맙다고 답신한 내용이다. 선물관리부서에 전달된 선 물 목록도 포함되어 있다.","Letter from George Bush to Roh Tae Woo: July 23, 1991 | [Request for Clearance-Comments] Thank-you for meeting and gifts of porcelain vase, cloisonne jewelry box, and gold coin | [Withdrawal Sheet] Draft letter from President Roh Tae Woo of the Republic of Korea to POTUS, re: Visit to White House and U.S.-Korean relations | Dispatch Thru State | [Memo] from Bill Farish to Gift Unit: 7-5-91 | White House Gift Unit: Gold Coin | Memorandum from Charles to Gane: 7-5-91 | White House Gift Unit: Vase | White House Gift Unit: Jewelry Box | White Porcelain | Remarks by the President and President Roh Tae Woo of the Republic of South Korea Upon Arrival"
PZA0003037,C.F.:Case Number 176173,PZA0003037,부시,1990,PZA0003037,10,서한,50,"이 기록물철은 1990년 6월 16일, 노태우 대통령이 한국전쟁 40년을 기하여 보낸 서한이다.","[Transmittal Form] for William F. Sittmann: August 1, 1990"
PZA0003038,Case Number 202053,PZA0003038,부시,1990,PZA0003038,7,서한,50,이 기록물철은 1990년 12월 19일 현홍주 대사가 미국 부시 대통령에게 보내는 감사 서한이다. 유엔 총회에서 한국 회원국 가입에 대한 미국 부시의 지지 덕분에 한국의 유엔 가입이 이루어질 수 있었다는 감사를 표하는 내용이다.,Ltr of Thaks RE Korea Membership in UN during 1990 GEN Assembly Session
PZA0003039,C.F.:Case Number 154532,PZA0003039,부시,1989,PZA0003039,11,"서한, 회람문, 메모",51,이 기록물철은 한국의 홍수 및 대한항공 피격사건에 대한 미국 부시 대통령의 위로 메시지에 대해 노태우 대통령이 보낸 감사 편지이다.,[Transmittal Form] Thank you for the kind message of condolence over the flood and the Korean air crash
PZA0003040,C.F.:Case Numbers 262958,PZA0003040,부시,1991,PZA0003040,5,"서한, 회람문, 메모",51,"이 기록물철은 미국 부시 대통령이 광복 46주년과 관련하여 한국 노태우 대통령에게 보낸 서한으로, 미국 정부와 국민을 대신하여 미국 부시 대통령은 한국의 정치경제 발전을 높이 평가하며, 한국인들에 게 격려와 응원을 보낸다는 내용이다.",PRES Cable to Pres Roh Tae Woo of South Korea re 46th Anniv of Independence
PZA0003043,Case Number 053239,PZA0003043,부시,1989,PZA0003043,15,서한,52,"이 기록물철은 1989년 7월 1일, 부산에 거주하는 한국 오징어 어장망 어민협회(Korean Squid Drift- net Association)의 장봉이 미국 부시 대통령에게 보낸 서한으로 미국의 북태평양어업협정 입법안에 대해 강력히 반대한다는 내용이 담겨있다. 미국의 국내법 때문에 한국의 원양어업이 피해를 받는 것에 대한 우려 표명과 이에 대한 해결을 위해 5가지 해결방안을 제시하며, 이에 동참하는 한국 어업회사 대표 80여 명의 서명을 함께 보낸 것이다.",[Work Sheet] Encloses copy of resolution strongly opposing the unreasonable demands …
PZA0003044,Case Numbers 006983SS,PZA0003044,부시,1989,PZA0003044,47,"비망록, 서한",52,"이 기록물철은 1989년 2월 16일, 제임스 치코니(James W. Cicconi)는 미국 부시 대통령에게 한국 연합통신과의 인터뷰 내용에 대한 리뷰를 보낸 것으로 구성되었다. 인터뷰 내용에는 사회주의 국가와 한국 간 정치경제 협력에 대한 미국 부시 대통령의 견해, 1988년 10월 UN총회에서의 한국 노태우 대통령의 연설 전에 노 대통령이 북한, 일본, 중국, 소련, 미국, 한국의 6자 회담을 제안한 것에 대한 미국의 입장 등이 나타나 있다. 한국은 중국이나 소련과 관계 개선을 위해 유 지하는 반면 북한의 개방에 대해 요구를 했으며, 워싱턴과 평양 간의 관계도 개선될 것을 희망하였는데, 이에 대한 미국의 입장은 무엇인가에 대한 것과, 한국 내에서 급진학생운동이 미군과 미국에 대해 반대 입장을 취하고 있는데, 가까운 장래에 미군의 철수에 대해 구상하고 있는가에 대한 질문이 제기되었다.","Letter from james W. Cicconi to the President: Feb 16, 1989 | Memorandum: Written Presidential Interview with the Yonhap News Agency | Memorandum from William R. Harlow to James W. Cicconi: Written Presidential Interview with Yonhap News Agency"
PZA0003045,Case Numbers 129480SS,PZA0003045,부시,1990,PZA0003045,36,"비망록, 서한",53,"이 기록물철은 1990년 4월 9일, 제임스 치코니(James W. Cicconi)가 미국 부시 대통령에게 한국 동아일보와의 인터뷰 내용에 대해 리뷰를 보낸 것이다. 이 리뷰에는 국가안전보장회의(NSC), 예산관리 국(OMB), 각료위원회(Cabinet Affairs), 정책개발국(Policy Development)의 검토가 모두 반영되어 있 다. 인터뷰 내용은 정치, 무역, 안보의 모든 영역에서 한·미관계가 연결되어 있는데 오늘날의 한·미관계 의 특징과 성공정도에 대한 미국 부시 대통령의 평가, 미군의 철수가 단계적으로 이루어질 것인가에 대 한 문제, 한국의 통일 방안에 대한 견해, 북한은 고르바초프의 사례를 참고하여 완화될 수 있을 것인가, 한반도에 여전히 드리워져 있는 냉전의 긴장감을 해소하고 남북한이 대화하기 위해 미국은 어떤 역할을 할 수 있는가, 말타 회담에서 한국 문제에 대해 무엇을 논의할 것인가, 한·미 통상 문제가 계속 활발히 다루어지고 있는데 핵심 문제는 무엇이며, 이에 대해 한국 내에서 나타나고 있는 반미 감정에 대해 어떻 게 생각하는가 등의 내용이 포함되어 있다.","Letter from james W. Cicconi to the President: Apr 9, 1990 | Written interview for South Korean Newspaper, Dong-A Ilbo | Memorandum from Roman Popadiuk to James W. cicconi: Written Interview | Written interview for South Korean Newspaper, Dong-A Ilbo | Memorandum from Stephen G. Rademaker to Roman Popadiuk: Written Interview for South Korean News- paper, Dong-A Ilbo | Memorandum: Written Interview for South Korean Newspaper, Dong-A Ilbo | Memorandum: Written Interview for South Korean Newspaper, Dong-A Ilbo | Memorandum: Written Interview for South Korean Newspaper, Dong-A Ilbo"
PZA0003046,Case Number 251369,PZA0003046,부시,1991,PZA0003046,12,비망록,54,"이 기록물철은 1991년 7월 1일, 한국의 호두 수입 금지 조치에 대한 미국의 우려와 이에 대해 7월 2일, 노태우 대통령 방미시에 논의 할 것을 미국 부시 대통령에게 요청하는 내용이다. 1991년 7월 2일 한국 노 태우 대통령과 무역 문제 해결을 위해 회담이 예정된 것과 관련해 그 자리에서 한국 시장에 공정하게 접 근하기 위해서는 미국 농산품이 특별히 더 강조되어야 한다고 하원에서 요구. 양국 대표들이 이미 1991년 초에 만나 미국산 호두 수입을 금지하는 것에 대해 한국 정부가 우호적인 프로토콜을 마련할 것을 논의한 바 있지만 여전히 해결되지 않음에 대해 한국 대통령이 더욱 노력해야 한다는 것을 강조하는 내용이다.",[Work Sheet] Concerns Regarding the South Korean Ban on Walnut Imports and Requests matters be dis- cussed during visit of President Roh Tae Woo | [Work Sheet] Concerns Regarding the South Korean Ban on Walnut Imports and Requests matters be dis- cussed during visit of President Roh Tae Woo
PZA0003048,Case Number: 318875,PZA0003048,부시,1991,PZA0003048,9,"메모, 서한, 비망록, 발언요지",55,"이 기록물철은 미국 부시 대통령의 아시아 순방을 위한 호주와 한국에 대한 현황을 브리핑한 자료이다. 한국, 일본, 대만의 원양어업 갈등에 대한 미국과 UN의 노력이 있었고 이에 대해 일본은 조기에 협조하 였으며, 한국도 UN의 해결책을 따르기로 합의하였다는 점, 대만은 긍정적인 태도를 취하고 있지만 국내 적인 압력에 대처하여 협력에 시간이 걸릴 것이라는 내용을 포함하고 있다.","Memorandum to Brent Scowcroft: Updated Briefing Materials for President Bush’s Trip to Asia | ADDL briefing Materials for Pres Upcoming Trip to Asia / Singapore Draft Toast / Australia & Korea Back- ground Papers & Korea Talkers | ADDL briefing Materials for Pres Upcoming Trip to Asia / Singapore Draft Toast / Australia & Korea Back- ground Papers & Korea Talkers | ADDL briefing Materials for Pres Upcoming Trip to Asia / Singapore Draft Toast / Australia & Korea Back- ground Papers & Korea Talkers | Memorandum to Brent Scowcroft: Additional Briefing Materials for President Bush’s Upcoming Trip to Asia Far East Pre-Advance,"
PZA0003050,Japan-China-Korea (Canada),PZA0003050,부시,1989,PZA0003050,55,"보고서, 메모",56,"이 기록물철은 미국 부시 대통령이 도쿄, 베이징, 서울 그리고 오타와를 순방하기 전에 사전에 해당지 역의 현황을 파악한 보고서이다. 그 외 미국 부시 대통령의 항공기(Airforce One) 운항 및 대통령의 이 동 계획이 시간 단위로 자세히 기록되어 있고 교통, 수행원 개인정보, 각종 유명 고궁과 방문지 안내 등 도 포함되어 있다.","Pre-Advance pool report for Presidential Trip | Bush Trip to Tokyo, Beijing, Seoul and Ottawa Briefing Book: President’s Trip to"
PZA0003051,"Japan, China, and Korea - 2/22-27/89",PZA0003051,부시,1989,PZA0003051,46,보고서,56,"이 기록물철은 미국 부시 대통령이 도쿄, 베이징, 서울을 순방하기 전에 사전에 해당지역의 현황을 보고하는 보고서이다. 국가별 일반 정보, 지도, 역사적 배경, 사회적 특징, 종교, 국민 현황, 언어, 정치·경제·사회적 발전 상황, 외교관계, 주요 정치인들의 개인이력, 현지 대사관 정보, 각종 행사에서의 연설문, 각국과 미국과 의 관계, 세부일정, 증정 선물, 그 외 일본, 중국, 한국을 둘러싼 아시아 국가들에 대한 개요, 미국 부시 대통령과 영부인의 개인이력 등이 제시되었다. 한국에 대해서는 최근 가장 경제적으로 급속히 발전하여 GNP가 2배에 이르렀으며, 미국의 7번째 큰 교역상대국이고, 특히 자동차와 전자제품에서 생산제품의 질이 뛰어나 미국, 일본 등 세계 각지에 수출을 하고 있다고 보고하고 있으며, 정치적으로는 민주주의 수 준도 높아지고 있으며 이에 대해 미국이 전폭적으로 지지하고 있다는 보고 내용이 포함되어 있다. 한국 의 주요 정치적 인물에 대해서는 한국 노태우 대통령, 강영훈 총리, 최호중 외무부 장관, 이상훈 국방부 장관, 김채선 국회의장에 대해 자세히 소개하고 있다.","The Trip of President Bush to Japan, The people’s Republic of China, and the Republic of Korea 2/12/90 Meeting with"
PZA0003052,Dr. Seung-Soo Han,PZA0003052,부시,1990,PZA0003052,17,"명단, 서한, 이력서, 보고서",57,"이 기록물철은 한국 한승수 상공부 장관의 방미 일정과 관련하여, 미국 대통령 경제자문위원회 및 동 사안과 관련된 미국 정부 관료, 미국 민간인사, 한국 관료 사이에 수발신 된 문서로 구성되어 있으며, 동 기록물 상에는 방문인원의 인적사항 및 방문일정에 관한 정보를 미국 상무부, 미국 대통령 경제자문위원회 등에 전달하는 내용이 포함되어 있다. 이 기록물 철/건 상에서의 내용은 닉슨 및 포드 행정부에서 통상교섭특별대표부 대표를 지낸 경제학자 윌리엄 에벌리(William Eberle)가 마이클 보스킨(Michael Boskin)에게 전달한 서한에 있다. 기타 상기의 방미 일정에는 김철수 상공부 차관, 손명현 경제수석, 정덕영 상무관이 배석하였고, 한미 상공부 장관회 의, 미국 국제경제 연구소 방문, 대통령 경제자문위원회 위원들이 배석한 미 정부관료 및 의회대표단과 의 간담회 등 동 방미일정을 통해, 미국 주요 경제인사들과의 만남을 가진 것으로 확인된다.","[Withdrawal Sheet] Re: Information Requested by the White House Regarding Minister Han’s Visit; birth- dates and addresses redacted | Letter for Ms. Williams | [Withdrawal Sheet] W. D. Eberle to Michael J. Boskin, re: Requester meeting for South Korean Minister of Trade and Industry Dr. Seung Soo Han; home address redacted | Letter from W. D. Eberle to Michael J. Boskin: Jan 17, 1990 | Letter from Myong-Hyun Sohn to Michael J. Boskin: Jan 19, 1990 | [Withdrawal Sheet] Biography, re: Seung-Soo Han, Minister of Trade and Industry for the Republic of Ko- rea; birthdate redacted | Seung-Soo Han Minister of Trade and Industry Republic of Korea | Embassy of the Republic of Korea Washington, D. C. 12/18/90 Meeting with Dr. Soon Cho, Special Envoy of"
PZA0003053,the President of Korea,PZA0003053,부시,1990,PZA0003053,7,"비망록, 명단, 서한",58,"이 기록물철은 미국측(베이커(Baker) 장관, 힐스(Hills) 대사, 스코크로프트(Scowcroft) 보좌관에게 마이클 보스킨(Michael Boskin)이 한·미 우호관계에 대해서 강조한 내용이다. 면담에는 한국측에서 박동진 대사, 최영진 영사, 현정익 경제기획위원회 위원, 박산기 외무부 무역담당, 이계식이 참여하였고, 미국에서는 경제자문위원회(CEA), 해리 브로드맨(Harry Broadman), 보스킨의 비서, 경제학자 나오미 스미스(Naomi Smith)가 참여하였다. 그 외에 조순의 방문에 대해 영사가 조순의 개인 이력을 소개하고 미국측에 스케줄과 협의사항을 요청하는 서한도 포함되어 있다.",Memorandum from Michael J. boskin to Secretary baker: Meeting with South Korean President Roh’s Special Envoy Cho Soon | [Withdrawal Sheet] Re: Meeting w/ Special Envoy of Korean President birthdates redacted
PZA0003054,Korean Fighter Program,PZA0003054,부시,1990,PZA0003054,9,"서한, 비망록, 메모",59,"이 기록물철은 한국 전투기 프로그램 요약 비망록이다. 미 해군 방위물품 및 서비스의 한국 발주 및 승인제안서, 승인제안서 상의 보험에 대한 공지, 무기수출제한법 36(c) 조항 및 36(d) 조항에 따른 수출 상정 허가 공지에 관한 내용이다.","Letter from Ginny Lampley for Boyden Gray: Oct 5, 1990 | [Withdrawal Sheet] Teddy G. Allen to Thomas S. Foley, re: U.S. Navy’s proposed Letter of Offer and Ac- ceptance to Korea for defense articles and services | [Withdrawal Sheet] Notice of Proposed Issurance of Letter of Offer | Policy Justification, re: Korea--F/a-18 Aircraft | Letter from Janet G. Mullins to Thomas S. Foley: Sep 5, 1990 | [Withdrawal Sheet] Department of State Transmittal No. DTC-30-90 Notice of Proposed Approval for Ex- ports Pursuant to Sections 36(c) and 36(d) of the Arms Export Control Act | [Withdrawal Sheet] Re: Notice of Proposed Issuance of Letter of offer Pursuant to Section 36(b)(1) of the Arms Export Control Act"
PZA0003055,[Press Releases]: Korea [OA/ID 12716],PZA0003055,부시,1991,PZA0003055,35,"성명서, 연설문",59,"이 기록물철은 1992년 12월 18일, 김영삼이 노태우 뒤를 이어 한국 대통령으로 당선되었으며, 이에 대 해 미국은 자유롭고 공정한 선거를 통해 대통령을 선출한 한국 국민들의 선택을 환영한다는 백악관의 발 표문이다. 미국은 노태우 대통령과도 좋은 관계를 맺었듯이 김영삼 대통령과도 앞으로도 좋은 관계를 맺기를 희 망하며 축전을 보냈다. 그밖에 1992년 1월 6일 미국 부시 대통령 방한시 청와대에서 미국 부시 대통령과 한국 노태우 대통령의 건배사, 용산 주한미군 기지인 캠프 케이시(Camp Casey)와 국회에서 미국 부시 대통령의 발언 내용, 미국 상공인과의 오찬(신라호텔)에서 미국 부시 대통령의 축사, 청와대에서의 양국 대통령 기자회견 내용이 포함되어 있다.","Statement by the Press Secretary: Dec 18, 1992 | Remarks by the President and President Roh in Exchange of Toasts: Jan 6, 1992 | Remarks by the President to U.S. and Korean Troops: Jan 6, 1992 | Remarks by the President in Address to the Korean National Assembly: Jan 6, 1992 | Remarks by the President at U.S. Chamber of commerce Luncheon: Jan 6, 1992 | Press Conference by President Bush and President Roh Tae Woo: Jan 6, 1992 | Remarks by the President in Working Breakfast with U.S. and Korean Business Group: Jan 6, 1992 | Fact Sheet: U.S. - Korean Science and Technology Agreement | To the Congress of the United States: Jul 26, 1991 | Briefing by Assistant Secretary of State for East Asian and Pacific Affairs Richard Solomon: Jul 2, 1991 | Remarks by the President and President Roh Tae Woo of the Republic of South Korea upon Arrival: Jul 2, 1991 | Statement by the Press Secretary: Jun 3, 1991"
PZA0003056,Korea,PZA0003056,부시,1992,PZA0003056,8,메모,60,"이 기록물철은 미국 제임스 릴리(James Lilley)가 미국 대통령에게 전달한 메모로서, 한국 국방과학 연구소 슈퍼컴퓨터 판매에 관한 내용이다.","[Withdrawal Sheet] James R. Lilley to Distribution List, re: Sale of Supercomputer to the Republic of Ko- rea’s Agency for Defense Development POTUS Messages to CIS [Commonwealth of Independent States] 1992: Privacy Message to [Boris] Yeltsin"
PZA0003057,9/10/92 re: KAL [Korean Airline] 007,PZA0003057,부시,1992,PZA0003057,3,"메모, 초안",61,"이 기록물철은 1992년 9월 10일 소련 보리스 옐친(Boris Yeltsin)과 미국 부시 대통령과의 전화통화 에 관한 것이다. 옐친은 대한항공 피격사건 해결을 위해 노력하겠다고 했으며, 이러한 옐친의 제안을 받 아들여 미국 부시 대통령은 미국 가족 희생자 대표들이 모스코바에 10월 초에 갈 것이라는 점을 알리고, 그들의 중요성에 대해 간단하게 소개하였다는 내용이다.","Memorandum from Nicholas Burns to Brent Scowcroft: Privacy Channel Message to President Yeltsin on KAL 007 | [Withdrawal Sheet] Message from POTUS to Russian President Boris Yeltsin, re: KAL 007"
PZA0003058,USSR: KAL Shootdown[1],PZA0003058,부시,1983,PZA0003058,59,"연설문, 저널",62,"이 기록물철은 1983년 9월 1일 사할린 섬 상공에서 격추된 대한항공 007기 피격사건과 관련한 내용으 로, (기록물 분류 연도와 달리) 1992년 9월 5일 미-러 정상회담 기자회견 언론성명 초안, 1989년 발행 된 미국 예일대 국제법 저널의 대한항공 007기 격추사건의 보상 및 그에 대한 국제법적 검토에 대한 내 용으로 구성되어 있다. 동 기록물철에서는 대한항공 007기 피격사건 자체에 대한 내용이 아닌, 대한항공 007기 피격사건 해 결을 위한 미-러 간 최종협상 결과로서 1992년 9월 5일 언론성명과, 동 언론성명에 포함되어 있는 미국 인 희생자에 대한 소비에트 연방(러시아)의 보상대책과 이를 구상하기 위해 1989년부터 지속되어 온 국 제법 상의 분석내용이 주를 이루고 있다.","Draft: Statement | Talking Points: “EX Gratia” Gestures (Memorial Fund) | The American Jounal of International Law: [Agora: Iran Air Flight 655-Denial of Liability: EX GRATIA Compensation on a Humanitarian Basis] | The American Jounal of International Law: [Agora: Iran Air Flight 655-EX GRATIA Payments and the Iranian Airline Tragedy] | The American Jounal of International Law: [Looking Back and Looking Ahead] | The American Jounal of International Law: [State Responsibility, Health Affairs] | Yale Jounal of International Law: [Incident: The Downing of Korean Air Lines Flight 007] | [Withdrawal Sheet] Re: Korean Airlines Flight Shootdown of September 1, 1983: Flight History and Reports"
PZA0003059,USSR: KAL Shootdown[2],PZA0003059,부시,1983,PZA0003059,,"보고서, 서한, 메모, 기록물 매수 81 형 태 신문스크랩, 리포트",63,"이 기록물철은 당시 소련의 한국 대한항공 여객기인 KAL 007기 격추사건과 관련된 외교문서, 대내외 동향 보고서로서 모스크바 주재 미국 대사와 미국 국무부 간의 긴급전문, 백악관 대통령실의 내부논의 및 동향분석, 미국인 희생자 가족과 백악관 대통령실의 회담 등에 관한 내용으로 구성되어 있다. 이 사건은 1983년 9월 1일 소비에트 전투기가 대한항공 여객기(KAL) 007을 사할린 상공에서 격추한 사건으로, 동 사건으로 당시 여객기에 탑승하고 있던 미국인이 희생되었고 이에 따라 1983년 9월 12일 미국정부는 당시 소비에트 정부에게 사건에 대한 진상규명, 사건에 대한 미국과의 협력수사를 요구하였 다. 동시에 백악관은 두 가지 외교전략으로서, 첫째 소비에트 연방에 대한 외교전략 하 비무장 민간항공 기 격추에 대해 국제법을 적용하고 이에 따라 소비에트 연방의 인도적, 국제적 책임을 부과하고, 둘째 한 국에 대한 외교전략 하 미국과 한국의 유기적 협력을 통해 국제사회에서 소비에트 연방에 대한 압력을 행사하고자 하였다. 그러나 동 시도는 실패하였으며 소비에트 연방은 진상조사를 무마하였다. 이에 따라 1987년부터 대한항공 007기 미국인 유가족 대책회의가 미국 국무부와 상원을 통해 공식적인 진상조사를 요구하였으며, 1991년 고르바초프가 대한항공 007기 사건에 대한 재조사 언급을 표명함으로써, 동 사안 에 대한 미-소 양국간 공식적인 협력이 시작되었다. 이에 따라 1991년 11월 미국 백악관 주재로 미국의 KAL기 유가족 대책회의와의 면담이 실시되었고, 이 자리에서 대한항공 007기 격추 사건에 대한 서방 측 미디어의 의혹제기 사안에 대한 진상규명, 소비에트 연방 전투기 조종사의 음성녹음 공개, 대한항공 007기 격추사건에 따른 미국 정부의 비공식 보고서 공개, 미국 정부 주도의 공식 추모행사 및 기금 조성 등이 요구되었다. 특히 1991년 11월부터 1992년 2월까지 러시아연방 공군성 장관 한스 엡라임슨(Hans Ephraimson)이 모스크바 주재 미국대사와 미국국가안전보장회의 소비에트 연방 담당관 니콜라스 번즈 (Nicholas Burns)에게 각각 전달한 서한에 따르면, KAL기 격추 사건과 관련하여 “목표물 파괴(Target is Destroyed)”라고 기록된 전투기 블랙박스 음성녹음을 두고 소련 전투기 조종사가 민간항공기인 대한 항공 007기를 의도적으로 조준사격 하였는지의 여부가 문제해결의 초점임이 합의되었고, 양국은 진상규 명 협력을 공표할 미-러 정상회담 이전에 이 부분부터 진상규명을 진행하기로 사전협의하였다. 이에 따 라 1992년 9월 미국 부시 대통령과 러시아 옐친(Yeltsin) 대통령의 정상회담시 미국측에 의해 공식 요청 되었으며, 당시의 대한항공 007기 격추사건이 소련의 의도였는지 여부에 대해 러시아의 옐친 대통령이 미국과 협력하여 동사안을 재수사하겠다는 성명이 이루어졌다.","[Withdrawal Sheet] Re: Survivors of Korean Airlines KAL 007 in the ex-USSR | Immediate cable to Moscow: KAL 007: Requested Demarche by Ambassador | Letter from Hans Ephraimson-Abt to R. Nicholas Burns: Feb 28, 1992 | [Fax Transmittal] | [Withdrawal Sheet] analysis Report: The Public Soviet Response to the KAL Incident | [Newsclip] New concern for the economy | [Withdrawal Sheet] From Secretary of State, re: KAL 007 Families Meeting with RSFSR Deputy Foreign Minister | [KAL 007 Issues] | [Withdrawal Sheet] Re: U.S. request for Soviet reparations regarding KAL 007; home address and name redacted | Memorandum from L - Davis R. Robinson to the Acting Secretary: Meeting with Families of U.S. National killed on KAL Flight 007 | [Diplomatic note] | The United States refers to two diplomatic notes | Letter from Ronald J. Bettauer to Steven R. Pounian: Sep 15, 1987 | [Withdrawal Sheet] Abraham D. Sofaer and Thomas W. Simons to Secretary of State, re: Circular 175: Re- quest for Authority to Initiate U.S. - Soviet Claims Settlement Negotiations | [Withdrawal Sheet] Memorandum of Law, re: Circular 175 Request for Authorization to Negotiate a Claims Settlement Agreement with the U.S.S.R. | [Withdrawal Sheet] Point Paper--Commercial Launch Services by the Soviets | [Withdrawal Sheet] U. S. Embassy, Moscow to Secretary of State, et al., re: Ambassador’s Meeting with USSR Foreign Minister Pankin, October 9 | [Withdrawal Sheet] U. S. Embassy, Moscow to Secretary of State, re: KAL-007 | [Withdrawal Sheet] Secretary of State to U.S. Embassy, Moscow, re: KAL 007 Families Proposed Meeting | [Memo] KAL | [Withdrawal Sheet] Hans Ephraimson to R. Nicholas Burns, re: Meeting with Families of KAL Flight 007 Victimes; birthdates redacted | [Memo] KAL | [Fax Transmittal] | Letter from Hans Ephraimson-Abt to Nicholas Burns: Apr 26, 1991 | [Withdrawal Sheet] Cover Sheet, re: the 1983 KAL Shootdown and Its Impact on Soviet Air Defenses (11a. Form) | [Withdrawal Sheet] Cover Sheet, re: Operational Implications of the KAL Shootdown (12a. Form)"
PZA0003060,Korea,PZA0003060,부시,1991,PZA0003060,9,전문,65,"이 기록물철은 한국의 유엔가입 문제와 관련하여 미국 국무부와 백악관 국가안전보장회의가 포르토프 랭스(Port-au-Prince) 주재 미국대사와 유엔 주재 미국대표부에 전달한 내용이다. 미국 국가안전보장회의의 전문에 따르면, 당시의 남북한 유엔 동시가입과 관련하여 국내외 언론에서 는 한국에 설치된 유엔군 사령부의 향후 해체여부에 대한 추측성 보도가 존재하였다. 특히 동 보도를 해 석한 미국 국가안전보장회의의 전문에 따르면, 남북한 유엔 가입으로 인해 유엔 안전보장이사회의 결정 이 남북한에 공식적으로 적용되는바, 유엔군 사령부를 한국에 설치하여 정전협약과 국제법을 준수하도 록 감시/강제하는 역할을 부과할 국제적 정당성이 약화되었을 뿐만 아니라, 유엔 동시 가입을 통해 다음 세기(21세기) 시작 전까지 남북한이 긴장을 완화하고 특정한 갈등문제를 유엔군 사령부가 아닌 유엔 회 의에서 논의하게 됨으로써 향후 유엔군 사령부의 해체와 남북한 갈등 완화를 예견하는 내용이 담겨있다. 단, 한국의 유엔가입시 국제사회의 쟁점 및 제46회 유엔총회에서 남북한 동시가입 허가에 관한 안건상 정 문서 등은 비공개 기록물 목록으로서 확인할 수 없다.","[Withdrawal Sheet] Secretary of State to U.S. Embassy, Port-au-Prince, re: Talking Points on U.S. View of UN Membership for the Two Koreas | [Memo] from Torkel Patterson for Nancy Dyke | [Withdrawal Sheet] Re: Press Speculation on the Future of the UN Command | Security council approves applications to UN of North and South Korea | [Withdrawal Sheet] United States Mission to the United Nations to Secretary of State, re: 46th Annual UNGA: Admission of Two Koreas | [Withdrawal Sheet] United States Mission to the United Nations to Secretary of State, et L., re: Korean Membership Issue"
PZA0003061,[Korea / Policy],PZA0003061,부시,1991,PZA0003061,9,-,66,"이 기록물철은 1991년 3월 당시 미국 부시 대통령의 한반도 안보 구상 성명발표와 관련 한국의 노태우 대통령의 지지 성명 발표에 대한 미국 정부의 공식입장과 관련한 내용이다. 미국 정부의 안보구상 발표 에 대한 한국 정부의 반응 및 성명 요지, 서울 주재 미국 대사관이 미국 국무부에게 전달한 한국 현황보 고 등에 대하여서는 비공개 기록물 목록으로서 확인할 수 없다.","[Withdrawal Sheet] Re: Response to ROKG Request | [Withdrawal Sheet] U.S. Embassy, Seoul to Secretary of State, re: President Roh’s Declaration (02. cable) | [Withdrawal Sheet] U.S. Embassy, Seoul to Secretary of State, re: President Roh’s Declaration (03. cable) | [Withdrawal Sheet] Secretary of State to U.S. Embassy, Seoul, re: USG Response to ROKG Statement | Cable to Seoul: USG Response to ROKG Statement | [Withdrawal Sheet] Re: USG Response to ROKG Statement | [Withdrawal Sheet] U.S. Embassy, Seoul to Secretary of State, re: | [Withdrawal Sheet] NSC Correspondence Profile Sheet, re: U.S. policy regarding Presidential Initiative | [Withdrawal Sheet] W. Robert Pearson to Brent Scowcroft, re: The President’s Initiative | [Withdrawal Sheet] Re: The President’s Initiative | [Withdrawal Sheet] Background, re: President’s Initiative | [Withdrawal Sheet] Re: Formulation | [NODIS Routing: Seoul 11536] | [Withdrawal Sheet] U.S. Embassy, Seoul to Secretary of State, re: Meeting with Kim Chong Whi | [NODIS Routing: Seoul 11319] | [Withdrawal Sheet] U.S. Embassy, Seoul to Secretary of State, re: Wolfowitz proposal | [Cable to Seoul] | [Withdrawal Sheet] Letter to Foreign Minister Lee | [Withdrawal Sheet] U.S. Embassy, Seoul to Secretary of State, re: Further Korean Reaction | [Next Steps following a Withdrawal Decision] | [Withdrawal Sheet] Next Steps following a Decision | [Withdrawal Sheet] U.S. Embassy, Seoul to Secretary of State, re: Possible Scenario | [Withdrawal Sheet] Michael D. Fry to Donal Lee Pilling, re: British Response | [Withdrawal Sheet] Michael D. Fry to Donal Lee Pilling, re: British Response | [Cable to Seoul Re The President’s Initiative and Korea] | [Withdrawal Sheet] Re: The President’s Initiative and Korea | [Withdrawal Sheet] U.S. Embassy, Seoul to Secretary of State, re: Korea | [Withdrawal Sheet] Secretary of State to U.S. Embassy, Seoul, re: The President’s Initiative and Korea"
PZA0003062,Korea - December 1991,PZA0003062,부시,1991,PZA0003062,9,"전문, 메모, 명단",67,"이 기록물철은 1991년 12월 남북한 정부가 합의한 “화해와 불가침에 관한 공동합의(Sign Joint Agree- ment on Reconcilation and Non-Agression)”에 대해 동 사건을 한국 정부가 미국 정부에게 설명하고 이에 대한 현황을 서울 주재 미국 대사가 미국 국무부에게 전달한 내용이다. 동 사안에 대해 한국 정부가 미국 정부에게 보내는 양해 및 지지 요청의 내용, 이와 관련하여 동년 12월에 열린 미국 국무부장관과 한국 외무부장관 이상옥과의 회담 내용, 서울 주재 미국 대사가 미국 국 무부에게 전달한 내용 등은 비공개 기록물 목록으로서 확인할 수 없다.","[Withdrawal Sheet] Press Guidance, re: North-South Declaration | [Withdrawal Sheet] [Name withheld] to National Intelligence Officer, re: Assessment of North Korea | [Withdrawal Sheet] Re: Status of North Korea | [Withdrawal Sheet] Distribution list, re: Status of South Korea memorandum | [Withdrawal Sheet] Secretary of State to U.S. Embassy, Seoul, re: DPRK | [NODIS Routing: State 412571] | [Withdrawal Sheet] Secretary of State to U.S. Embassy, Seoul, re: Presidential Bush Letter to President Roh Tae Woo | [Withdrawal Sheet] Daniel Poneman to Jonathan T. Howe, re: Summary of Conclusions for Meeting on Korea | [Withdrawal Sheet] Summary of Conclusions for Meeting | [NODIS Routing: State 413990] | [Withdrawal Sheet] Secretary of State to U.S. Embassy, Moscow, et al., re: Letter to [Foreign Minister] Qian [People’s Republic of China] | [Withdrawal Sheet] Daniel Poneman to Jonathan T. Howe, re: Summary of Conclusions for Meeting on Korea | [Withdrawal Sheet] Summary of Conclusions for Meeting on Korea | [Withdrawal Sheet] Torkel Patterson to Jonathan T. Howe, re: Meeting on Korea: Talking Points | [Withdrawal Sheet] Talking Points: Preliminary Contact with DPRK | [Withdrawal Sheet] Talking Points for Meeting | [NODIS Routing: Seoul 13414] | [Withdrawal Sheet] U.S. Embassy, Seoul to Secretary of State, re: President’s Roh’s Declaration | [Withdrawal Sheet] Torkel Patterson and Dan Poneman to Jonathan T. Howe, re: Meeting on Korea | [Withdrawal Sheet] Points to Be Made for Meeting on Korea | [Withdrawal Sheet] Meeting on North Korea, December 17, 1991 | [Withdrawal Sheet] Strategy for Dealing with North Korea | [NODIS Routing: State 406379] | [Withdrawal Sheet] Secretary of State to U.S. Embassy, Seoul re: Discussions with ROK | [NODIS Routing: Seoul 13334] | [Withdrawal Sheet] U.S. Embassy, Seoul to Secretary of State, re: Kim Chong Whi’s Analysis | [Withdrawal Sheet] U.S. Embassy, Seoul to Secretary of State, et al., re: Prime Minister Sign Joint Agree- ment on Reconciliation and Non-Agression | [NODIS Routing: State 397504] | [Withdrawal Sheet] Secretary of State to U.S. Embassy, Seoul, re: Lehman Visit | [NODIS Routing: Seoul 13075] | [Withdrawal Sheet] U.S. Embassy, Seoul to Secretary of State, re: Lehman Visit: ROKG Proposal | [NODIS Routing: State 399681] | [Withdrawal Sheet] Secretary of State to U.S. Embassy, Seoul, re: Response to ROKG Request | [NODIS Routing: State 402782] | [Withdrawal Sheet] Secretary of State to U.S. Embassy, Seoul, et al., re: Secretary’s Bilateral with ROK Foreign Minister Lee Sang-Ock, November 13, 1991 | [NODIS Routing] | [Withdrawal Sheet] Secretary of State to U.S. Embassy, Moscow, et al., re: Soviet Ambassador Presents [Eduard] Shevardnadze Letter"
PZA0003063,Korea - January 1992,PZA0003063,부시,1992,PZA0003063,6,"전문, 메모",69,이 기록물철은 1992년 6월의 북한 동향 및 한반도 문제에 관해 비엔나 주재 미국 대표부가 미국 국무 부에게 보고하고 동 사안에 대해 미국 국무부가 서울 주재 미국 대사 및 베이징 주재 미국 대사에게 전달 한 내용이다. 당시의 쟁점 사안 및 보고 내용은 비공개 기록물 목록으로서 확인할 수 없다.,"[Withdrawal Sheet] U.S. Mission, Vienna to Secretary of State, et al., re: DPRK Agreement | [Withdrawal Sheet] U.S. Mission, Vienna to Secretary of State, et al., re: DPRK Statement | [Withdrawal Sheet] James R. Keith to Torkel Patterson, re: Korea | [NODIS Routing: State 002435] | [Withdrawal Sheet] Secretary of State to U.S. Embassy, Seoul, re: North Korea | [Withdrawal Sheet] To U.S. Embassy, Beijing, re: Under Secretary Kanter Meeting with Ambassador Zhu | [NODIS Routing: State 27135]"
PZA0003064,Korea - June 1992,PZA0003064,부시,1992,PZA0003064,8,"전문, 메모",69,이 기록물철은 1992년 1월의 북한 동향 및 한반도 문제에 미국 국가안전보장회의 및 미국 국무부 등이 전달한 문서에 관련한 내용이다. 당시의 쟁점 사안 및 보고 내용은 비공개 기록물 목록으로서 확인 할 수 없다.,"[Withdrawal Sheet] NSC Executive Secretariat Staffing Document, re: North Korea Report | [Withdrawal Sheet] [Name withheld] to Admiral Jonathan T. Howe, et al., re: North Korea | [Withdrawal Sheet] Update on North Korea | [Withdrawal Sheet] [Name withheld] to [Name withheld], re: Update on North Korea | [Withdrawal Sheet] Update on North Korea"
PZA0003065,Korea - November 1990,PZA0003065,부시,1990,PZA0003065,20,"전문, 메모, 보고서",70,"이 기록물철은 1990년 11월의 북한 동향 및 한반도 문제에 대해 미국 중앙정보국(CIA) 국장 로버트 게이츠(Robert Gates)와 미국 백악관 대통령실, 미국 국가안전보장회의, 미국 국무부 간에 상호 전달 한 정보문건에 관련한 내용이다. 당시의 쟁점 사안 및 보고 내용은 비공개 기록물 목록으로서 확인할 수 없다.","[Withdrawal Sheet] Handwritten note, re: Republic of Korea meeting | [Withdrawal Sheet] Douglas Paal and Daniel Poneman to Robert Gates, re: Meeting on Korea | [Withdrawal Sheet] Re: The Korean Peninsula | [Withdrawal Sheet] U.S. Policy Toward North Korea | [Withdrawal Sheet] U.S./ North Korea | [Withdrawal Sheet] U.S. Embassy, Seoul to Secretary of State, re: The Case | [Withdrawal Sheet] U.S. Commander-in-Chief, Honolulu to Washington, D.D., re: Policy for Korea | [Withdrawal Sheet] U.S. Policy with Regard to DPRK | [Withdrawal Sheet] Policy Paper, re: Korean Peninsula | [Withdrawal Sheet] Re: DPRK Program | [Withdrawal Sheet] Paul Wolfowitz to Robert Gates, re: North Korea | [Withdrawal Sheet] [Name withheld] to Richard Solomon, re: Assessments | [Withdrawal Sheet] Re: North Korea | [Withdrawal Sheet] South Korea: Debating the Question | [Withdrawal Sheet] Appendix A: Seoul’s Option | [Withdrawal Sheet] Appendix B: Previous South Korean Efforts | [Withdrawal Sheet] The Political Debate | [Withdrawal Sheet] South Korea’s Obligations | [Withdrawal Sheet] Re: Priorities"
PZA0003066,Korea - September 1991,PZA0003066,부시,1991,PZA0003066,17,"메모, 연설문",71,이 기록물철은 1991년 9월 한국 노태우 대통령의 유엔 연설과 이에 대한 북한의 반응에 대한 것으로 미국 국무부와 서울 주재 미국 대사 간 상호 전달한 문건이다. 당시의 쟁점 사안 및 보고 내용은 비공개 기록물 목록으로서 확인할 수 없다.,"[NODIS Routing: State 308580] | [Withdrawal Sheet] Secretary of State to U.S. Embassy, Seoul, re: Roh’s Speech | [NODIS Routing: Seoul 9818] | [Withdrawal Sheet] Re: Roh’s U.N. Speech | [Withdrawal Sheet] U.S. Embassy, Seoul to Secretary of State, re: Roh’s U.N. Speech | [NODIS Routing: Tokyo 16728] | [Withdrawal Sheet] Re: Discussions on North Korea | [Withdrawal Sheet] To Secretary of State, re: Discussions on North Korea | [NODIS Routing: Seoul 9462] | [Withdrawal Sheet] Re: Republic of Korea | [Withdrawal Sheet] U.S. Embassy, Seoul to Secretary of State, re: Republic of Korea Discussions | [NODIS Routing: Tokyo 15919] | [Withdrawal Sheet] Re: Concerns Over North Korea | [Withdrawal Sheet] To Secretary of State, re: Concerns over North Korea"
PZA0003067,Korea-November 1991,PZA0003067,부시,1991,PZA0003067,17,"전문, 메모, 보고서",72,"이 기록물철은 1991년 11월 12일 미국 부시 대통령이 뉴욕의 월도르프 아스토리아 호텔에서 열린 아시아 소사이어티에서 발언한 것과 관련한 내용이다. 동 연설에서 부시 대통령은 다음과 같은 요지의 연설을 하였다. 첫째 “미국은 아시아 지역에의 민주주의 및 자유의 확장에 대한 의무”를 가지고 있고 “미국이란 강고한 요새”에 고립되어 있을 수 없으므로 아시아 지역에 대한 미국의 개입이 필요함을 주장, 둘째 아시아-태 평양 지역은 미국이 상대하는 무역 파트너 중 가장 큰 시장일 뿐만 아니라 가장 빠르게 성장하는 지역으 로서 이 지역에 미국의 핵심적 이익이 걸려있음을 강조, 셋째 소비에트 연방 지역과 동구 유럽 지역의 자유시장화에 대한 핵심적 파트너로서 일본, 남반구 지역의 서방 민주주의의 대표로서 호주, 개방경제 를 추진하는 중국을 강조함으로써, 소비에트 몰락에 따른 과거 공산국가 지역에의 미국 개입을 통한 민 주주의의 확산 필요성을 주장하였다. 넷째 이에 따라 한국이 이러한 관계상의 핵심적 요충지로서 관리 되어야 함을 역설하였다.","[Withdrawal Sheet] Torkel Patterson and Daniel B. Poneman to Brent Scowcroft, re: Breakfast Item | Remarks by the President to the ASIA Society | [Withdrawal Sheet] Re: Growing Problem of North Korea"
PZA0003069,North Korea-March 1992,PZA0003069,부시,1992,PZA0003069,6,"노트, 서한",73,"이 기록물철은 1992년 3월 워싱턴 주재 국제전략문제 연구소의 빌 테일러(Bill Taylor)가 북한의 스커 드 미사일 화물선 사건에 대한 분석을 미국 백악관 국가안보보좌관 브렌트 스코크로프트(Brent Scow- roft) 등에게 전달한 내용이다. 동 사안에 대해 빌 테일러는 스커드 미사일 적재가 의심되는 북한 화물선의 통항금지 및 국제공해상의 단속 정책은 오히려 남북간 긴장을 높여 위험할 수 있으며, 향후 한국 정부와의 협력 하에 수행될 IAEA 의 핵사찰을 통해 단계적인 긴장 완화와 북한의 장거리 미사일 프로그램의 단계적 저지 전략을 활용해 야함을 강조하였다. 나아가 미일 공동협력을 통해 북한으로 하여금 스커드 미사일 적재가 의심되는 북 한 화물선을 귀환하도록 조처하고 IAEA의 핵 사찰을 받도록 하되, 이에 대한 반대급부로서 일본에 의해 북한 내 산업투자 및 차관을 제공하는 방식을 고려할 것을 당부하였다.","[Withdrawal Sheet] Handwritten notes, re: North Korea | Memorandum from Bill Taylot to Brent Scowcroft: North Korean Scuds"
PZA0003074,NSR-28 (Korea) - August 1991,PZA0003074,부시,1991,PZA0003074,10,"전문, 표지",73,"이 기록물철은 1991년 8월의 북한의 동향, 한국 문제에 대한 전략 검토 결과, 한국 및 북한의 반응과 현황 분석, 호놀룰루 한미 대표단 회담결과 등을 미국 백악관 대통령실, 미국 국가안전보장회의, 미국 국무부, 서울 주재 미국 대사 간 상호 전달한 문건이다. 당시의 쟁점 사안 및 보고 내용은 비공개 기록물 목록으로서 확인할 수 없다.","[NODIS Routing: State 256225] | [Withdrawal Sheet] Secretary of State to U.S. Embassy, Seoul, et al., re: Delegation Instructions for U.S.- ROK Meeting in Honolulu August 6-7 | [NODIS Routing: State 253137] | [Withdrawal Sheet] Re: Conversation on North Korea | [Withdrawal Sheet] Secretary of State to U.S. Embassy, Seoul, et al., re: Conversation on North Korea | [NODIS Routing: Seoul 07965] | [Withdrawal Sheet] Re: Cautionary Note | [Withdrawal Sheet] U.S. Embassy, Seoul to Secretary of State, re: A Cautionary Note"
PZA0003079,North Korea,PZA0003079,부시,1989,PZA0003079,,"메모, 비망록, 브리핑 문서, 기록물 매수 10 형 태 리포트",74,"이 기록물철은 미국 스테플턴 로이(Stapleton Roy)가 백악관의 브렌트 스코크로프트(Brent Scowcroft)에게 전달한 2개의 비망록으로 구성되어 있다. 첫 번째 비망록은 1989년 11월 8일 IAEA 총장 한스 브릭스(Hans Bricks) 박사와의 면담시 필요한 상황배경이나 발언 요지를 담은 브리핑 보고서 를 첨부한다는 내용이고, 두 번째 비망록은 IAEA 한스 브릭스 총장의 대통령 예방(Courtesy Call)에 대 한 요구가 대통령에게 IAEA에 대한 미국의 지원을 강화할 수 있는 기회는 물론 비핵화라는 미국의 목표 에 대한 부시 정부의 강력한 헌신을 제공할 것이라는 권고의 내용을 담고 있다.","[Withdrawal Sheet] Judyt Mandel to Brent Scowcroft, re: Your Meeting with IAEA Director General Hans Blix, Wednesday, November 8, 2:30p.m. | Memorandum from J. Stapleton Roy to Brent Scowcroft: Briefing Paper for your Meeting with Dr. Hans Blix, Director General of the IAEA, November 8, at 2:30 p.m. | [Withdrawal Sheet] Meeting with Dr. Hans Blix, Director General of the International Atomic Energy Agen- cy | [Withdrawal Sheet] Proposed Talking Points, re: Brent Scowcroft meeting with Hans Blix | [Withdrawal Sheet] Re: Government report | Memorandum from J. Stapleton Roy to Brent Scowcroft: Request for a Courtesy Call on the President by IAEA Director General Hans Blix | [Withdrawal Sheet] Foreign Broadcast Information Service (FBIS) Daily Report Supplement | [Withdrawal Sheet] Appendix A, re: Military Force Comparison | [Withdrawal Sheet] Re: North Korea"
PZA0003080,Korea(South) 1989[1],PZA0003080,부시,1989,PZA0003080,,"메모, 발언요지, 서한, 보고서, 기록물 매수 123 형 태 브리핑 문건, 대화 비망록",75,"이 기록물철은 미국 하원의원 솔라즈(Solaz)의 주한미군 주둔 지지 관련 신문기고와 브렌트 스코크로 프트(Brent Scowcroft)와의 비망록, 1989년 10월 노태우 대통령의 방미 환송회에서의 양국 수반의 발 언, 부시대통령과 논의한 한국 문제와 관련한 노태우 대통령의 문서, 로저 브룩스(Roger A. Brooks)가 작성한 ‘새로운 기술과 한미안보협력’이라는 주제의 보고서, 한국 전투기사업(KFP)에 대한 의회 속기록 등으로 구성되어 있다. 솔라즈 하원의원이 한국을 방문해 노태우 대통령과 주요 인사를 만난 후 주한미 군 주둔을 강력히 지지하는 신문기고를 발표하고 이를 브렌트 스코크로프트에게 전달한 비망록과 이를 잘 받았다는 스코크로프트의 답신 등을 담고 있다. 노태우 대통령의 방미 환송회에서 부시 대통령은 한국의 노동자와 기업들이 미국의 개방된 시장체제 로부터 혜택을 받은 반면, 미국의 노동자와 기업은 한국 시장에 동등하게 진출하지 못했음을 지적하고 자유롭고 공정한 무역이야말로 양국의 소비자와 노동자들을 위한 길이라는 요지의 발언을 하였고, 이에 대해 노태우 대통령은 양국이 자유무역 기조에서 상업의 확대가 경제발전의 핵심이라는데 뜻을 같이 하 며 지역 간 협력을 확대함으로써 아시아-태평양지역 공동체 창설에 노력을 같이 할 것과 양국 간 무역 문제에 대해서는 호혜 협상을 통해 해결하며 쌍무무역을 확대하는데 대해 의견을 같이 했음을 밝히고 있 다. 노태우 대통령은 부시 대통령과 한국 문제에 대한 논의에서 미국이 한국의 방위전략 문제와 관련하 여 주도적(leanding) 역할에서 지원적(supporting) 역할로의 전환에 합의하고 양국이 한국 국민들이 계 속해서 자유롭고 민주적인 정부 하에서 번영할 수 있도록 억지력을 유지할 필요가 있다는데 합의했다는 내용도 담고 있다.","[Withdrawal Sheet] Karl D. Jackson to Brent Scowcroft, re: The President’s Telephone Call from President Roh Tae Woo | [Withdrawal Sheet] Karl D. Jackson to Brent Scowcroft, re: The President’s Telephone Call from President Roh Tae Woo | [Withdrawal Sheet] Draft from POTUS to President Roh Tae Woo of Republic of Korea, re: POTUS meeting with Soviet Premier Mikhail Gorvachev … | [Withdrawal Sheet] To Secretaries of State and Defense and the NSC, re: Vice President Quayle’s Meeting with President Roh | [Withdrawal Sheet] Executive Summary--East Asia Strategy Initiative: Restructuring U.S. Military Pres- ence in East Asia | [Withdrawal Sheet] Rear Admiral T.W. Wright to Brent Scowcroft, re: Status of Yongsan Relocation Nego- tiations | [Withdrawal Sheet] Karl Spence Richardson to Richard Solomon, re: POTUS/ Gorbachev summit in Malta | [Withdrawal Sheet] Karl D. Jackson to Brent Scowcroft, re: U.S. Forces in Korea in the 1990’s | [Withdrawal Sheet] Karl D. Jackson to Brent Scowcroft, re: U.S. Forces in Korea in the 1990’s | Memorandum to Brent Scowcroft from Douglas Paal: Reply to Congressman Solarz re Kores | Memorandum to Brent Scowcroft from Douglas Paal: Memorandum of Conversation with President Roh Tae Woo | Memorandum from Douglas Paal to G. Philip Hughes: Memorandum of Conversation with President Roh Tae Woo | [Withdrawal Sheet] Douglas Paal to Brent Scowcroft, re: Official Working visit of President Roh Tae Woo of Korea | [Withdrawal Sheet] To Secretaries of State and Defense and the NSC, re: Vice President Quayle’s Meeting with President Roh | [Newsclip] The Journal of Commerce | Remarks by the President and Korean President Roh Tae Woo at Departure Ceremony | President Bush and I Have Discussed the Desirability of the Republic of Korea… | [Withdrawal Sheet] To Secretaries of State and Defense and the NSC, re: vice President Quayle’s Meeting with President Roh | [Withdrawal Sheet] Karl D. Jackson to Brent Scowcroft, re: Travel to SSC Meeting and Seoul | [Withdrawal Sheet] Karl Spence Richardson to Korea Participants | [Newsclip] Pacific Stars and Stripes | [Withdrawal Sheet] U.S. Embassy Seoul to Secretary of State, et al., re: Meeting with President Roh | [Newsclip] Pacific Stars and Stripes | [Withdrawal Sheet] White House to Secretary of State, et al., re: Vice President’s Meeting with Korean Opinion Leaders | [Withdrawal Sheet] To Brent Scowcroft, re: Kim Dae-Jung | Meeting with Donald P. Gregg, Ambassador to the Republic of Korea: Sep 13, 1989 | [Withdrawal Sheet] Douglas Paal to Brent Scowcroft, re: Breakfast Item: Korean FX [Fighter Program] Update | [Withdrawal Sheet] Memorandum for the Vice President, re: Korea | The Heritage Lecture | Memorandum from Karl Jackson to Brent Scowcroft: Meeting with Foreign Minister Choi Ho Joong of the Republic of Korea (U): Aug 8, 1989 | [Withdrawal Sheet] Handwritten notes, re: POTUS meeting with Republic of Korea Foreign Minister Choi Ho Joong | Memorandum from Joseph W. Hagin to Scowcroft: Approved Presidential Activity (11:00 a.m.) | [Withdrawal Sheet] Douglas Paal to Brent Scowcroft, re: Schedule Proposal: Meeting with Foreign Minister Choi Ho Joong of the Republic of Korea | [Withdrawal Sheet] | [Withdrawal Sheet] Secretary of State to U.S. Embassy, Seoul, et al., re: Letter from Presidential Bush to President Roh | Korean Fighter Program | [Withdrawal Sheet] Brent Scowcroft to POTUS, re: Meeting with Korean Minister of Foreign Affairs Choi Ho Joong | Memorandum from Karl D. Jackson to G. Philip Hughes: Memorandum of Conversation with Lee Sang Hoon, Minister of Defense of Korea | [Withdrawal Sheet] Brent Scowcroft to POTUS, re: Meeting with Korean Minister of Defense Lee Sang Hoon | [Withdrawal Sheet] Karl D. Jackson to Brent Scowcroft, re: Meeting Memo for Korean Minister Choi"
PZA0003081,Korea(South) 1989[2],PZA0003081,부시,1989,PZA0003081,75,"리포트, 발언요지, 브리핑 문건, 명단",78,"이 기록물철은 한국 노태우 대통령의 공식 방문에 대한 미국 내 언론 발표와 관련하여 필립 휴즈(Philip Huges), 제임스 시코니(James Cicconi), 더글라스 팔(Douglas Paal), 브렌트 스코크로프트(Brent Scowcroft) 간에 이루어진 비망록들과 1989년 팀스프리트 군사훈련 중 헬기 사고로 사망한 미국의 젊은 해병대원들 문제에 대해 논의한 노태우 대통령과 부시 대통령 간의 비망록으로 구성되어 있다. 한국 정부가 백악관과 청와대에 7월 20일 목요일 노태우 대통령의 미국 공식 방문에 대한 발표를 요청 했으며 이에 대해 백악관 공보실에서 노태우 대통령의 1989년 10월 17일 공식 방문과 양국 수반이 양국 관계와 국제문제에 대한 논의 예정을 발표할 것이라는 내용을 담고 있다. 그리고 1989년 3월 팀스프리트 훈련 중 헬기 사고로 사망한 23명의 미국 젊은 해병대원들에 대해 한국 정부가 최상의 보상을 약속하고 이에 대해 부시 대통령은 미국 국민들을 대신해 감사한다는 내용도 포함되어 있다.","[Memo] | [Withdrawal Sheet] To seoul, re: EAPR Update | [Memo from Douglas Paal to Karl Jackson] | [Withdrawal Sheet] Secretary of State to U.S. Embassy, Seoul, re: Press Guidance: North Korea | [Withdrawal Sheet] Richard H. Solomon to Secretary of State, re: Your Meeting and Lunch with Korean foreign Minister Choi Ho Joong on July 25, 1989 | [Withdrawal Sheet] Points for Meeting with ROK Foreign Minister Choi | [Withdrawal Sheet] Re: Refugees | [Withdrawal Sheet] Points to Be Made for Meeting with Minister of Foreign Affairs Choi Ho Joong | [Withdrawal Sheet] Press Guidance, re: North Korea | [Withdrawal Sheet] Judyt Mandel to Douglas H. Paal, et al., re: North Korea | [Withdrawal Sheet] From Brent Scowcroft, re: Meeting with Korean Minister of Defense Lee Sang Hoon | reciprocity in these matters… | [Withdrawal Sheet] Points to Be Made for Meeting with Minister of National Defense Lee Sang Hoon | [Memo] | [Withdrawal Sheet] Handwritten note, re: South Korea military | [Withdrawal Sheet] To Secretary of State, re: North Korea | [Withdrawal Sheet] To Secretary of State, re: Action Plan | [Withdrawal Sheet] Karl D. Jackson to Brent Scowcroft, re: President’s Meeting with Korean Minister of Defense Lee Sang Hoon | Memorandum from Douglas Paal to Brent Scowcroft: Announcement of the Official Working Visit of Presi- dent Roh Tae Woo of the Republic of Korea | [Withdrawal Sheet] U.S. Embassy, Seoul to Secretary of State, re: ROKG Response on Invitation to Roh Tae-Woo | [Withdrawal Sheet] Re: U.S. and South Korea | [Withdrawal Sheet] Re: U.S. Forces in Korea | [Withdrawal Sheet] NSA [National Security Advisor] Scowcroft’s Meeting with Kim Young Sam | [Withdrawal Sheet] Thomas P. H. Dunlop to Participants, Subgroup on North Korea | Letter from George Bush to Roh Tae Woo: Apr 13, 1989 | [Withdrawal Sheet] Re: External Distribution List of East Asia “Sense of the Community” Meeting Memo- randum | [Withdrawal Sheet] “ROK-U.S. Security Relationships: Evolution and Endurance” by Karl D. Jackson | [Withdrawal Sheet] Thomas P. H. Dunlop to Participants, Subgroup on North Korea, re: March 22, 1988 North Korea/ Nordpolitik Meeting | [Withdrawal Sheet] Re: Korean opinion polling"
PZA0003082,Korea(South) 1989[3],PZA0003082,부시,1989,PZA0003082,,"리포트, 메모, 보고서, 전문, 기록물 매수 127 형 태 보도자료, 서한",79,"이 기록물철은 1989년 쟁점사안인 한국의 시장개방 문제와 관련된 문서로서, 크게 세 파트로 구성되 었다. 첫째 한국의 무역장벽 연혁에 대한 것으로서 1982년 미국 부시 대통령의 부통령 시절 한국 국회에 서의 연설시 시장개방에 대한 내용, 둘째 1989년 미국 부시 대통령의 대통령 재직시절 방한시 연합뉴스 와의 인터뷰에서의 시장 개방에 대한 내용, 셋째 한국 내 시장개방과 관련한 1989년 현재의 문제로서 크 게 미국산 쇠고기 및 완제품에 대한 시장장벽 완화 등 상품무역의 자유화와 금융 및 투자기업에 대한 한 국의 제재정책 완화 등 금융의 자유화 쟁점으로 나누어 구성되어 있다.","[Withdrawal Sheet] Korean Opinion Polls | [Withdrawal Sheet] Appendix to United States Statement | [Withdrawal Sheet] Thomas P. H. Dunlop to Participants, Subgroup on North Korea, re: North Korea Sub- group Meeting 11 a.m., March 22 | [Withdrawal Sheet] From Karl Jackson to [name withheld], re: Korea meeting | [Withdrawal Sheet] [Name withheld] to William Clark, et al., re: Korea Meeting | [Withdrawal Sheet] Cover Sheet, re: Korea Outline | Press release: Apr 26, 1982 [at United States Embassy] | [Withdrawal Sheet] From U.S. Embassy, Seoul, re: Information on New Cabinet | The Associated Press: Nov 12, 1983 | [Withdrawal Sheet] U.S. Embassy, Seoul to Secretary of State, re: Roh Tae Woo’s thoughts on Current Issues | [Withdrawal Sheet] Q’s & A’s, re: Korea | [Withdrawal Sheet] Re: Review of Selected USG Policy: Participants | [Withdrawal Sheet] U.S. Embassy, Seoul to Secretary of State, re: Letter to President-Elect Bush | Written Presidential Interview with the YonHap News Agency | [Withdrawal Sheet] Re: Response to Message of Congratulations to President Bush | Memorandum from Karl D. Jackson to Brent Scwcroft: Proposed Letter to President Roh Tae Woo of Korea | Memorandum from Karl D. Jackson to S. Philip Hughes: Memcon of General Scowcroft’s Meeting with Korean Ambassador Park Tong-Jin | Memorandum from James A. Kelly to Brent Scowcroft: Call on General Scowcroft by Amb Park Tong Jin | [Withdrawal Sheet] Douglas H. Paal to Brent Scowcroft, re: Call by Korean Ambassador Park Tong-Jin, Monday, February 6, 1989, 2:00-2:30 p.m. | [Withdrawal Sheet] Secretary of State to U.S. Embassy, Seoul, et al., re: U.S.-U.S.S.R. Discussions | Memorandum from James A. Kelly to Brent Scowcroft: Telephone Conversation Between the President and President Roh Tae Woo of Korea | Letter from Roh Tae Woo to George Bush: Jan 20, 1989 | [Withdrawal Sheet] Memorandum of Conversation between James A. Kelly and Republic of Korea Ambas- sador Park Tong Jin (17. Memcon) | [Withdrawal Sheet] Secretary of State to U.S. Embassy, Seoul re: Republic of Korea Ambassador’s De- marche on Invitation to President Bush | Intellectual Property | Where’s the Beef? | Barriers to Importing Finished Products into Korea | Recommended Actions | The Position of Foreign Banks in Korea | Memorandum: Going Public in Korea | Investment Banking and Brokerage Services | Insurance | Foreign Access to the Accounting Professional in Korea | Advertising | [Withdrawal Sheet] AMCHAM [American Chamber of Commerce] Transportation Position Paper | Pharmaceutical Trade Issues | [Withdrawal Sheet] Memorandum of Conversation, re: Meeting on General Scowcroft with J.P. Kim | [Withdrawal Sheet] James A. Kelly to Brent Scowcroft, re: Your Meeting with Mr. Kim Jong Pil, President, New Democratic Republican Party, Monday, february 6, 1989, 4:30 p.m. | [Withdrawal Sheet] James A. Kelly to Robert M. Gates, re: Korea: Two Topics | Letter from Roh Tae Woo to George Bush: Jan 20, 1989 President Bush’s Trip to Japan, China, Korea-February 23-27,"
PZA0003083,1989-Briefing Books [1],PZA0003083,부시,1989,PZA0003083,,"도표, 메모, 리포트, 기록물 매수 44 형 태 현황보고서, 발언문",81,"이 기록물철은 미국 부시 대통령의 1989년 2월 23~27일간 일본, 중국, 한국 순방에 따라 백악관 대통 령비서실이 미국 부시 대통령에게 전달한 각 국가 간 현황정보 보고서로, 동 기록물철 상에는 한국경제 에 대한 간략한 미국 정부의 분석결과만이 포함되어 있다. 동 현황정보에 따르면, 당시 미국 정부는 1988 년 한국의 GDP가 12% 성장하였고 이를 “세계에서 가장 빠른 경제성장”을 보여준다고 판단하고 있으며, 1987년 기준으로 총 무역액이 1120억 달러에 이르는 등 세계에서 15번째 무역대국으로 성장하였다고 기 술하고 있다. 반면 한국 무역의 34%가 미국에 의존하고 있으며 이는 미국의 무역상대국 중 7번째로 큰 규모일 뿐만 아니라 대미 무역에 있어 한국이 연간 100억 달러의 흑자를 거두고 있다는 점 역시 지적하 고 있다. 특히 한국의 경제성장에도 불구하고 한국의 경제구조는 정부 의존적 형태를 취하고 있으며 이 비율은 점차적으로 감소하는 추세이나, 여전히 정부 의존적이며 이에 따라 금융기관의 형태 역시 정부 주도의 거대 금융기관을 중심으로 구성되어 있고, 이를 통해 한국 대기업이 컴퓨터, 자동차, 항공기 부품 등 첨단 산업으로 진출하고 있으며, 미국의 상품시장에 진입하고 있음을 강조하였다.","The Visit of President Bush to Korea February 27, 1989 Briefing Book President Bush’s Trip toJapan, China, Korea-February"
PZA0003084,"23-27, 1989-Briefing Books [2]",PZA0003084,부시,1989,PZA0003084,,"도표, 메모, 리포트, 기록물 매수 44 형 태 현황보고서, 발언문",82,"이 기록물철은 미국 부시 대통령의 1989년 2월 23~27일간 일본, 중국, 한국 순방에 따라 백악관 대 통령비서실이 미국 부시 대통령에게 전달한 각 국가 간 현황정보 보고서로, 동 기록물철 상에는 일본 경 제에 대한 분석과 극동 순방 이후 부시 대통령의 귀국 성명문만이 포함되어 있다. 먼저 동 현황정보 상 에는 미국 정부는 일본 경제의 GNP는 지속 성장추세를 보이고 있으나 1987년을 기점으로 일본 정부의 ‘정부투자’가 큰 규모로 증가하였고, 이는 1986년부터 시작된 일본의 소비자 물가지수 하락(디플레이션) 에 대한 일본 정부의 대응인 것으로 분석하였다. 이러한 디플레이션은 1985년을 기점으로 시작된 극심 한 엔고현상에 기인한 것이며, 1985년부터 무역불균형 수치가 급속도로 증가하고 있음을 시사하고 있다.","The Visit of President Bush to Japan February 23-25, 1989 Briefing Book | Remarks by the President upon Arrival from the Far east | [Memo] to Jackson | [Withdrawal Sheet] james A. Kelly to Philip Hughes, re: Preparations for the President’s Asian Trip: Some Lessons | [Withdrawal Sheet] Meeting with Nigerian President Balbangida"
PZA0003085,Korea(South)-General 1990[1],PZA0003085,부시,1990,PZA0003085,,"비망록, 서한, 발언문, 메모, 기록물 매수 88 형 태 보고서",83,"이 기록물철은 1990년 한국의 일반적 문제에 관해 정리한 문건으로서, 한국 및 유럽공동체 가맹국(EC) 과 미국 사이의 통신무역에 관한 협정, 1991년 한미 연합군사훈련인 팀스피리트의 지속 실시에 대한 내 용, 1990년 11월 한국인권문제 연구소가 미국 부시 대통령 수신명의로 보낸 한국의 인권상황에 대한 개 선요청에 관한 내용으로 구성되어 있다. 먼저 통신무역 협상에 관한 건으로서, 미국 무역대표부(USTR)의 건의에 따라 한국 및 유럽공동체(EC) 가맹국에 대한 통신무역 장벽 개방시한을 1년 늦출 것을 합의하였으며, 미국 무역대표부(USTR)는 개방 시한의 연장에도 불구하고 한국의 경우 이미 통신시장 자유화에 대해 ‘기본적 수준’은 동의하였고 유럽 공동체의 경우 단일 통신시장으로서 통합한 뒤 시장 자유화조치를 취하려는 목적인 것으로 보고, 금번의 두 번째 기한연장 조치에도 불구하고 추후 미국의 해외 통신시장 개방정책을 저해하지 않을 것으로 판단 하고 있다. 다음으로 1991년 한미 연합군사 훈련인 팀스피리트를 지속 실시할 것인지의 여부와 관련하 여, 당시 1990년 말부터 시작된 북한의 핵개발 의혹과 이에 따른 북한의 ‘전쟁연습 중단’ 요구에도 불구 하고 이를 지속 실시할 것을 한국 정부에게 확약하고 이에 대해 한국 정부가 감사를 표하는 서한이 포함 되어 있다. 단, 이에 대한 미국정부의 판단근거 및 분석자료는 비공개 기록물 목록으로 확인할 수 없다. 끝으로 한국인권문제연구소가 보낸 인권상황 개선요청에 대한 서한은 1987년 케네디 상을 수여받은 김근태 등 민주인사가 다시 탄압받고 있으며, 방송매체 등을 통한 대정부 비판이 여전히 허용되지 않고 있다는점, 1990년 7월 정기국회에서 30초만에 26건의 법안이 기습 통과 되는 등, 한국의 민주주의는 여 전히 나아지지 않고 있음을 강조하였다. 미국 정부가 최근 실시된 자유선거만으로 한국의 인권상황이 개 선되고 있다고 판단해서는 안됨을 주장하는 내용이다.","Memorandum from Stephen I. Danzansky to the President: Telecommunications Trade Negotiations | [Withdrawal Sheet] Joungwon Kim to Karl D. Jackson, re: appreciation for December 18, 1990 meeting; home telephone number redacted | [Withdrawal Sheet] mary M. Wadsworth to Robert M. Gates, re: Significant Military Exercise TEAM SPITIT “91 | [Withdrawal Sheet] Douglas Paal to Brent Scowcroft, re: Meeting | Memorandum from Douglas Paal to William F. Sittmann: Reply to Antonio Benedi’s Request -- South Ko- rean Invitation | Memorandum from William F. Sittmann to James W. Cicconi: Letter to President Roh of Korea | Letter from Lee Jong Koo to George Bush: Nov 20, 1990 | Memorandum from William F. Sittmann to James W. Cicconi: Letter to President Roh of Korea | [Withdrawal Sheet] William F. Sittmann to J. Stapleton Roy, re: Correction of Presidential Memcon with Lee Jong Koo, Minister of National Defense of the Republic of Korea | Memorandum from R. Blair Downing to William F. Sittmann: Foreign Trip Report | [Withdrawal Sheet] Brent Scowcroft to POTUS, re: Meeting with South Korean Minister on National De- fense Lee Jong Koo | Korean Institute for human Rights | [Withdrawal Sheet] Congressional Human Rights Caucus, U.S. House of Representatives to President Roh Tae Woo of Republic of Korea | [Withdrawal Sheet] Douglas Paal to Brent Scowcroft, re: South Korean Defense Minister Courtesy Call on the President, November 16, 1990"
PZA0003086,Korea(South)-General 1990[2],PZA0003086,부시,1990,PZA0003086,,"비망록, 서한, 발언문, 메모, 기록물 매수 131 형 태 보고서",84,"이 기록물철은 1990년대의 한미관계, 남북관계, 한소관계를 유추할 수 있는 자료이다. 먼저 하워드 베 이커(Howard H. Baker) 상원의원이 보낸 서한은, 베이커 상원의원 주선을 통해 한국 현대그룹의 정주영 회장이 미국을 방문하여 남북교류 및 한소 경제관계 수립에 관해 미국 부시 대통령과 회담을 가지려던 계획이 미국 대통령의 중동 순방일정으로 인해 불발되었다는 내용이며, 동 서한에서 베이커 상원의원은 한국의 북방정책 및 당면한 북한 문제와 관련하여 추후에라도 회담을 진행할 필요가 있음을 백악관 안보 보좌관 스코크로프트(Brent Scowroft)에게 강조하였다. 다음으로 당시 민주자유당 총재 김영삼이 소비 에트 연방(러시아)를 방문하여 모스크바 소재 세계경제 및 국제관계연구소(IMEMO)에서 연설 내용, 끝 으로, 1990년 미국 부시 대통령의 서면 인터뷰 내용에 관한 것이다. 내용은, 첫째 주한미군 재배치 문제 로 인한 한미 안보관계에 대한 질의, 둘째 북한의 팀스피리트 중단 요구 및 핵개발 의혹과 연계하여, 당 시 미국 및 한국의 북방정책과 유사한 형태의 대화정책을 펼칠 것인지에 대한 질의, 셋째 통신시장과 같 은 한국의 시장개방에 대한 미국의 입장에 관한 질의로 구성되었다. 먼저, 주한미군 재배치 문제에 관하여서는 미국 정부는 어떠한 경우에도 한국의 평화와 안전을 확고 히 할 것이며 다만 북한이 유화적 자세로 임할 경우 남북간 대화가 이루어지는 것에 관하여서는 한국 정 부의 입장을 지지한다고 표명하였다. 기타 한-미 대통령 간 교신서한, 한국 국방부 장관과의 회담 기록, 북한문제 및 한-소 관계에 대한 미국 정부의 분석, 당시 남북관계에 대한 미국 정부의 분석 등은 비공개 기록물 목록이거나 서한 및 기록 내용이 포함되지 않아 확인할 수 없다.","Memorandum from Douglas Paal to Brent Scowcroft: Reply to Howard Baker’s Request that the President Meet with Ju Yung Chung | [Withdrawal Sheet] W.D. Knowles to Karl Jackson and Doug Paal, re: Letter from Lee, Woo Shik to Lt. Gen. Teddy G. Allen. | [Transmittal Form] Response to President Bush’s letter of 9/27/90 | [Withdrawal Sheet] NSC Correspondence Profile Sheet, re: Alert Memo | [Withdrawal Sheet] Re: DPRK | [Withdrawal Sheet] Richard H. Solomon to Richard Clarke to Mr. Kimmit, re: The Two Koreas | [Withdrawal Sheet] Carl. W. Ford, Jr. to Special Assistant to the President for Asian Affairs, re: Management Plan | Letter from Hong-Choo Hyun to Brent Scowcroft: Jun 21, 1990 | Memorandum from Douglas Paal to Brent Scowcroft: Brief Reply to Korean Ambassador Hyun | [Withdrawal Sheet] William F. Sittmann to Brent Scowcroft, re: Breakfast Meeting, Wednesday, June 27, 1990, 7:15 a.m. | Memorandum from Douglas Paal to Brent Scowcroft: Presidential Proclamation for Korean War Remem- brance Day | [Withdrawal Sheet] Adrian Basora to Brent Scowcroft, re: Affliation of Selected Eastern European Coun- tries with the OECD | Letter Seung Kon Lee to Karl D. Jackson: Jun 14, 1990 | [Withdrawal Sheet] J. Stapleton Roy to Brent Scowcroft, et al., re: strategy Review Meeting | [Withdrawal Sheet] Brent Scowcroft to POTUS, re: Meeting President Roh Tae Woo of the Republic of Korea | [Withdrawal Sheet] schedule Proposal, re: Office Meeting with Republic of Korea President Roh Tae-woo [sic] | [Withdrawal Sheet] Request for Appointments; personal information and name redacted | [Withdrawal Sheet] Re: Visitors of Republic of Korea to White House; personal information redacted | [Speech at MEMO] The Future of the ROK-USSR Relations | The Joint Communique by the Democratic Liberal Party and the Institute of World Economics and Interna- tional Relations | Letter from Tae Ik Chung to Karl Jackson: Apr 10, 1990 | Memorandum from William F. Sittmann to Roman Popadiuk: Mar 31, 1990 | Memorandum from Karl D. Jackson to William F. Sittmann: Presidential Written Interview | Memorandum from Douglas Paal to Brent Scowcroft: Schedule Proposal -- Visit of President Roh Tae Woo of the Republic of Korea, May 30, 1990 | Memorandum from Douglas Paal to Brent Scowcroft: Meeting with American Chamber of Commerce in Korea | Letter from Seung-Soo Han to Karl Jackson: Feb 28, 1990 | [Withdrawal Sheet] Handwritten notes, re: DPRK military | [Withdrawal Sheet] Re: DPRK military | [Withdrawal Sheet] Douglas Paal to Robert M. Gates, re: Your Meeting with Korean Ambassador Park Tong-Jin, February 15, 1990, 2:00-2:30 p.m. | [Memo] | [Withdrawal Sheet] Re: Korea and Japan | Memorandum from Douglas Paal to Brent Scowcroft: Invitation to Meeting with C.S.I.S. Northeast Asia Council | Memorandum from Karl D. Jackson to G. Philip Hughes: Memorandum of Telephone Conversation with Roh Tae Woo, President of the Republic of Korea"
PZA0003087,Korea(North)-General 1990,PZA0003087,부시,1990,PZA0003087,3,서한,87,이 기록물철은 한국 한승수 의원이 헤리티지(Heritage)재단의 국가안보위원회의 전문가인 칼 잭슨 (Karl D. Jackson)에게 보내는 서한이다. 한승수 장관이 상공부 장관을 그만두고 의회로 복귀한다는 보 고 내용으로서 칼 잭슨이 한·미 통상교역에서 적극적으로 협력한 것에 감사하는 내용이 포함되어 있다.,"Letter from Seung-Soo Han to Karl Jackson: Apr 9, 1990 | [Withdrawal Sheet] From Carl W. Ford, re: North Korea"
PZA0003088,Korea 1992,PZA0003088,부시,1992,PZA0003088,3,메모,87,"이 기록물철은 1992년 12월 18일 한국의 대통령 선거 결과, 김영삼이 대통령으로 당선되었고 미국은 이에 대해 환영한다는 내용이다.",Statement by the Press Secretary | Korea
PZA0003091,Korean Fighter Program,PZA0003091,부시,1990,PZA0003091,19,전문,88,"이 기록물철은 1985년부터 진행된 한국형전투기사업에 관해 당시 미국 딕슨(Dixon) 상원의원의 무기 수출통제법 수정 필요성 제기에 따라 미국 국방부(DOD)가 상원에 보고한 정부 보고서의 전문(Cable) 문건이다. 동 전문에서, 딕슨 상원의원이 무기수출통제법 제36조의 수정이 필요하다는 문제제기를 제출하였다. 특히, 딕슨 상원의원은 미 해군의 현역 전투기인 F/A-18은 미국의 무기수출통제법에 따라 미국의 전략 자산으로 수출이 불가함에도 불구하고, 한국의 차기전투기 선정과 이에 따른 미국 정부의 수출 결정에 따라 진행되는 것이 문제가 있다는 상원 내 여론을 반영함을 표명하였다. 반면, 미국 국방부는 한국형전 투기사업이 미국 경제에 있어 가장 핵심적 수출사업 중 하나가 될 것으로 예견하면서, 동 전투기 수출을 통해 대한교역 상에 30억 달러의 수익과 미국 내 2,900만 명의 고용을 창출할 것임을 강조하며, 한국이 전통적 우방국이라는 점, 북한의 Mig-29 수입과 북한 지상군 전력 증강에 따른 역내 안보의 유지가 필 요하다는 점 등을 근거로 F/A-18 호넷 전투기의 필요성을 주장하였다. 또한 한국형전투기사업은 일본 의 차세대전투기 개발 프로그램과는 달리 한국 정부와 맺은 양해각서(MOU)에 근거할 때, 첫째 한국의 경우 신형 전투기의 공동개발이 아닌 기존 전투기의 공동제작으로서 모든 공정이 미국에서 진행된다는 점, 둘째 미국 전략자산으로서 F/A-18 전투기의 레이더, 내부 항법시스템, 컴퓨터 운영코드 등은 한국 이 기술적으로 접근할 수 없도록 통제될 것이며 동 전투기 부품에 대한 개발 및 생산은 전적으로 미국 국 방부 관할에서 진행될 것이라는 점을 들어, 딕슨 상원의원이 제기한 무기수출통제법 제36조의 수정이 필 요하지 않음을 주장하는 내용이 포함되어 있다.","Re: KFP: Nede to Initial MOU | Memorandum to Director, DSAA: Administration Position on Senator Dixon | Topic: Korean Fighter Program"
PZA0003093,Korea,PZA0003093,부시,1990,PZA0003093,15,비망록,89,"이 기록물철은 한국형전투기사업과 관련하여 당시 미국 딕슨(Dixon) 상원의원의 무기수출통제법 수정 필요성 제기에 따라 미국 국방부(DOD)가 상원에 보고하기 이전, 미국 정부의 입장을 정리하여 국방부 안 보지원국(Defense Security Assitance Agency) 회의에서 결정된 사안에 관련된 내용이다. 여기서 미국 국방부의 입장은 첫째, 한국형전투기사업이 미국 경제에 30억 달러의 수익과 미국 내 2,900만 명의 고용을 창출할 것임을 강조하고, 둘째 F/A-18 호넷 전투기에 포함된 항공부품 중 미국 의 전략자산은 미국 내에서 생산되고 기술적 접근을 불가능하게 조치할 것인바 딕슨 상원의원이 제출 한 법안 수정의 필요성 문제는 제기되지 않을 것이며, 셋째 당시 무기수출통제법 하 50일 이내에 의회 에 보고하도록 되어 있는 절차를 이행하였으므로 동 절차 이행 상의 불법성 역시 존재하지 않음을 주장 하고 있다.","Memorandum to Director, DSAA: Administration Position on Senator Dixon | [Purpose] To Prohibit the transfer of technology to the Republic of Korea … NSC Confidential Files-"
PZA0003095,Document Number :9102213,PZA0003095,부시,1991,PZA0003095,10,"메모, 리포트",89,"이 기록물철은 1991년 4월 11일, 스코크로프트(Scowcroft)에게 보내진 미국 국가안전보장회의의 문건 으로서 모잠비크, 남아프리카, 튀니지, 뉴질랜드, 페루, 한국, 아르헨티나에 새로 지명된 대사들에 대한 신임장 제정 일정을 제안한 것이다.",[NSC/S Profile] SP for credentials ceremony for newly appointed AMBS to Washington 11 Apr NSC Confidential Files-
PZA0003096,Document Number :9102338,PZA0003096,부시,1991,PZA0003096,13,"메모, 리포트",90,"이 기록물철은 1991년 5월 1일 오후 2시, 스코크로프트(Scowcroft)에게 보내진 미국 국가안전보장회 의의 문건으로서 한국 외무부장관 이상옥과의 대화가 이루어진다는 사실을 표기한 내용이다.",[NSC/S Profile] Approved Pres Activity / MTG W / South Korean FOMIN Lee Sang Ock 1 May 2 PM NSC Confidential Files-
PZA0003098,Document Number :9103153,PZA0003098,부시,1991,PZA0003098,15,"메모, 리포트",90,"이 기록물철은 미국 부시 대통령과 한국 외무부장관 이상옥의 회담에 대한 건으로서 미국 정부가 한국 의 유엔 가입 문제에 대한 지지를 공식적으로 표명하고 당시 미국의 걸프전 수행에 있어 한국의 참여 및 지원에 대해 사의를 표명하는 내용이다. 동 회담에서 한국측은 이상옥 외무부 장관, 현홍주 주미대사, 반 기문 MOFA 국장, 유명환 한국 영사 등이 배석하였고, 회담 일정간 한국 외무부 대표단은 퀘일 미국 부 통령, 단테 파셀 하원의원 등과도 회담을 진행하였으며, 워싱턴 소재 아시아 소사이어티의 리셉션에도 참석하여 한국의 유엔 가입지지를 호소하고 이에 대한 급부로서 한국의 걸프전 참전을 표명하였다.",[NSC/S Profile] Talkers for Pres MTG W/ South Korean FOMIN Song[Sang] Ock Lee on 1 May re Support for Entry into UN & Appreciation for Role in Gulf War NSC Confidential Files-
PZA0003101,Document Number :9106758,PZA0003101,부시,1991,PZA0003101,10,"메모, 일정계획서",91,"이 기록물철은 1991년 11월 25일부터 12월 6일 일정으로 계획된 미국 부시 대통령의 아시아-태평양 지역 순방일정에 관한 내용이다. 동 순방은 일본, 한국, 인도네시아, 호주 순으로 이루어졌으며, 일본, 인도네시아, 호주에서는 현지 경제인과의 회담을 통해 경제협력을, 한국에서는 한미 연합사령부 방문을 통한 군사협력을 중심으로 진행되었다.",[NSC/S Profile] SP for Pres Trip to Asia & Pacific 25 Nov - 6 Dec NSC Confidential Files-
PZA0003103,Document Number :9106783[2],PZA0003103,부시,1991,PZA0003103,61,"비망록, 메모, 보고서, 발언요지",92,"이 기록물철은 미국 로버트 피어슨(Robert Pearson)이 스코크로프트(Scowcroft)에게 전달한 비망 록으로서 46회 유엔총회에서 미국 부시 대통령 참석시 브리핑할 자료와 UN사무총장 페레즈 데 큐엘라 (Perez De Cuellar)가 주최한 오찬 모임에서 미국 부시 대통령의 발언에 관한 내용이다. 지난 3년간 국 제정치에서 큰 변화가 일어났으며, 냉전이 종식되어 UN의 시스템도 세계 평화와 안전 유지를 위해 주도 적으로 새로운 역할을 맡게 되었다는 내용이 포함되어 있다.",[NSC/S Profile] Briefing Papers for Pres UNGA Briefing Book | Memorandum from W. Robert Pearson to Brent Scowcroft: Briefing Material for the President’s Participa- tion in the 46th UNGA | Memorandum for Brent Scowcroft: Presidential Remarks for Luncheon Hosted by UN Secretary General Javier Perez de cuellar | Memorandum from W. Robert Pearson to Brent Scowcroft: Briefing Material for the President’s Participa- tion in the 46th UNGA NSC Confidential Files-
PZA0003109,Document Number :9204222,PZA0003109,부시,1992,PZA0003109,12,서한,92,"이 기록물철은 1992년 6월 1일 빌리 그레이엄(Billy Graham)이 미국 백악관 안보보좌관 브렌트 스코 크로프트(Brent Scowcroft)에게 보내는 서한과 이에 대한 답신에 관련된 내용이다. 동 서한에서 빌리 그레이엄은 유엔 주재 리오 환경회의에서 북한 대표와 접촉하였던 사례를 통해, 당 시 북미 관계의 냉각과 이에 따른 공식적 채널의 부재 문제를 연결하여, 유엔의 안보회의에서의 접촉이 나 북미 단독회담을 통한 접촉이 불가능한 상황에서 이러한 비군사적 국제회의를 통해 접촉가능함을 시 사하였다. 또한 북한 대표부를 통해 북한의 김일성이 미국과의 관계를 개선하기를 희망한다는 사실을 전 달하였다. 결론적으로 이러한 관계개선 논의를 비군사적 국제회의에서의 접촉을 통해 냉각된 북미관계 를 해소하고 북한 장거리 미사일 및 핵개발 의혹 문제를 해결할 수 있음을 제안하였다.",[NSC/S Profile] Scowcroft LTR to Reverend graham re request for MTG W/ North Korean delegation while at earth summit in Rio De Janiero NSC Confidential Files-
PZA0003111,Document Number :9204737,PZA0003111,부시,1992,PZA0003111,8,전문,93,"이 기록물철은 1992년 6월 14일 한국의 노태우 대통령이 미국 부시 대통령에게 전달한 서한으로서, 미 국 정부 주도로 “한국전쟁 참전용사를 위한 기념식”이 워싱턴에서 진행되었고 동 행사 자리에서 미국정 부가 공식적으로 미국의 희생을 기반으로 한국이 자유와 경제발전을 이룩할 수 있었음을 표명하여 준 것 에 대해 감사를 표명하는 내용이다.",[NSC/S Profile] LTR to Pres fm Korean Pres Roh Tae Woo re Korean War Memorial NSC Confidential Files-
PZA0003113,Document Number :9205274,PZA0003113,부시,1992,PZA0003113,11,"서한, 메모",94,"이 기록물철은 1992년 7월 미국의 전 하원의원인 리차드 아이코르(Richard H. Ichord)의 북한 방문에 대해 미국 백악관 국가안보보좌관 브렌트 스코크로프트(Brent Scowcroft)가 감사를 표명하는 내용의 서 한과, 이에 대해 리차드 아이코르가 브렌트 스코크로프트에게 답신을 보내면서 북한 현황에 대해 설명하 는 내용의 서한이다. 특히 리차드 아이코르는 답신에서, 북한은 매년 6월 25일을 “반미 대결의 달”로 규 정하고 반미의식을 고양하고 있고 김일성은 그러한 상징으로서 ‘반미의식’을 고양하고 있지만, 방북기간 동안 자신은 김일성과 대부분의 시간을 보냈음을 기술하면서, 미국 링컨 대통령이 행했던 화법과 감성적 접근을 통해 북미관계 개선에 대한 김일성의 동의를 일정부분 끌어내었음을 보고하였다. 또한 1989년부 터 1992년까지 지구정치적 질서가 크게 변동하고 있음을 기술하면서, 미-소 대립구도가 깨어지고 이에 따라 한반도 분단의 문제를 중요하게 다룰 필요가 있음을 주장하였다.",[NSC/S Profile] Thanks for Fax re Trip to North Korea NSC Confidential Files-
PZA0003114,Document Number :9206358,PZA0003114,부시,1992,PZA0003114,61,비망록,94,"이 기록물철은 미국 국가안전보장회의의 문건으로서 적성국 교역법 하의 특정 권한 활용의 확대 적용 에 관한 것, 비준서, 스코크로프트(Scowcroft)가 대통령에게 전달한 비망록으로서 적성국 교역법 5(b) 조항에 기반한 금수 조치가 1992년 9월 14일에 종료되지만 이를 1년간 확대 적용한다는 대통령의 결정, 적성국 교역법 하의 일부 권한 행사 확대, 미국 국무부 국제문제 담당국 부국장 필립 두설트(Philip A. Dusault)가 미국 국가안전보장회의 기록물 관리국의 윌리엄 리어리(William H. Leary)에게 보내는 서 한, 니콜라스 브래디가 미국 부시 대통령에게 보내는 서한, 전쟁 또는 국가비상상황에서 미국 부시 대 통령의 권한, 미국 국무장관에게 전달한 비망록으로서 적성국 교역법 하의 특정 권한 활용의 확대 적용 에 관한 내용이다.",[NSC/S Profile] Extension of exercise of Certain authorities under Trading W/ Enemy Act | [NSC Distribution receipt] | Memorandum for the Secretary of State: Extension of the Exercise of Certain Authorities under the Training with the Enemy Act | Memorandum from Brent Scowcroft to the President: Presidential Determination Regarding Extension of the Embargo Programs under Section 5(b) of the Trading with the Enemy Act | Memorandum from Martha Hill to Brent Scowcroft: Presidential Determination Regarding Extension of the Embargo Programs under Section 5(b) of the Trading with the Enemy Act | Letter from Philip A. Dusault to William H. Leary | Letter from Nicholas F. Brady to the President | War or National Emergency-Presidential Powers | Extension of the Exercise of Certain Authorities under the Trading with the Enemy Act | Memorandum for Secretary of State: Extension of the Exercise of Certain Authorities under the Trading with the Enemy Act | Memorandum from Martha Hill to Brent Scowcroft: Presidential Determination Regarding Extension of the Embargo Programs under Section 5(b) of the Trading with the Enemy Act | Memorandum from Brent Scowcroft to the President: Presidential Determination Regarding Extension of the Embargo Programs under Section 5(b) of the Trading with the Enemy Act | Memorandum for Secretary of State: Extension of the Exercise of Certain Authorities under the Trading with the Enemy Act | [National Security Council: Distribution Receipe] NSC Confidential Files-
PZA0003115,Document Number :9206445,PZA0003115,부시,1992,PZA0003115,19,비망록,96,"이 기록물철은 미국 국가안전보장회의의 문건으로서 적성국 교역법 하의 특정 권한 활용의 확대 적용 에 관한 것, 전쟁 또는 국가비상상황에서 미국 부시 대통령의 권한, 적성국 교역법 5(b)조항에 기반한 금 수 조치의 확대적용에 대한 대통령의 결정에 관한 것이다. 특히, 적성국으로서 캄보디아, 북한, 베트남, 쿠바 등을 거론하고 있으며, 문건의 수발신자는 모두 다르지만 모두 같은 내용이다.","[NSC/RMO Profile] Extension of Exercise of Certain authorities under trading W/ enemy Act | [NSC/S Profile] Extension of Exercise of Certain authorities under trading W/ enemy Act | Letter from Nicholas F. Brady to the President: Aug 14, 1992 | War or National Emergency-Presidential Powers | Extension of the Exercise of Certain Authorities under the Trading with the Enemy Act | Memorandum for Secretary of State: Extension of the Exercise of Certain Authorities under the Trading with the Enemy Act | Memorandum from Martha Hill to Brent Scowcroft: Presidential Determination Regarding Extension of the Embargo Programs under Section 5(b) of the Trading with the Enemy Act | Memorandum from Roseanne M. Hill to Stephen G. Rademaker: LOG 6358 Treasury Embargo Programs | Memorandum from Brent Scowcroft to the President: Presidential Determination Regarding Extension of the Embargo Programs under Section 5(b) of the Trading with the Enemy Act | Memorandum for Secretary of State: Extension of the Exercise of Certain Authorities under the Trading with the Enemy Act | Letter from Nicholas F. Brady to the President: Aug 14, 1992 | War or National Emergency-Presidential Powers | Extension of the Exercise of Certain Authorities under the Trading with the Enemy Act | Memorandum for Secretary of State: Extension of the Exercise of Certain Authorities under the Trading with the Enemy Act NSC Confidential Files-"
PZA0003118,Document Number :9206989,PZA0003118,부시,1992,PZA0003118,15,"서한, 메모",97,"이 기록물철은 1992년 9월 17일, 다음주 뉴욕 유엔 총회에서 미국 부시 대통령과 한국 노태우 대통령 과의 만남이 불가능하게 되었음을 알리는 내용이다.",[NSC/RMO Profile] Pres LTR to Pres Roh of Korea to Express Regret at being unable to Meet w/ Him dur- ing UNGA in New York | [NSC/RMO Profile] Pres LTR to Pres Roh Tae Woo of Korea NSC Confidential Files-
PZA0003135,Document Number :9120439,PZA0003135,부시,1991,PZA0003135,,"메모, 목차, 보고서, 비망록, 기록물 매수 28 형 태 부록, 발언요지",97,"이 기록물철은 1991년 6월 12일, NSC(National Security Council)가 백악관에서 대북한 정책, 북한 핵에 대한 회의를 진행한다는 내용이다.","[Withdrawal Sheet] William F. Sittmann to Karl D. Jackson, et al., Re: NSC/DC Meeting | Memorandum from William F. Sittmann to Karl D. Jackson: NSC/DC Meeting on the Korean Policy | [Withdrawal Sheet] Re: NSR 28 | [Withdrawal Sheet] Re: NSR 28 | [Withdrawal Sheet] NSR 28 | [Withdrawal Sheet] NSR 28, Re: U.S. Security Interests | [Withdrawal Sheet] William F. Sittmann to Karl D. Jackson, et al., Re: NSC/DC Meeting | North Korea Policy Strategy: Agenda | [Withdrawal Sheet] Re: South Korea | [Withdrawal Sheet] Re: Warning Signs | [Withdrawal Sheet] Re: South Korea | [Withdrawal Sheet] Re: Foreign Policy | [Withdrawal Sheet] Re: Motivations | [Withdrawal Sheet] Re: Political Dynamics | [Withdrawal Sheet] Re: Reactions | Memorandum from Douglas Paal to William F. Sittmann: Agenda for June 12 NSC/DC Meeting on the Korean Policy Strategy Review | [Withdrawal Sheet] National Security Council Distribution Receipt, Re: DC Meeting | [NSC/S Profile] Discussion Paper for 12 Jun DC MTG Re NSR 28/ Korean Policy Strategy NSC Confidential Files-"
PZA0003154,Document Number :9220229,PZA0003154,부시,1992,PZA0003154,7,"비망록, 보고서, 메모",98,"이 기록물철은 1992년 3월 27일, 북한에 대한 정책조정위원회(PCC) 회의를 개최한 것에 대한 것이다.","[NSC/S Profile] Conclusions reached at 27 Mar PCC MTG on North Korea | [Withdrawal Sheet] W. Robert Pearson to Brent Scowcroft, re: PCC Korea Policy Strategy Review Meeting; redaction NSC Confidential Files-"
PZA0003165,Document Number :8901657,PZA0003165,부시,1989,PZA0003165,11,서한,99,"이 기록물철은 대한항공 007편 추락사고에 대한 찰스 그레스리(Charles E. Grassley) 상원의원이 백악관 국가안보위원회(National Security Council)의 버지니아 램플리(Virginia Lampley)에게 보낸 서한과 쟈넷 뮬린(Janet G. Mullins)이 찰스 그레스리 상원의원에게 보낸 서한으로 구성되어 있다. 찰스 그레스리 상원의원은 램플리에게 보낸 서한에서 대한항공 007편 추락사고와 관련하여 대한항공 기가 소비에트 영공에서 착륙을 시도하면서 소련이 여전히 이 사건 생존자의 피난처로서 생각하고 있 음을 지적하고, 무엇보다 이 항공기 사고의 추가적 정보를 제공해준데 대해 감사를 전하고 있다. 쟈넷 뮬린은 찰스 그레스레이 상원의원에게 보낸 서한에서 대한항공 007편 추락사고와 관련한 진실을 밝히는 데 있어 정보를 제공하지 않는 소비에트가 주요 장애물임을 밝히고 소비에트의 태도 변화를 이끌기 위해 가능한 협력을 확대해야 한다는 내용을 담고 있다.","[NSC/S Profile] Downing of KAL Flight 001/ Possibility that is Harboring Survivors: May 9, 1989 NSC Confidential Files-"
PZA0003166,Document Number :8901921,PZA0003166,부시,1989,PZA0003166,6,서한,100,이 기록물철은 한국 신민주공화당의 김종필 총재가 부시 대통령에게 보낸 서한으로 구성되어 있다. 김종필 총재는 부시 대통령의 성공적 한국 방문에 대해 축하를 보내고 국회에서 행한 부시 대통령의 연설 에 대해 경의를 표하고 양국 간 우의와 협력을 강화하는데 힘을 기울이자는 내용을 담고 있다.,"[NSC/S Profile] Altering Pres Correspondence / LTR To Pres fm Korean Pres of Democratic Public Party: Mar 21, 1989 NSC Confidential Files-"
PZA0003167,Document Number :8901954,PZA0003167,부시,1989,PZA0003167,7,서한,100,이 기록물철은 팀스프리트 훈련시 헬기 추락 사고에 대해 미국 부시 대통령과 한국 노태우 대통령 간 에 주고받은 서한으로 구성되어 있다. 한국 노태우 대통령은 미국 부시 대통령에게 보낸 서한에서 1989년 팀스프리트 훈련 도중 헬기 충돌 로 인한 사망자와 부상자에 대해 애도하고 이들에 대한 최상의 보상을 약속하는 내용의 서한을 보냈다.,[NSC/S Profile] LTR to Pres fm Pres of South Korea Re Helicopter Crash / Team Spirit NSC Confidential Files-
PZA0003168,Document Number :8902729,PZA0003168,부시,1989,PZA0003168,5,"서한, 비망록",101,이 기록물철은 한국 김용환 의장이 미국 브렌트 스코크로프트(Brent Scowcroft)에게 보낸 서한으로 구성되었다. 김용환은 부시 대통령이 1989년 2월 27일 한국의 국회에서 행한 연설에 대한 성공을 축하 하며 부시 대통령의 방한이 양국 간 협력관계를 강화하는데 절호의 기회를 제공할 것이라고 말하였다.,[NSC/S Profile] Congratulatory MSG Re Pres Speech to Korean National Assembly NSC Confidential Files-
PZA0003169,Document Number :8902788,PZA0003169,부시,1989,PZA0003169,6,서한,101,"이 기록물철은 미국 하워드 피쉬(Howard M. Fish) 소장이 한미 방위산업 컨퍼런스에 백악관의 필립 휴즈(G. Philip Hughes)를 초청하는 문제와 관련해 보낸 서한과 이에 대한 필립 휴즈의 답신으로 구성 되어 있다. 미국방위준비협회(ADPA: American Defense Preparedness Association)의 하워드 피쉬 국제문제 소장이 5월 31일 샌프란시스코에서 열리는 한미방위산업컨퍼런스(US-ROK Defense Industry Con- ference)에 필립 휴즈를 초청한다는 서한을 보냈고, 이에 대한 필립 휴즈의 수락 답변을 담고 있다.","[NSC/S Profile] Invitation to Hughes to Participate in 1989 US - ROK Defense Industry ConF May 31: Apr 18, 1989 NSC Confidential Files-"
PZA0003170,Document Number :8902820,PZA0003170,부시,1989,PZA0003170,74,"서한, 보고서",102,"이 기록물철은 한국 한승수 상공부 장관이 브렌트 스코크로프트에게 보낸 서한과 동봉한 한국의 무역 정책에 대한 재무부가 작성한 [자유공정무역](Free and Fair Trade) 보고서로 구성되어 있다. 한승수 상 공부 장관이 브랜트 스코크로프트에게 보낸 서한에서 한국과 미국의 쌍무 무역 관계가 중대한 시점에 있 다는 점을 지적하며, 한국에서 만든 새로운 포괄적인 백서인 [자유공정무역](Free and Fair Trade) 보 고서를 동봉하였다. 이 보고서에서 한국은 지난 수년간 무역자유화의 이니셔티브를 가져왔고 이제 새로 운 이니셔티브를 수행해야 하며 한국은 심각한 사회적, 정치적 조건 하에서도 지속적이고도 빠르게 자유 공정무역을 지속해 왔으며 이는 한국이 책임 있는 세계 무역 국가임을 보여주고 있다라고 밝히고 있다.","[NSC/S Profile] Transmittal of Paper on Korean Trade Policies/ Free & Fair Trade Korea Record & Com- mitment | Letter from Seung-Soo Han to Brent Scowcroft: Apr 14, 1989 | [Report] Free and Fair Trade NSC Confidential Files-"
PZA0003171,Document Number :8903097,PZA0003171,부시,1989,PZA0003171,14,서한,103,"이 기록물철은 한국 통일민주당 김영삼 총재가 한국의 평화 및 통일 문제에 대해 논의하기 위해 백악 관을 방문하고 싶다는 의사를 미국에 전달한 서한들로 구성되어 있다. 1989년 3월 31일 통일민주당 김영삼 총재가 헨리 키신저에게 가까운 미래에 한국의 평화와 통일 문제 에 대해 논의하기 위해 백악관 방문을 희망한다는 서한을 보냈다. 이에 헨리 키신저가 백악관의 브렌트 스코크로프트에게 이에 관해 서한을 보냈고, 1989년 6월 9일 워싱턴의 브렌트 스코크로프트는 헨리 키 신저에게 김영삼 통일민주당 대표의 백악관 방문을 환영한다는 답신을 보냈다.","[NSC/S Profile] Request Scowcroft Meet W/ Sam Re Peace & Unification Issues of Korea No Date Given: Jun 02, 1989 NSC Confidential Files-"
PZA0003172,Document Number :8903344,PZA0003172,부시,1989,PZA0003172,15,"서한, 비망록",103,이 기록물철은 한국 박준규 민정당 대표가 미국 방문 중 부시 대통령과의 사진 촬영 기회를 요청하는 내용의 비망록들로 구성되어 있다. 로버트 게이츠(Robert M. Gates)가 앤드류 카드(Andrew H. Card) 에게 한국의 민정당 대표가 대통령과의 사진 촬영을 요청한데 대해 이를 수락할 것을 요청하는 서한도 포함되어 있다.,"[NSC/S Profile] Request Pres Photo 0p W/ Park Chairman of Korea Democratic Justice Party 5- 10 Jun: May 18, 1989 | Letter from Andy Card to Brent Scowcroft: C.K. Park | Letter from Melinda Green to Linda Gambatesa | [Memo] from Cathy Millison to Janet Jeffers | Memorandum from Robert M. Gates to Andrew H. Card: Request for Photo op for Korean Party Leader NSC Confidential Files-"
PZA0003173,Document Number :8903593,PZA0003173,부시,1989,PZA0003173,6,"서한, 비망록",104,이 기록물철은 한국 박준규 민정당 대표가 미국 방문 중 부시 대통령과의 사진 촬영 기회를 요청하는 내용의 비망록들로 구성되어 있다. 미국 멜린다 그린(Melinda Green)이 린다 감바테사(Linda Gam- batesa)에게 보낸 서한에서 박준규 민정당 대표가 1989년 6월 5일부터 10일까지 미국을 방문하는데 이 기간 중에 부시 대통령과의 사진촬영을 희망하고 있으니 이를 가능하도록 스케줄을 조정해 달라는 내용 을 담고 있다. 그리고 이에 대해 앤디 카드(Andy Card)가 브렌트 스코크로프트에게 이를 요청하는 내 용을 담고 있다.,[NSC/S Profile] Request for Photo op W / Pres for Park / Chairman of Democratic Justice Party of Korea NSC Confidential Files-
PZA0003174,Document Number :8903863,PZA0003174,부시,1989,PZA0003174,9,"서한, 보고서",105,이 기록물철은 미국운수부(US Department of Transportation)의 루스 드링카드 크노우스(Ruth Drinkard Knouse)가 백악관 국가안보위원회 필립 휴즈(Philip Hughes)에게 보낸 서한과 해외 출장보 고서로 구성되어 있다. 동봉된 보고서는 ‘세계 도로의 문제와 도전’이라는 주제로 1989년 4월 16~21일 서울에서 열린 제11회 국제도로연맹(International Road Federation: IRF) 세계대회에 참가한 미국연 방도로청(US Federal Highway Administrator) 로버트 페리스(Robert E. Farris)의 출장 보고서이다.,[NSC/S Profile] Forn Travel Trip RPT fm farris Re Internaional Road Ferderation World MTG in Seoul APR 16-21 NSC Confidential Files-
PZA0003175,Document Number :8904232,PZA0003175,부시,1989,PZA0003175,5,서한,105,이 기록물철은 미국무역대표부 칼라 힐스(Carla A. Hills)가 ‘1988 무역법’의 ‘슈퍼 301조’와 관련하여 스코크로프트(Brent Scowcroft)에게 전달한 감사 서한으로 구성되어 있다. 칼라 힐스는 브렌트 스코크로프트에게 보낸 서한에서 ‘1988 무역법’의 ‘슈퍼301조’를 논의하는 토론에 참여한데 대해 감사를 표하면서 지난 몇 주간에 진행된 한국과의 투자지역에 대한 협상에서 놀라운 성공 을 거두었으며 이 협상의 합의문에 대한 서명이 미국에 대해 폐쇄된 시장을 개방하는데 매우 효과적으로 활용될 수 있을 것이라고 확신한다는 내용을 담고 있다.,[NSC/S Profile] Thank you LTR to Scowcroft Re Super & Special 301 Provisions / 1988 Trade Act NSC Confidential Files-
PZA0003176,Document Number :8905049,PZA0003176,부시,1989,PZA0003176,19,"서한, 비망록",106,이 기록물철은 한국의 이상훈 국방장관이 미국 부시 대통령과의 사진촬영 협조 요청에 대한 비망록들 로 구성되었다. 더글라스 팔(Douglas Paal)이 브렌크 스코크로프트(Brent Scowcroft)에게 한국의 이상훈 국방장관이 미국 부시 대통령과의 사진촬영을 요청한다는 내용의 서한을 보내면서 1989년 7월 19일 2시 45분부터 15분간의 스케줄 요청을 동봉하였다. 조셉 하진(Joseph W. Hagin)이 스코크로프트에게 보낸 서한에서 사진촬영 일정을 7월 20일 오전 11시 10분부터 15분 동안으로 조정하는 서한을 보냈다.,"[NSC/S Profile] SP for Lee Sang-Hoon: jun 27, 1989 | [NSC/S Profile] SP for Lee Sang-Hoon: Jul 19, 1989 | [NSC/S Profile] SP for Lee Sang-Hoon: Jul 11, 1989 | Memorandum from Douglas Paal to Brent Scowcroft: Schedule Proposal -- Photo op with Republic of Ko- rea Defense Minister Lee Sang-Hoon NSC Confidential Files-"
PZA0003178,Document Number :8905514,PZA0003178,부시,1989,PZA0003178,8,서한,107,이 기록물철은 한국 김영삼 통일민주당 총재가 브렌트 스코크로프트(Scowcroft)에게 보낸 감사 서한 으로 구성되었다. 한국 김영삼 총재가 1989년 6월 워싱턴 방문 기간 동안 브렌트 스코크로프트와 가진 면담에 대해 감사하고 특히 그가 한국의 민주화와 통일민주당이 남북한 간 대화를 활성화하기 위한 목 적의 모스크바 이니셔티브를 갖도록 지속적으로 관심을 가져준데 대해 사의를 표하는 내용의 서신이다.,[NSC/S Profile] Thank you LTR for MTG W/ Scowcroft NSC Confidential Files-
PZA0003179,Document Number :8905545,PZA0003179,부시,1989,PZA0003179,8,"서한, 비망록",107,"이 기록물철은 한국 노태우 대통령의 공식 미국 방문에 대한 미국 내 언론 발표와 관련하여 필립 휴스, 제임스 시코니, 더글라스 팔(Douglas Paal), 브렌트 스코크로프트(Brent Scowcroft) 간에 이루어진 비 망록들로 구성되어 있다. 한국 정부가 백악관과 청와대에 7월 20일 노태우 대통령의 미국 공식 방문에 대한 발표를 요청했으며 이에 대해 백악관 공보실에서 노태우 대통령의 1989년 10월 17일 공식 방문과 양국 수반이 양국관계와 국제문제에 대해 논의할 예정이라고 발표할 것이라는 내용을 담고 있다.",[NSC/S Profile] Announcement of Working Visit of Roh NSC Confidential Files-
PZA0003180,Document Number :8906074,PZA0003180,부시,1989,PZA0003180,29,"서한, 결의안",108,"이 기록물철은 미국 상원의원 샘 넌(Sam Nunn)이 브렌트 스코크로프트(Brent Scowcroft)에게 보낸 미국 상원의 군사위원회에서 결의한 방위비분담 수정안을 보낸다는 내용의 서한과 방위비분담 수정안, 그리고 스코크로프트의 답신으로 구성되었다. 미국 상원의 군사위원회에서 결의한 방위비분담 수정안 가운데 한국과 미국 간 안보관계와 관련한 수정안 은 한국전쟁 이래 한국은 경제적, 군사적으로 엄청난 성장을 이루어왔으며 국가지출의 1/3에 이르는 막대한 군사비를 지출해 왔고, 미국은 1954년 한미상호방위조약에 따라 한국의 안보와 통일을 위해 기여해 왔다고 평가하였다. 그러나 미국은 한국과 동아시아의 군사 조직, 주둔 지역에 대해 재평가해야 하며 한국과 미국 은 바람직한 주한 미군의 점진적 감축에 대해 논의해야 한다는 점을 지적한다. 부시 대통령은 1990년 4월 1일 이전에 의회에 최초보고서를 제출해야 한다고 권고하는 내용이 담겨있다.","[NSC/S Profile] LTR Re Amendments Approved by armed services com: Sep 18, 1989 | [NSC/S Profile] LTR Re Amendments Approved by armed services com: Jul 31, 1989 | Letter from Brent Scowcroft to Sam Nunn: Sep 18, 1989 | Memorandum from Douglas Paal to Brent Scowcroft: Reply to Senator Nunn Regarding His Burdensharing Amendments | A Bill: Relating to defense burdensharing by the NATO allies of the United States NSC Confidential Files-"
PZA0003182,Document Number :8906549,PZA0003182,부시,1989,PZA0003182,7,"서한, 메모",109,이 기록물철은 한국 외무부 장관 최호중이 미국 워싱턴 방문에 대해 부시 대통령에게 보낸 감사 서한 으로 구성되어 있다. 워싱턴 방문시 백악관에서 부시 대통령과의 면담에 대해 감사하며 이 만남이 한국 과 미국 양국의 유대를 강화하는데 기여할 것이라는 내용을 담고 있다.,[NSC/S Profile] LTR to Pres fm ROK Fomin Choi Ho Joong NSC Confidential Files-
PZA0003183,Document Number :8906626,PZA0003183,부시,1989,PZA0003183,8,서한,109,이 기록물철은 유자망 어업에 대해 로버트 모스바처(Robert A. Mosbacher)가 부시 대통령에게 보낸 서한으로 구성되었다. 로버트 모스바처는 부시 대통령에게 보낸 서한에서 유자망 어업의 영향에 대한 모 니터링 평가 및 통제에 관한 법안(1987)에서 요구한 협정에 한국과 대만이 서명하지 않았음을 강조하고 이로 인해 한국과 대만의 어민이 규제되지 않은 조업을 계속함으로써 미국의 해양 환경과 자연자원 훼손 에 심각한 영향을 미치고 있다고 주장하였다. 나아가 이들 국가들이 1989년 8월 28일까지 협정에 참여 하도록 강력한 경고 메시지를 요청하는 내용을 담고 있다.,[NSC/S Profile] Agreements required by driftnet impact monitoring asssment & control ACT of 1987 NSC Confidential Files-
PZA0003184,Document Number :8906673,PZA0003184,부시,1989,PZA0003184,13,"서한, 비망록",110,"이 기록물철은 유자망 어업과 관련하여 미국 로버트 모스바처(Robert A. Mosbacher)가 부시 대통 령에게 보낸 서한, 대통령이 의회에 보낸 서한, 스테픈 단잔스키(Stephen I. Danzansky)가 8월 24일 대통령에게 보낸 비망록으로 구성되었다. 로버트 모스바처는 부시 대통령에게 보낸 서한에서 유자망 어 업의 영향에 대한 모니터링 평가 및 통제에 관한 법안(1987)에서 요구한 협정에 한국과 대만이 서명하지 않았음을 강조하고 이로 인해 한국과 대만의 어민이 규제되지 않은 조업을 계속함으로써 미국의 해양 환 경과 자연자원 훼손에 심각한 영향을 미치고 있다고 주장하였다. 나아가 이들 국가들이 1989년 8월 28 일까지 협정에 참여하도록 강력한 경고 메시지를 요청하는 내용을 담고 있다. 이와 관련하여 부시 대통령이 의회에 보내는 서한, 그리고 8월 28일까지 미국의 유자망 어업 제재 조치에 대한 협정에 한국과 대만이 동참하지 않을 경우 대통령이 의회에서 보고해야만 한다는 내용의 비망록을 포함하고 있다.",[NSC/S Profile] Decision on Drift Net Sanctions Aug 28 | [Letter] from George Bush to the Congress of the United States NSC Confidential Files-
PZA0003185,Document Number :8906693,PZA0003185,부시,1989,PZA0003185,37,"서한, 비망록, 선언문",111,"이 기록물철은 유자망 어업과 관련하여 미국 로버트 모스바처(Robert A. Mosbacher)가 부시 대통령 에게 보낸 서한, 대통령이 의회에 보낸 서한, 스테픈 단잔스키(Stephen I. Danzansky)가 8월 24일 대 통령에게 보낸 비망록 그리고 1989년 2차대전 추모주간에 대한 미국 부시 대통령의 선언문으로 구성되 었다. 부시 대통령이 의회에 보내는 서한, 그리고 8월 28일까지 미국의 유자망 어업 제재 조치에 대한 협 정에 한국과 대만이 동참하지 않을 경우 대통령이 의회에서 보고해야만 한다는 내용의 비망록을 포함하 고 있다. 미국 부시 대통령은 2차대전 추모주간 선언문에서 1989년 9월 1일 2차대전 발발 50주년을 맞아 모든 미국인들이 전쟁이 가져온 갈등에 대해 성찰과 반성에 동참해 줄 것을 선언하였다.",[NSC/S Profile] Driftnet fishing Sanctions | Memorandum from Stephen I. Danzansky to the President: Driftnet fishing Sanctions | Memorandum from Stephen I. Danzansky to the President: Driftnet fishing Sanctions [edited] | [NSC/S Profile] World War II Remembrance week 1989 A Proclamation NSC Confidential Files-
PZA0003186,Document Number :8906764,PZA0003186,부시,1989,PZA0003186,7,비망록,111,"이 기록물철은 1989년 8월 1일, 미국 국가안전보장회의의 문건으로서 워싱턴 방문시 미국측의 호의 에 대해 한국 노태우 대통령이 미국 부시 대통령에게 보내는 감사 서한 및 최호중 외무부 장관의 감사 서한이다.",[NSC/S Profile] Thank you LTR to PRES for Hospitality shown during recent visit to Washington NSC Confidential Files-
PZA0003187,Document Number :8906970,PZA0003187,부시,1989,PZA0003187,17,비망록,112,"이 기록물철은 미국 국가안전보장회의의 문건으로서 한국의 “청년 우주비행사(Young Astronauts of Korea, YAK, 1989년 9월 22일)에 대해 관련위원회가 한국 노태우 대통령에게 보낼 미국 부시 대통령 메 시지 요청에 대한 백악관의 응답이 주요 내용이다. 이 프로그램은 미국의 청년우주비행사위원회(Young Astronaut Council)의 도움과 자문을 통해 구성되었다는 내용이 포함되어 있다.",[NSC/S Profile] Pres MSG for Pres Roh of South Korea Re Young Astronauts of Korea NSC Confidential Files-
PZA0003188,Document Number :8907021,PZA0003188,부시,1989,PZA0003188,47,비망록,113,"이 기록물철은 미국 국가안전보장회의의 문건으로서 1989년 9월 11~12일, 서울과 도쿄에서 진행된 모스바처(Robert A. Mosbacher) 연설 개요 및 1989년 9월 13일, 일본 내셔널 프레스 클럽(National Press Club)에서 행한 모스바처의 발언에 관한 내용으로 연설의 톤과 스타일 조정에 대한 의견이 포함 되어 있다. 일본에서의 연설은 특히 긍정적인 톤으로 진행하며 카이후(Kaifu) 수상과 부시대통령의 만남 에 초점을 맞춰 진행되어야 한다는 의견이 제시되었다. 1989년 9월 11일, 한국에서의 연설에서는 한·미 간의 의존과 상호적인 파트너십을 강조하고, 정치적으로나 경제적으로 한·미 간에는 안정적인 유대가 있음을 특히 강조하였다. 1989년 9월 13일, 일본 내셔널 클럽에서의 연설에서는 200개의 도시에서 자매 결연이 되어 있듯이 한·일 간의 우호관계와 유대가 매우 끈끈하며, 전후 일본의 경제 성장에 있어서 미국의 기여도 많았다는 점을 강조하였다.",[NSC/S Profile] Clearance for speech to be given by Mosbacher Sep 11 & 12 Seoul & Tokyo | Memorandum from G. Philip Hughes for Justin D’Andrea: Mosbacher Speeches for in Japan and Korea | [Memo] from Justin D’Andrea to Lehmann Li | Memorandum from Wayne Berman to David Q. Bates: Speech Clearance | National Press Club of Japan: Remarks by Robert A. Mosbacher NSC Confidential Files-
PZA0003189,Document Number :8907175,PZA0003189,부시,1989,PZA0003189,6,메모,114,이 기록물철은 미국 국가안전보장회의의 문건으로서 미국 국무부 과제에 대한 보고로 1989년 10월 한국 노태우 대통령의 방미에 관한 내용이 포함되어 있다.,[NSC/S Profile] Tasker to State Re Pres Roh visit in OCT NSC Confidential Files-
PZA0003190,Document Number :8907451,PZA0003190,부시,1989,PZA0003190,9,메모,114,"이 기록물철은 미국 국가안전보장회의의 문건으로서 칼라 힐즈(Carla A. Hills) 미국 무역대표부 대표 의 1989년 10월 11~15일, 한국 정부 인사와의 무역회의 참석을 위한 해외출장에 관한 내용이다.",[NSC/S Profile] Foreign Travel of Carla Hills Us Trade REP STR to Korea to Attend Trade Meetings with Korean Cabinet Members from OCT 11-15 NSC Confidential Files-
PZA0003191,Document Number :8907488,PZA0003191,부시,1989,PZA0003191,56,보고서,115,"이 기록물철은 미국 국가안전보장회의의 문건으로서 한국무역협회(The Korea Foreign Trade As- sociation, KFTA, 2만 명의 수출입업자로 구성)가 스코크로프트(Scowcroft)에게 보내는 서한으로 한· 미 무역관계에 관한 내용이다. 1988년 한·미 교역량은 340억 달러에 달했으며 한국 환율정책의 반응성 과 책임성을 강조하는 내용이 포함되어 있다.",[NSC/S Profile] LTR to Scowcroft fm Korea Forn Trade Assoc / KFTA Re US / Korea Trade Relations | Korea’s Exchange rate Policy: Responsive & Responsible NSC Confidential Files-
PZA0003193,Document Number :8907633,PZA0003193,부시,1989,PZA0003193,14,비망록,115,이 기록물철은 미국 국가안전보장회의의 문건으로서 한국 노태우 대통령의 1989년 10월 17일 미국 방 문 사진 기록에 관한 문건이다. 스코크로프트(Scowcroft)는 휴스턴시로부터 1990 세계경제서밋(World Economic Summit) 개최지로 선정해달라는 요청을 받았다는 내용이 포함되어 있다.,[NSC/S Profile] Photo op for Roh Visit / OCT 17 NSC Confidential Files-
PZA0003194,Document Number :8907650,PZA0003194,부시,1989,PZA0003194,10,비망록,116,"이 기록물철은 미국 국가안전보장회의의 문건으로서 1989년 9월 28일, 한국 쇠고기 수입 제한에 대한 무역법(Trade Act of 1974) 301조 제재 결정에 관한 내용이다. 한국은 1960년대부터 쇠고기의 수입을 지속적으로 제한해 왔으며 1985~1988년까지는 모든 수입을 금하는 조치를 취하기도 했기 때문에 미국 으로서는 이에 대해 강한 제재조치를 취하도록 노력할 것이라는 내용이 포함되어 있다.",[NSC/S Profile] Section 301 Determination Re Korean Restrictions on Import Beef NSC Confidential Files-
PZA0003195,Document Number :8907653,PZA0003195,부시,1989,PZA0003195,25,비망록,116,이 기록물철은 미국 국가안전보장회의의 문건으로서 태평양 해역 문제 및 한·미 경제협력에 대한 논 의가 포함되어 있다.,[NSC/S Profile] Reply to Walt Rostow Re Pacific Basin | Memorandum from Douglas Paal to Brent Scowcroft: Reply to Walt Rostow’s letter and speech on the Pacific Basin NSC Confidential Files-
PZA0003196,Document Number :8908001,PZA0003196,부시,1989,PZA0003196,11,비망록,117,"이 기록물철은 미국 국가안전보장회의의 문건으로서 1989년 10월 16~18일 한국 노태우 대통령의 방미에 대한 공식입장의 내용이다. 한반도의 안보협력, 긴장완화, 자유무역, 한국의 민주화 등에 대한 내용이 포함되어 있다.",[NSC/S Profile] Public Statement for Pres Roh Official Working Visit / OCT 16-18 NSC Confidential Files-
PZA0003197,Document Number :8908034,PZA0003197,부시,1989,PZA0003197,6,비망록,117,이 기록물철은 미국 국가안전보장회의의 문건으로서 1989년 10월 16~18일 한국 노태우 대통령의 방미기간 동안 노태우 대통령 영부인에 대한 오찬 참석자 명단 제안 내용이다.,[NSC/S Profile] Suggested Guest List for Luncheon for Mrs Roh on 17 OCT NSC Confidential Files-
PZA0003198,Document Number :8908156,PZA0003198,부시,1989,PZA0003198,79,비망록,118,"이 기록물철은 미국 국가안전보장회의의 문건으로서 1989년 10월 16~18일 한국 노태우 대통령의 방미기간 동안 10월 17일, LA 타운홀에서 행한 미국 부통령의 연설문 초안이다.",[NSC/S Profile] VP Draft Speech at Town Hall in Los Angeles / OCT 17 | [NSC/S Profile] VP Draft Speech at Town Hall in Los Angeles / OCT 17 | [NSC/S Profile] VP Draft Speech at Town Hall in Los Angeles / OCT 17 NSC Confidential Files-
PZA0003199,Document Number :8908439,PZA0003199,부시,1989,PZA0003199,9,비망록,118,이 기록물철은 미국 국가안전보장회의의 문건으로서 스코크로프트(Scowcroft)에게 보내진 서한으로 한국에서 미국 군사력의 미래에 대한 내용이다. 미국의 강한 군사력을 강조하는 주장을 스코크로프트 (Scowcroft)에게 대통령 회담시 참고하게 해달라고 보낸 자료이다. The San Diego Union에 스테판 솔라즈(Stephen J. Solarz)가 투고한 기사문이다.,[NSC/S Profile] LTR to Scowcroft fm Solarz Re Article / Future of Armer Forces in South Korea NSC Confidential Files-
PZA0003201,Document Number :8910046,PZA0003201,부시,1989,PZA0003201,8,비망록,119,"이 기록물철은 미국 국가안전보장회의의 문건으로서 1989년 12월 11일, 한국전쟁 참전군인으로부터 미국 부시 대통령에게 보내는 서한으로 기념 사업을 위한 모금 안내 등의 내용이 포함되어 있다.",[NSC/S Profile] LTR fm Korean War Veterans Memorial Re Veterans of Korean War NSC Confidential Files-
PZA0003203,Document Number :9000179,PZA0003203,부시,1990,PZA0003203,9,비망록,119,"이 기록물철은 미국 국가안전보장회의의 문건이며, 비공개기록물 목록으로서 미국 국가보훈처장 더윈스키(Edward J. Derwinski)가 1990년 1월 25일, 한국의 초청으로 방한하는 것에 대해 휴즈(Philip Hughes, Executive Secretary)에게 허가 요청하는 내용이다.",[NSC/S Profile] Travel Approval for Derwinski to Korea Jan NSC Confidential Files-
PZA0003204,Document Number :9000226,PZA0003204,부시,1990,PZA0003204,8,비망록,120,이 기록물철은 미국 국가안전보장회의의 문건이며 미국 국제전략문제연구소(CSIS) 북동아시아위원회 (Northeast Asia Council)가 스코크로프트(Scowcroft)에게 1990년 3월 12~14일에 개최되는 동북아시 아 회의 참석 초청을 하는 내용이다.,[NSC/S Profile] Invitation to MTG W/ CSIS northeast Asia Coun NSC Confidential Files-
PZA0003205,Document Number :9001283,PZA0003205,부시,1990,PZA0003205,62,"비망록, 보고서",120,"이 기록물철은 미국 국가안전보장회의의 문건이며 한·미 무역관계에 대한 서한 내용이다. 1990년 2월 13일, 한국 한승수가 미국 스코크로프트(Scowcroft)에게 보내는 서한이다. 한·미 관계에 있어서 무 역문제는 매우 중요하면서도 성공적으로 그 역사를 이루어온 문제로 양국 간의 경제적 파트너십은 양국 의 경제발전이라는 공통의 목표를 위해 추진되어 왔으며, 향후에도 이러한 우호적인 관계는 지속될 것이 라는 한국의 입장이 나타나있다.",[NSC/S Profile] LTR fm Ministry of Trade & Industry Re Trade Relations BTW US & Korea | Partnership in Progress: Korea’s Record and Commitment NSC Confidential Files-
PZA0003206,Document Number :9001334,PZA0003206,부시,1990,PZA0003206,12,비망록,121,이 기록물철은 미국 국가안전보장회의의 문건이며 정보통신무역에 대한 결정 기록이다. 칼라 힐즈가 EC와 한국의 정보통신 시장 개방에 대한 협상 노력을 진행하고 있다는 내용이다.,[NSC/S Profile] Decision Memo Re Telecommunications Trade NSC Confidential Files-
PZA0003207,Document Number :9001788,PZA0003207,부시,1990,PZA0003207,24,"비망록, 보고서",121,이 기록물철은 미국 국가안전보장회의의 문건이며 텔레커뮤니케이션무역에 대한 보고서로 칼라 힐즈가 EC와 한국의 정보통신 시장 개방에 대한 협상 노력을 진행하고 있다는 내용이다. 한국의 정보통신 시장 의 상품과 서비스는 1990년대 초부터 개방될 것이라는 평가와 상하원 의원에게 상기 내용을 첨부하여 협 조를 요청하는 내용이 포함되어 있다.,[NSC/S Profile] Telecommunications Trade RPT NSC Confidential Files-
PZA0003208,Document Number :9002262,PZA0003208,부시,1990,PZA0003208,7,비망록,122,"이 기록물철은 미국 국가안전보장회의의 문건이며 1990년 3월 26일, 미국 스코크로프트(Scowcroft) 와 콕스 앱트(Cox Appt)의 한국, 중국, 대만 순방에 관한 대화가 있었다는 내용이다.",[NSC/S Profile] Talkers for Cox Appt W/ Scowcroft on 26 Mar Re His Trip to Korea China & Taiwan NSC Confidential Files-
PZA0003209,Document Number :9002305,PZA0003209,부시,1990,PZA0003209,11,"비망록, 서한",122,이 기록물철은 미국 국가안전보장회의의 문건이며 미국 스코크로프트(Scowcroft)가 밴 플릿(Van Fleet)에게 한국에서 개최되는 4월 2~4일의 주한미국상공회의소(The American Chamber of Com- merce in Korea) 회의의 참석 요청에 대해 참석이 어렵다고 응답한 서한이다.,[NSC/S Profile] LTR in Response to MTG Request 2-4 Apr Re Amer Chamber of Commerce in Korea NSC Confidential Files-
PZA0003210,Document Number :9002444,PZA0003210,부시,1990,PZA0003210,13,비망록,123,"이 기록물철은 미국 국가안전보장회의의 문건이며 1990년 3월 31일, 미국 부시 대통령의 한국 동아일보 신문사와의 서면 인터뷰 내용이다. 한·미 관계의 특징은 무엇이며, 현재 잘 이루어지고 있다고 판단하는 지, 주한미군을 점차적으로 철수할 예정인지, 경제적으로 서울이 월등하게 발전하고 있음에도 불구하고 남북대화의 진전이 없는 상황을 어떻게 타개할 것인지 등에 대한 서면 인터뷰 내용을 수정한 문건이다.",[NSC/S Profile] PRES Written Interview Re South Korean Newspaper / Dong-A Ilbo NSC Confidential Files-
PZA0003212,Document Number :9004564,PZA0003212,부시,1990,PZA0003212,6,"비망록, 회람문",123,"이 기록물철은 미국 국가안전보장회의의 문건이며, 1990년 6월 7일 한국의 수입반대 캠페인에 대해 모스바처(Mosbacher)가 스코크로프트(Scowcroft)에게 보고한 내용이다. 백화점과 수입업자들이 식료 품, 전자기기, 자동차 수입을 줄이기 시작했으며, 여기에는 한국 정부의 정책이 작동한 것으로 평가한다 고 보고있다는 내용이다.",[NSC/S Profile] Korean Anti-Import Campaign NSC Confidential Files-
PZA0003213,Document Number :9005013,PZA0003213,부시,1990,PZA0003213,7,"팩스, 비망록",124,"이 기록물철은 미국 국가안전보장회의의 문건이며, 미일, 북미 관계에 대한 스코크로프트(Scowcroft) 에게 회의를 요청하는 내용이다.",[NSC/S Profile] Request MTG W/ Scowcroft Re Relations BTW US Japan & North Korea NSC Confidential Files-
PZA0003214,Document Number :9005447,PZA0003214,부시,1990,PZA0003214,10,"서한, 비망록",124,"이 기록물철은 미국 국가안전보장회의의 문건이며, 1990년 7월 10일, 미국 스코크로프트(Scowcroft)가 현홍주 유엔한국대사가 자신의 직위 변동에 대해 스코크로프트(Scowcroft)에게 서한을 보낸 것에 대해 간단한 답신 서한을 보냈다는 내용이다.",[NSC/S Profile] Brief Reply to Korean AMB Hyun NSC Confidential Files-
PZA0003215,Document Number :9005688,PZA0003215,부시,1990,PZA0003215,12,서한,125,"이 기록물철은 미국 국가안전보장회의의 문건이며, 1990년 7월 21일, 한국 노태우 대통령이 한·미 동맹에 대해 미국 부시 대통령에게 보내는 서한에 대한 보고인데, 내용은 비공개로 알 수 없다.",[NSC/S Profile] LTR to Pres fm Pres Woo of Korea Re US - Korea Alliance NSC Confidential Files-
PZA0003216,Document Number :9006377,PZA0003216,부시,1990,PZA0003216,10,"서한, 보고서",125,"이 기록물철은 미국 국가안전보장회의의 문건이며, 국제적인 한국의 인적 교류에 대해 한국 노태우 대통령이 특별 발표한 내용이다.",[NSC/S Profile] Pres Roh Tae Woo Announcement of Inter Korean Exchanges of People NSC Confidential Files-
PZA0003217,Document Number :9006855,PZA0003217,부시,1990,PZA0003217,14,"서한, 보고서",126,"이 기록물철은 미국 국가안전보장회의의 문건이며, 1990년 8월 31일, 적성국 교역법에서의 특정 권한 의 활용 확대에 관한 내용이다. 1989년 8월 28일부터 발휘된 이 조항은 1990년 9월 14일에 종료될 예정 인데 1년 이상의 연장 필요성에 대해 논하고 있는 내용이 포함되어 있다.",[NSC/S Profile] PD 90-38 / Extension of Exercise of Certain authortities under trading W/ the enemy ACT NSC Confidential Files-
PZA0003218,Document Number :9006974,PZA0003218,부시,1990,PZA0003218,14,"서한, 비망록",126,"이 기록물철은 미국 국가안전보장회의의 문건이며, 1990년 11월 5일, 스코크로프트(Scowcroft)가 파셀(Fascell) 의원이 보낸 국제방송통신 문제에 대해 보낸 서한에 대해 답신했다는 내용이다.",[NSC/S Profile] Response to Fascell LTR NSC Confidential Files-
PZA0003219,Document Number :9007001,PZA0003219,부시,1990,PZA0003219,4,"서한, 비망록",127,"이 기록물철은 미국 국가안전보장회의의 문건이며, 1990년 8월 30일, 페르시아만 사태에 대응하기 위한 대통령 특보 베이커(Baker)와 브래디(Brady) 장관의 출장에 관한 내용이다.",[NSC/S Profile] Travel by SEC Baker & SEC Brady on Pres Mission Re Persian Gulf Situation NSC Confidential Files-
PZA0003220,Document Number :9007131,PZA0003220,부시,1990,PZA0003220,5,"서한, 비망록",127,"이 기록물철은 미국 국가안전보장회의의 문건이며, 1990년 8월 27일, 9월 2~3일에 방문하기로 한 한국 김영삼의 방미 일정이 한국의 국내 문제와 페르시아만 걸프 사태로 인해 연기된다는 내용이 담겨 있다.",[NSC/S Profile] MR Kim Postponed visit to US 3 - 6 Sep NSC Confidential Files-
PZA0003221,Document Number :9008509,PZA0003221,부시,1990,PZA0003221,9,"서한, 비망록",128,"이 기록물철은 미국 국가안전보장회의의 문건이며, 1990년 10월 23일, 미국 부시 대통령과 정주영 의 회담 요청에 대해 스코크로프트(Scowcroft)가 베이커(Howard Baker) 의원에게 보내는 서한이다.",[NSC/S Profile] Scowcroft Reply to Baker Request that Pres Meet W/ Ju Yung Chung NSC Confidential Files-
PZA0003222,Document Number :9008746,PZA0003222,부시,1990,PZA0003222,9,"서한, 비망록",128,"이 기록물철은 미국 국가안전보장회의의 문건이며, 미국 방문을 요청한 이재호가 미국 백악관 대변인 피치 워터(Fitzwater)에게 보낸 서한에 대한 번역이다.",[NSC/S Profile] State Translation & Response to LTR fm Jae ho Lee NSC Confidential Files-
PZA0003223,Document Number :9009075,PZA0003223,부시,1990,PZA0003223,22,"비망록, 보고서",129,"이 기록물철은 미국 국가안전보장회의의 문건이며, 태평양 지역에서의 제2회 관세부처회의(confer- ence of Customs Administrators in the Pacific Basin) 및 한국에서의 제6회 전문가 회의에 대한 린다 콤(Linda M. Combs, Assistant Secretary)의 한국 출장 보고서, 제2회 관세부처회의의 참석자 명단 및 서울 공동 합의문 내용이다.",[NSC/S Profile] Hallett Trip RPT to Second CONF of customs Administrators in Pacific Basin & Sixth Exec Level MTG in Korea | Memorandum from R. Blair Downing to William F. Sittmann: Foreign Trip Report | Memorandum from Commissioner of Customs to Linda M. Combs: Trip Report - Korea | [Withdrawal Sheet] Agreed Minutes: The Sixth Customs Executive Conference Between the United States of America and the Republic of Korea | The Second Conference of Customs Administrators in the Pacific Basin | Seoul Joint Statement of the Second Conference of Customs Administrators in the Pacific Basin NSC Confidential Files-
PZA0003224,Document Number :9101656,PZA0003224,부시,1991,PZA0003224,16,보고서,130,"이 기록물철은 유럽공동체 국가 및 한국에 대한 미국 정부의 통신산업 무역 자유화 협정과 관련하여 1991년 3월 9일에 미국 부시 대통령 명의로 미국 하원에 제출한 보고서 문건이다. 동 문건에 따르면, 동 협정은 1988년 8월 통과된 미국종합무역법(Omnibus Trade and Competitiv- ness Act)의 1376조항에 따라 당해 통신산업분야의 시장개방과 관련된 기한을 1년 연장하였고, 동 연장 결정에 대하여, 먼저 유럽의 경우 유럽공동체 가맹국 사이에 통신산업이 분산되어 있어 각각에 적용되는 법률이 별개로 취급되는 상태이며, 한국의 경우 서비스 산업 영역의 규제조치들이 풀려있지 않은 상태인 바, 각각의 경우 통신산업의 시장개방으로는 역시 사실상의 개방효과를 가져오지 못한다는 점을 지적하 였다. 한국은 한국 시장 내 서비스 분야의 시장 개방 및 자유화조치를 1992년까지 이행하고, 우루과이라 운드에서 체결된 수준으로 한국의 국내 통신산업 서비스 분야의 국제 자유화를 진행하되, 1994년까지 통 신 산업분야에 대한 공적 정부투자를 완전히 중단하기로 합의하였다.",[NSC/S Profile] Pres Telecommunication RPT To Congress NSC Confidential Files-
PZA0003225,Document Number :9101889,PZA0003225,부시,1991,PZA0003225,10,"회람문, 서한",131,"이 기록물철은 한국의 김재열이 미국 부시 대통령의 공식 한국방문과 관련하여 보낸 서한을 전달한 문 건이다. 동 서한에서 김재열은 한국계 미국인으로서 우루과이 라운드 타결 이후 한국 내에서 제기되고 있는 반미 기류에 대해 우려하면서, 미국 부시 대통령의 공식방문을 계기로 한국의 방위 및 안보를 확고 히 약속하고 양국의 관계가 상호 의존적이며 평등한 관계임을 확약하는 내용의 캠페인을 진행한다면 무 역문제에 있어서 한미 간 갈등상황이 해소될 수 있음을 주장하고, 이를 위해 미국 부시 대통령이 한국을 방한할 필요성을 제기하였다.",[NSC/S Profile] CY of State Direct Reply to SEN Gramm Re Jai Youl Kim & Pres Travel NSC Confidential Files-
PZA0003226,Document Number :9104241,PZA0003226,부시,1991,PZA0003226,16,"비망록, 서한",131,"이 기록물철은 미국 국제전략문제연구소(CSIS)의 데이비드 앱시러(David Abshire)가 미국 백악관에 한국 노태우 대통령을 초대하여 개별적 만찬을 진행할 수 있도록 요청한 서한이다. 데이비드 앱시러의 방한시 청와대 만찬장에서 만난 6명의 한국측 참가자로부터 당시 국제전략문제연구소가 진행하고 있던 프로젝트에 대한 정보 및 도움을 획득할 수 있었을 뿐만 아니라, 이후 추가적인 정보를 획득할 필요성으로 인해 한국 노태우 대통령의 방미일정시 한국 대통령 일행과 당시 참가자 6인을 초청하여 추가 도움을 받 고자 한다는 내용이다.",[NSC/S Profile] Abshire Request for Invitation to Roh Tae Woo State Dinner NSC Confidential Files-
PZA0003227,Document Number :9105676,PZA0003227,부시,1991,PZA0003227,8,서한,132,"이 기록물철은 미국 상원의원 테드 스티븐스(Ted Stevens)에게 한국 국회의장 박정수 명의로 보낸 서 한으로서, 1991년 미국이 수행하던 걸프만에서의 ‘사막의 폭풍작전’에 대한 한국 국회의 지지와 지원의사 를 표명한 내용이다. 동 서한에 따르면, 한국 국회는 쿠웨이트의 민간인에 대한 이라크 사담 후세인 (Saddam Hussein) 정권의 테러 및 학살에 대한 미국 정부의 “도덕적, 윤리적” 입장을 공유하며, 일각 에서 주장하는 것처럼 미국이 수행하는 걸프전쟁이 석유나 기타 자원취득 목적의 전쟁이 아님을 인정하 고, 미국에 의해 수행되는 “사막의 폭풍작전”이 미국의 선도적 기술 및 군사력을 통해 성공적으로 완료 될 것임을 예견하는 바, 한국 국회는 미국의 “도덕적” 전쟁 수행에 대해 적극 참여하고 이를 지지할 것 임을 표명하였다.",[NSC/S Profile] LTR fm Chung Soo Park Re Desert Storm NSC Confidential Files-
PZA0003228,Document Number :9107598,PZA0003228,부시,1991,PZA0003228,11,서한,133,"이 기록물철은 미국 상무부 장관 로버트 모스바처(Robert A. Mosbacher)가 미국 부시 대통령에게 전달한 서한 및 동 서한을 기반으로 미국 부시 대통령 명의로 하원에 제출한 문건으로, 1991년 한미 어업 유자망 협정 및 미국-대만 간 유자망 어업협정에 대한 내용이다. 동 사안은 마그누슨 어장 보호 및 관리 법안 206조와 유엔총회 결의안 44/225에 따라 미국 정부가 추 진하는 수자원 보호를 위한 감시 및 이행 협정으로서, 이는 미국 하원의원 펠리(Pelly)의 수정법안 제출 에 따라 미국 정부가 미국 공해상에서의 유자망 어업을 관리·통제하고자 하는 미국 주도의 쌍무 조약이 다. 동 사안에 대해 펠리 수정법안은 한국과 대만의 수자원 남용에 대해 적절한 관리 및 조치를 미국 정부의 주도 하에 취하고 이를 위반할 경우 수산물 및 어업용 제품에 대한 수출입을 금지하는 내용을 골자 로 하였다. 이에 미국 정부는 양국간 초안 수준의 협정을 체결하였고 이에 대한 내용을 미국 하원에 보고 하였다. 동 협정에 따라 먼저 한국은 미국 인근의 공해상 유자망어업선을 모두 한국 영해로 귀선하고 미국 감시선단에 의해 유자망어업이 발견될 경우 이에 대한 미국 측의 제재조치를 이행하기로 합의하였 다.","[NSC/S Profile] RPT To Congress Required by Pelly Amendment | Memorandum from EDE Holiday to the President: Report to Congress Required by Pelly Amendment | Letter from Robert A. Mosbacher to George Bush: October 9, 1991 | To the Congress of the United States NSC Confidential Files-"
PZA0003229,Document Number :9108041,PZA0003229,부시,1991,PZA0003229,7,보고서,134,"이 기록물철은 전미 정미업자협회(Rice Miller’s Association)이 백악관에 보내온 서한을 미국 대통령 보좌관 필립 브래디(Phillip Brady)가 요약하여 보고한 문건으로서, 1991년 미국 부시 대통령의 아시아 순방일정과 관련하여 전미 쌀농업주 연맹의장 데이비드 그래이브스(David Graves)가 일본 및 한국의 쌀 시장 무역장벽의 완화를 요구해줄 것을 요청하는 내용이다. 특히 아시아 지역의 쌀 시장 무역장벽 완화 압력과 관련하여 동 연맹은 추후 GATT 최종 협정 상에 쌀 수입 장벽의 완전한 철폐를 반영하고 한미, 한일 쌍무 무역에 있어서 미국 정부의 무역전략을 변화시켜줄 것을 요구하였다.",[NSC/S Profile] Press Release Re Rice Millers ASSOC Support for Tariffication Proposal for Japanese & Korean Rice Import Bans NSC Confidential Files-
PZA0003230,Document Number :9108081,PZA0003230,부시,1991,PZA0003230,8,보고서,134,"이 기록물철은 미국 부시 대통령의 아시아 순방일정과 관련하여 미국 언론이 1991년 11월 5일 오후 5시 경에 동 사안에 대한 엠바고를 해제해 줄 것을 요청한 내용으로서, 동일한 시각에 미국 부시 대통령 의 일본, 한국, 싱가포르, 호주에 대한 순방일정도 동일하게 공개할 수 있도록 조처해줄 것을 요청하였다.",[NSC/S Profile] Proposed Press Release on Pres Trip to Asia NSC Confidential Files-
PZA0003231,Document Number :9108273,PZA0003231,부시,1991,PZA0003231,6,보고서,135,"이 기록물철은 미국 백악관 보좌관 베이커(Baker)의 중국 및 한국 방문 일정에 대해 백악관에 보고하 는 문건으로서, 1991년 11월 11일~17일 간 장관급 특사 회담을 위해 출국함을 보고한 것이다.",[NSC/S Profile] Notification of Sec Baker Travel to Seol & Beijing 11 - 17 Nov NSC Confidential Files-
PZA0003232,Document Number :9108658,PZA0003232,부시,1991,PZA0003232,11,"보고서, 서한",135,"이 기록물철은 미국 상원의원 하워드 베이커(Howard Baker)가 미국 부시 대통령 명의로 보낸 서한 과 그에 대한 답신으로서, 베이커 상원의원이 한국의 정주영 현대그룹 회장과의 회담을 제안한 것에 대 한 수락 내용이다. 베이커 상원의원이 미국 부시 대통령에게 보낸 서한에서 한국 정주영 현대그룹 회장 과의 회담을 제안하였으나 미국 부시 대통령의 일정으로 인해 백악관 대통령비서실에서 거부하였으나, 한국 현대자동차의 세금문제가 당시 미국 하원에서 쟁점이 되고 있었던 점과 1991년 북한 핵사찰 문제와 관련하여 정주영 회장이 평양을 오갈 수 있는 한국측 인사로서 외교적 필요성이 존재한다는 점 등을 고 려하여, 1991년 12월 중순 혹은 1992년 1월 초순에 미국 부시 대통령이 정주영 회장과 만나보겠다는 의 사를 전달한 서한이다.",[NSC/S Profile] Scowcroft Reply to LTR Re Proposed Pres MTG W/ Chmn Chung of Hyundai Corp NSC Confidential Files-
PZA0003233,Document Number :9108950,PZA0003233,부시,1991,PZA0003233,11,"보고서, 서한",136,"이 기록물철은 재미한국인 협회(Korean American Community) 회장인 유영수에게 백악관 대통령 비서실 명의로 보낸 서한이다. 당시 유영수는 미국 정부에게 북한에 이산가족이 있는 재미한국인들이 북한의 이산가족을 미국으로 초청하여 상봉하려는 계획을 요청하였는바, 이에 대해 미국 정부가 인도 적 차원에서 미국 연방법률이 허용하는 하에 당해 북한 주민의 미국 방문을 수락하겠다는 입장을 표명 하였다.",[NSC/S Profile] Draft Pres MSG to Young Soo yoo NSC Confidential Files-
PZA0003234,Document Number :9109345,PZA0003234,부시,1991,PZA0003234,13,서한,137,"이 기록물철은 한국의 KDX 구축함 사업 프로그램과 관련하여 버드-존슨 컴퍼니(Bird-Johnson Company) 회장 피터 그웬(Peter Gwyn)과 백악관 안보보좌관 브렌트 스코크로프트(Brent Scowroft) 간 교환한 서한이다. 동 서한에서 피터 그웬은 한국의 KDX 구축함 사업에 대한 경쟁이 심화되고 있으며 동 사업에 대한 회사의 이해관계는 물론 미국의 이해관계가 걸려 있는 바, 이에 대한 미국 정부 차원의 지원을 요청하고 있다. 이에 대해 스코크로프트는 그레그(Gregg) 주한미국대사와 국방보좌관 릴리(Lilley)로 하여금 한국 국방부에 버드-존슨 컴퍼니에 대한 미국 정부의 지지 의사를 표명하도록 지시하였으나, 미국 부시 대통 령의 한국 방문 기간 중 동 사안을 공식 제의하지는 않을 것임을 전달하였다.",[NSC/S Profile] Reply to Peter Gwyn Re Competetion for Korean KDX Destroyer Program NSC Confidential Files-
PZA0003235,Document Number :9200052,PZA0003235,부시,1992,PZA0003235,12,"메모, 비망록, 전문",137,"이 기록물철은 조나단 하워(Jonathan Howe)가 존 고든(John Gordon)에 의해 접수된 문제를 미국 백악관에 전달하는 문건으로서, 동 사안은 미국 정부가 한국산 자동차 및 일본산 자동차를 미국 국적의 화물선을 통해 수입하도록 하는 조치에 대한 내용이다.",[NSC/S Profile] Howe Reply to Memo Re US Flag Carriers NSC Confidential Files-
PZA0003236,Document Number :9200358,PZA0003236,부시,1992,PZA0003236,5,서한,138,"이 기록물철은 한국의 주미대사 현홍주가 미국 백악관 안보보좌관 브렌트 스코크로프트(Brent Scow- roft)에게 보내는 서한이다. 한국 노태우 대통령의 두 번에 걸친 미국 방문과 1991년 미국 부시 대통령의 아시아 순방 일정 중 한국 방문을 통해, 당시의 쟁점이던 한미 무역 자유화 문제 및 안보위기에 대해 ‘훌륭한(excellent)’ 결과를 도 출하였다는 내용을 담고 있다. 스코크로프트의 한반도 전략과 방미시 노태우 대통령에 대한 백악관의 예 우가 힘이 되었다는 감사내용도 포함되어 있다.",[NSC/S Profile] LTR fm Korean AMB Re Korean / Amer Relations NSC Confidential Files-
PZA0003237,Document Number :9201542,PZA0003237,부시,1992,PZA0003237,21,서한,139,"이 기록물철은 1992년 미소 정상회담의 논의주제로 다루어지던 대한항공 007기 피격사건 문제에 대 해 상원의원 콜리(Corley)와 넌(Nuun)이 보낸 대정부 질의 성격의 서한이다. 전직 소비에트 외무성 장관이자 러시아 외부무 장관이 당시 대한항공 피격사건을 ‘후회’한다고 발언하 는 등 러시아 내 재조사 여론이 제기되고 있으며, 1991년 2월 20일 미국 주재 소비에트 대사가 미국인 희생자 가족을 만나는 등 동 사안에 대한 미소 양국간 해결 움직임이 가속화되고 있다는 점, 뿐만아니라 국제민간항공기구(ICAO)가 피격사건이 일어난 지점에 대한 수색조사 작업을 지원하겠다고 선언하는 등 국제 사회의 지지 역시 확보하고 있음을 상원에 전달한 내용에 대한 것이다.",[NSC/S Profile] Response to LTR Re Fate of KAL 007 NSC Confidential Files-
PZA0003239,Document Number :9201853,PZA0003239,부시,1992,PZA0003239,10,"서한, 메모, 비망록",139,이 기록물철은 미국 국제전략문제 연구소(CSIS)의 빌 테일러(Bill Taylor)가 북한 스커드 미사일 문제 에 관해 미국 백악관 대통령실에 전달한 문건이다. 빌 테일러의 방한에도 불구하고 스커드 미사일을 적 재한 북한 국적 화물선의 회귀 조치에 대해서 양국간 협의점을 찾을 수 없었다는 사실을 전달하는 내용 이 포함되어 있다.,[NSC/S Profile] LTR to Taylor Re North Korea SCUDS NSC Confidential Files-
PZA0003241,Document Number :9202605,PZA0003241,부시,1992,PZA0003241,8,"서한, 보고서",140,"이 기록물철은 미국 상무부 장관 로버트 모스바처(Robert A. Mosbacher)가 1991년 8월 13일 체결 한 한-미 유자망어업 협정 및 미국-대만 간 유자망어업 협정에 대한 것이다. 동 사안은 마그누슨 어장 보호 및 관리 법안 206조와 유엔총회 결의안 44/225에 따라 미국 정부가 추진하는 수자원 보호를 위한 감시 및 이행 협정으로서, 이는 미국 하원의원 펠리(Pelly)의 수정법안 제출에 따라 미국 정부가 미국 공 해상에서의 유자망 어업을 관리 통제하고자 하는 미국 주도의 쌍무 조약으로 동 사안에 대해 펠리 수정 법안은 한국과 대만의 수자원 남용에 대해 적절한 관리 및 조치를 미국 정부의 주도 하에 취하고 이를 위 반할 경우 수산물 및 어업용 제품에 대한 수출입을 금지하는 내용을 골자로 한 한국 및 대만 정부와 쌍무 적 유자망어업 협정 체결에 관한 것이다.",[NSC/S Profile] Driftnet Agreement W/ Korea & Taiwan NSC Confidential Files-
PZA0003243,Document Number :9203249,PZA0003243,부시,1992,PZA0003243,60,"서한, 신문 스크랩, 리포트",141,"이 기록물철은 미국 국제전략문제연구소(CSIS)의 빌 테일러(Bill Taylor)가 국방 재정 및 방위산업 기 반의 조성 문제와 북핵문제 해결을 위해 북한을 방문한 후 작성한 분석결과, 그리고 그와 관계된 최근 여론 동향 및 저널을 미국 백악관 국가안보보좌관인 브렌트 스코크로프트(Brent Scowroft)에게 전달한 내용에 관한 것이다. 먼저 국방예산 및 방위산업기반 조성 문제와 관련하여, 당시 미국 대선과 연계하여 미국 민주당이 1990 년 산정된 국방예산을 삭감하고 이를 위한 조치로서 국방 인원을 감축하려는 움직임을 두 가지 관점에서 반박함으로써 국방예산 유지에 대한 정당성을 확보할 수 있음을 주장하였다. 첫째 국방예산의 삭감은 국 방 관련 공무원은 물론 방위산업 종사자의 실업을 의미하며, 둘째 이러한 조치가 어렵더라도 국방예산에 관하여 방위산업 문제와 군인 감축 문제를 상원에서 분리시킬 수 있으며 이는 특히 군인감축 문제를 저 지하는데 효과적일 수 있음을 조언하였다.","[NSC/S Profile] LTR to Scowcroft fm Taylor of CSIS Re Deffense Budget & other States Topcis | Report on Bill Taylor’s Second Trip to North Korea 18 - 24 February, 1992 | Letter from John Mccain to James A. Blackwee, Jr.: Mar 6, 1992 | [Report] Political Military Studies | [Newsclip] CSIS News NSC Confidential Files-"
PZA0003245,Document Number :9205127,PZA0003245,부시,1992,PZA0003245,8,서한,142,"이 기록물철은 국제안보프로그램(International Security Programs) 부의장 윌리엄 테일러(William J. Taylor, Jr.)가 브렌트 스코크로프트(Brent Scowroft)에게 평양 방문 결과에 대해 보고하는 문건이 다. 북한이 40년 동안 지속해온 반미 집회행사를 이번 미국사절단 방문시 취소하였으며, 이는 미국에 대 한 우호적 제스처로 해석되어야 함을 주장하였다. 나아가 북한 관료들은 IAEA 사찰 보고서에 대해 잘 인식하고 있으며, 핵 문제에 관해 미국 정부와 ‘몇 가지 지점’에서 우호적 협의를 해낼 용의가 있는 것으 로 보인다는 점에 대해 보고한 내용이다.",[NSC/S Profile] LTR to Scowcroft fm Taylor of Center for Strategic & Intl Studied Re Positive develop- ments in North Korea NSC Confidential Files-
PZA0003246,Document Number :9205172,PZA0003246,부시,1992,PZA0003246,5,서한,142,"이 기록물철은 미국의 윌리엄 프리모쉬(William E. Primosch)가 미국 백악관 국가안보보좌관 브렌트 스코크로프트(Brent Scowroft)에게 보낸 서한으로, 현재 유럽 공동체(EC), 일본, 한국의 대미 철강 수출과 관련한 반덤핑 의혹과 이에 대한 상계관세의 부과 건에 관해 전달한 내용이다.",[NSC/S Profile] Steel Anti Dumping & CVD Petitions Expected on 30 Jun NSC Confidential Files-
PZA0003247,Document Number :9205185,PZA0003247,부시,1992,PZA0003247,12,"서한, 명단, 비망록",143,"이 기록물철은 미국 전직 하원의원 리차드 아이코르드(Richard Ichord)가 평양을 방문한 뒤, 개인적 소감 및 정보를 미국 백악관에 전달하는 내용에 대한 것이다. 동 서한에서 아이코르드는 김일성과의 회담을 통해 북한이 최근의 악화된 북미관계를 개선시킬 수 있는 방안을 찾고 있는 것으로 보인다면서, 이러한 긍정적 신호에 대하여 미국 역시 현재 미국의 정책 목적을 북한이 명확히 이해할 수 있도록, 다 시 말해 냉전에 기인한 적대적 정책이 아님을 이해할 수 있도록, 북한 정권과 지속적으로 대화를 추진해 나가야할 필요성이 있음을 강조하였다.",[NSC/S Profile] Proposed Telcall to former Rep ICHORD NSC Confidential Files-
PZA0003248,Document Number :9205494,PZA0003248,부시,1992,PZA0003248,8,성명서,144,"이 기록물철은 뮌헨 경제 정상회담에서 채택된 의장성명서로서 세부내용은 다음과 같다. 첫째, 루마니아의 몰도바(Moldova), 구소련 사우스-오세티아 자치주(Ossetia)에서 해당 지역의 정당 간 군사적 긴장 및 충돌을 완화할 것을 촉구함. 둘째, 발틱해 연안 국가의 독립에 대해 구소련의 권위를 인정하려는 러시아의 군사적 시도를 비난함. 셋째, 중동 문제와 관련하여 유엔총회 결의안 242와 338을 근거로 이라크가 해당 결의안의 모든 조항을 조속히 이행할 것을 촉구할 뿐만 아니라, 이라크 국민들에 대한 모든 폭력적 행위를 유엔총회 결의안 688에 따라 즉시 중단할 것을 강조함. 넷째 한반도 문제에 있 어 북한의 핵개발 의혹을 해결하기 위해, 북한이 IAEA의 사찰을 받아들일 것을 촉구함. 다섯째, 중국의 최근 개방경제 정책은 물론, 핵확산금지조약 등 대량살상무기 확산금지 조약에 대한 중국의 참여를 환영 함. 여섯째, 지중해 문제로서 최근 사이럽스에서 일어난 갈등을 해결하고자 유엔 사무총장이 실시한 모 든 정책을 지지함. 일곱째, 아프리카의 인권 및 정치적 다원주의, 시장경제 체계의 낙후 문제와 관련하 여 이를 개선하기 위한 시도를 지속할 것을 주장하는 내용이다.",[NSC/S Profile] CHMN Statement Issued at Munich Economic summit NSC Confidential Files-
PZA0003249,Document Number :9205877,PZA0003249,부시,1992,PZA0003249,7,서한,145,"이 기록물철은 주미 대사관의 임성준이 찰스 카트만(Charles Kartman)에게 보낸 서한으로 구성되어 있다. 서한에서 임성준은 한국의 대통령 외교안보 수석이 워싱턴을 방문해 미국 관료들과 안보문제에 대 해 논의하기 위해 7월 28일부터 31일까지 미국을 방문할 계획이라는 내용의 서한을 보내고 김종희 비서 실장이 브렌트 스코크로프트, 미국 국가안전보장회의(NSC)의 더글라스 팔(Douglas Paal)과 다른 관료 등을 만나기를 희망한다고 밝히는 내용이 포함되어 있다.",[NSC/S Profile] Request fm ASSt to South Korean Pres for FORN & NATL Security for APPT W/ Scowcroft / Paal & other US Officials BTW 28 - 31 Jul NSC Confidential Files-
PZA0003250,Document Number :9206313,PZA0003250,부시,1992,PZA0003250,9,"서한, 비망록",145,이 기록물철은 1992년 9월 11일 주미 한국대사관의 현홍주 대사가 미국 부시 대통령에게 보내는 서한과 이에 대해 패터슨(Torkel Patterson)이 스코크로프트(Brent Scowcroft)에게 보낸 부시 대통령의 스케줄 조정에 대한 비망록으로 구성되어 있다. 패터슨은 스코프로프트에게 보낸 비망록에서 한국의 노태우 대통령이 9월 20~23일 미국을 방문할 예 정으로 부시 대통령과의 정상회담을 9월 20~21일 혹은 22일 가질 수 있는지에 대한 일정을 체크해 줄 것을 요청하는 내용이 포함되어 있다.,[NSC/S Profile] SP for Pres MTG W/ Korean Pres Roh Tae Woo 20 / 21 or 22 Sep NSC Confidential Files-
PZA0003251,Document Number :9206550,PZA0003251,부시,1992,PZA0003251,8,서한,146,"이 기록물철은 한국의 인권문제와 관련하여 미국 스탠리 폴크너(Stanley Faulkner)가 스코크로프트 (Brent Scowcroft)에게 보내는 서한, 폴크너에게 보내는 더글라스 팔(Douglas Paal)의 답신으로 구성 되어 있다. 스탠리 폴크너는 스코크로프트에게 보낸 서한에서 상원 외교관계위원회와 하원의 외교문제위원회에 대한 국무부의 1992년 보고서를 기다리고 있으며, 본인이 이러한 보고서를 수년간 읽어 왔음을 밝히고, 최근 한국 정부가 제출한 인권위원회의 이니셜 리포트에 대한 반대 보고서로서 민주사회를 위한 법조인 들이 제출한 보고서를 읽었는데 이 두 보고서는 모두 한국 시민들의 인권이 그들 삶의 모든 측면에서 발 현되지 못하고 있다고 보고 있다는 점을 이야기한다. 폴크너에게 팔이 보낸 서한은, 스코크로프트에게 보낸 폴크너의 서한에 감사하며 한국의 인권에 대한 국무부의 보고는 민주적 이념과 현실의 갭을 잘 보여주고 있다는 내용이 제시되었다.",[NSC/S Profile] Reply to Faulkner Re Human Rights in Republic of Korea NSC Confidential Files-
PZA0003252,Document Number :9207161,PZA0003252,부시,1992,PZA0003252,8,서한,147,이 기록물철은 민주자유당 대통령 후보 김영삼이 한미관계에 대해 미국 부시 대통령에게 보낸 서한으로 구성되었다. 민주자유당 대통령 후보 김영삼은 부시 대통령에게 보낸 서한에서 최근 공화당 대통령 후보로 선출된 데 대해 축하하고 자신 역시 1992년 5월 19일 민자당 대통령 후보에 선출되었음을 밝히고 있다.,[NSC/RMO Profile] LTR TO Pres fm Democratic Liberal Party Candidate Kim Young Sam Re Korean - US Relationship NSC Confidential Files-
PZA0003253,Document Number :9207196,PZA0003253,부시,1992,PZA0003253,22,"서한, 지원서",147,"이 기록물철은 미국 행정명령 12597에 따라 제프리 쉐인(Jeffrey N. Shane)이 협력부서 및 담당자 들에 대해 보내는 비망록과 외국항공사 허용 지시사항, 외국항공사 허용을 위한 대한항공의 지원서로 구성되었다. 제프리 쉐인은 1958년 연방항공법 801조와 행정명령 12597에 따라 외국항공사 허용을 위한 대한항공 의 지원서에 대한 관련부서의 지시사항을 보내면서 이것이 60일 이내 대통령의 거부가 없는 한 수용 되어야 함을 강조하였다. 외국항공 허용 지시사항은 한미항공서비스조약(US-Korea Air Transport Services Agreement)에 따라 한국과 미국 간의 외국항공사의 일정과 정책을 조정하기 위해 대한항공이 제출한 제안서를 수정한 것으로 대한항공의 운행에 따른 선적화물 제한 기준을 삭제하는 내용을 담고 있으며, 대한항공의 알래스카 단기체류와 긴급화물수송권한을 추가하는 문제에 대한 대한항공의 요구 를 담고 있다.","[NSC/RMO Profile] Applications of Korean Air Lines co in Docket 48126 for Forn Air Carrier Permit under section 801 Federal Aviation Act of 1958 | White House Coordinating Agencies - Mailing List - Effective July 15, 1992 | Memorandum from Jeffrey N. Shane to Coordinating Departments and Agencies under executive order 12597: Transmittal of Decision for Section 801 Review | [Foreign Air Carrier Permit Application of] Korean Air Lines Company, LTD. Docket 48126 | [Korean Air Lines Company, Limited] A Flag Carrier of the Republic of Korea NSC Confidential Files-"
PZA0003254,Document Number :9207297,PZA0003254,부시,1992,PZA0003254,4,서한,148,이 기록물철은 한국 노태우 대통령 방미에 대해 현홍주 한국 대사가 브렌트 스코크로프트에게 보내는 감사 서한으로 구성되었다. 현홍주 한국 대사는 노태우 대통령의 성공적인 미국 방문에 대해 스코크로프트에게 감사하고 부시 대 통령과의 회담이 성사되진 못했지만 노태우 대통령이 스코크로프트와의 면담에 만족하고 있다는 내용 을 담고 있다.,[NSC/RMO Profile] LTR fm AMB Hong-Choo Hyun of Korea Expressing Appreciation US Support of Pres Roh Tae Woo visit in US NSC Confidential Files-
PZA0003256,Document Number :9207572,PZA0003256,부시,1992,PZA0003256,7,서한,149,"이 기록물철은 베를리츠 인터내셔널사(Berlitz International)의 CEO 조 로저스가 한국의 교육관련 해외투자 장벽과 관련해 스코크로프트(Brent Scowcroft)에게 보낸 서한에 대한 스코크로프트의 답신으로 구성되어 있다. 스코크로프트는 로저스의 서한에 감사하며 미국 정부가 한국 정부에 교육 관련 해외투자를 자유화 하 도록 압력을 가했으며 일정 정도 성공을 거두었음을 설명하고 미국의 무역대표부(USTR) 역시 한국과 무역 자유화에 대해 지속적으로 대화하고 있으며, 이 문제에 대해 인식하고 있음을 밝히고 있다.",[NSC/RMO Profile] LTR fm Berlitz on Investment Problems in Korea NSC Confidential Files-
PZA0003257,Document Number :9207691,PZA0003257,부시,1992,PZA0003257,16,서한,149,이 기록물철은 보리스 옐친 러시아 대통령과 대한항공 007편 추락사고의 미국인 유가족과 이루어진 면 담에 대해 언론 발표를 요청하는 서한들로 구성되었다. 러시아 보리스 옐친 대통령이 1992년 10월 14일 모스크바에서 미국 로버트 스트라우스(Robert Strauss) 대사와 1983년 9월 대한항공 007편 추락사고로 희생된 미국 유가족들과 면담했음을 즉각적으로 언론에 발표해 달라는 요청을 담고 있다.,[NSC/RMO Profile] Press Statement on KAL 007 NSC Confidential Files-
PZA0003259,Document Number :9209026,PZA0003259,부시,1992,PZA0003259,,"서한, 신문기사, 보고서, 기록물 매수 29 형 태 연설문",150,"이 기록물철은 한국 대선 경쟁과 관련하여 크리스토퍼 커싱(Christopher T. Cushing)이 브렌트 스코 크로프트(Brent Scowcroft)에게 보낸 서한과 뉴욕타임즈 관련 기사, 김영삼을 소개하는 홍보 보고서, 김영삼 대통령 후보 수락연설문으로 구성되어 있다. 크리스토퍼 커싱은 1992년 11월 20일 한국의 대선 캠페인이 시작되었으며 12월 18일 대통령선거에 서 당선이 유력한 다수당인 민주자유당 후보인 김영삼에 대해 관심을 가질 것을 제안하면서 관련 뉴욕 타임즈 기사와 김영삼의 정치적 역정을 소개하는 홍보 보고서, 김영삼의 대통령 후보 수락 연설문을 첨 부하였다.","[NSC/RMO Profile] South Korean Pres Campaign Front Runner | Letter from Christopher T. Cushing to Brent Scowcroft: Nov 27, 1992 NSC PA Files-"
PZA0003262,Document Number :8901286[2],PZA0003262,부시,1989,PZA0003262,23,현황보고서,151,"이 기록물철은 ‘한국: 문제와 우리가 할 수 있는 것들’과 ‘경제/무역 이슈’라는 주제의 두 개의 현황보 고서로 구성되었다. 첫 번째 현황보고서는 현재 문제는 쌍무적 마찰이 가져오는 무역, 투자, 자본과 환율제한의 문제이며 특히 농업분야의 높은 보호주의를 개방하는 문제는 한국인들에게는 민감하며 미국에는 매우 중요한 사항 임을 밝히고 금융서비스 시장 개방 등을 포함한 지속적인 압력의 필요성을 제기하는 내용이다. 두 번째 현황보고서는 경제/무역 마찰의 구조적 문제를 다룬 것으로 한국이 현재 구조적인 무역 장벽들을 제거하 고 있으며 노태우 대통령의 1988년 경제구조조정자문회의(Economic Restructuring Commission)가 이러한 무역 장벽 해소를 위한 노력을 기울이고 있음을 밝히고 있다.",[Background Paper] South Korea: The Problem and What We can do about it | [Background Paper] Economic/ Trade Issues | [Withdrawal Sheet] South Korea and Strategic Export Controls | [Withdrawal Sheet] Re: Student Demonstrations | [Withdrawal Sheet] U.S. -ROK Security Relationship Issuess | [Withdrawal Sheet] Re: Investigation | [Withdrawal Sheet] North/ South [Korea] Disposition | [Withdrawal Sheet] North/ South [Korea] Interaction | [Withdrawal Sheet] Korea: Military Sales NSC PA Files-
PZA0003263,Document Number :8901287[1],PZA0003263,부시,1989,PZA0003263,,"브리핑 문서, 현황정보 기록물 매수 29 형 태 보고서",152,"이 기록물철은 미국 부시 대통령의 한국 방문에 대한 일정 및 관련 준비상황을 담은 브리핑 문서로 구 성되어 있다. 1989년 2월 27일 미국 부시 대통령의 방한에 대한 자세한 일정 및 관련 준비상황, 참석자들의 명단을 담은 브리핑 문서(Briefing Book)이다.",[NSC/S Profile] Schedule & Backup Materials Briefing Book for Trip to Korea | [Report] The Visit of President Bush to Korea NSC PA Files-
PZA0003264,Document Number :8901287[2],PZA0003264,부시,1989,PZA0003264,68,연설문,152,"이 기록물철은 미국 부시 대통령의 한국 방문시 대한민국 국회에서의 연설문과 한국 내 미국 공동체에 대한 연설문으로 구성되었다. 미국 부시 대통령은 1989년 2월 27일 대한민국 국회에서 행한 연설에서 이번 방한이 양국관계와 국가 간 유대를 강화하는데 기여할 것이며 미국의 가장 중요한 미션은 자유와 민주주의를 지속하는 것이며 이 를 위해 대통령으로서 주한미군 주둔을 지속할 것과 양국의 상호방위조약을 지지할 것임을 천명하면서 주한미군의 감축 계획이 없다는 내용을 표명하였다. 그리고 한국에 주둔하고 있는 미군에 대해 평화, 안 보, 자유를 위한 그들의 기여를 치하하였다.","Remarks of the President the National Assembly of Korea Seoul, South Korea February 27, 1989 | Vice of President and Mrs. Bush of Seoul, Korea February 27, 1989 | Remarks to the American Community Seoul, Korea February 27, 1989 | Vice of President and Mrs. Bush of Seoul, Korea February 27, 1989 | [Withdrawal Sheet] Brent Scowcroft to POTUS, re: Scope Paper: Your visit to Korea | [Withdrawal Sheet] James A. Baker III to POTUS, re: Official Working Visit to Korea | [Withdrawal Sheet] Political Overview | [Withdrawal Sheet] Schedule of the President and Mrs. Bush to Seoul, Korea | Schedule of the President and Mrs. Bush for Seoul, Korea February 27, 1989 NSC PA Files-"
PZA0003265,Document Number :9002839,PZA0003265,부시,1990,PZA0003265,40,"비망록, 서한",153,"이 기록물철은 미국 더글라스 팔(Douglas Paal)이 브렌트 스코크로프트(Brent Scowcroft)에게 보낸 비망록과 체니가 다수의 상·하원의원에게 보낸 서한으로 구성되었다. 더글라스 팔이 스코크로프트에게 보낸 비망록은 동아시아에서 미주둔군에 대한 분류, 미분류 의회 보 고서를 제출하겠다는 내용과, 체니가 아시아태평양 지역의 전략적 틀에 관해 다수의 상·하원의원에게 의회 보고서를 제출하겠다는 내용이다.","[NSC/S Profile] RPT To Congress Re Military Presence of Us in East Asia | [NSC/S Profile] RPT To Congress / A Strategic Framework for the Asian Pacific Rim | [Withdrawal Sheet] A Strategic Framework for the Asian Pacific Rim: Looking Towar the 21st Century | [Withdrawal Sheet] A Strategic Framework for the Asian Pacific Rim: Looking Towar the 21st Century | [Withdrawal Sheet] Dick Cheny to [Brent Scowcroft], re: Report to Congress Entitled “A Strategic Frame- work for the Asian Pacific Rim.” | [Draft Presidential Letter to Transmit Report Required by Section 915 of the FY’90 Defense Authorization ACT]: | Memorandum from Douglas Paal to Brent Scowcroft: Report to the Congress on the Military Presence of the United States in East Asia | [Withdrawal Sheet] Draft, Brent Scowcroft to POTUS, re: Report to the Congress on the Military Presence of the United States in East Asia | [Withdrawal Sheet] Draft, Brent Scowcroft to POTUS, re: Report to the Congress on the Military Presence of the United States in East Asia NSC PA Files-"
PZA0003269,Document Number :9101261,PZA0003269,부시,1991,PZA0003269,17,메모,154,"이 기록물철은 미국 국가안전보장회의의 문건이며, 스코크로프트(Scowcroft)가 스미스(Smith) 의원 에게 보내는 서한으로서, 미국 부시 대통령에 대한 한국전쟁 포로 관련 문서 요청에 대해 문서의 공개 현 황을 알려주는 내용이다.",[NSC/S Profile] Request for Pres Documents Re Korean War Pows
PZA0003275,Korea-Foreign Policy 1990,PZA0003275,부시,1990,PZA0003275,7,비망록,155,"이 기록물철은 UN 총회의 4-5세션의 흐름에 관한 내용이다. 새로운 국제관계가 형성되는 환경에서 한국의 UN 가입은 신속히 이루어져야 하고, 한국의 UN 가입은 한반도 통일과 평화 유지에 기여할 것이 라는 등의 논의가 이루어졌다.",[Memorandum: As the forth-fifth session of the United Nations General Assembly draws …
PZA0003276,Korea - U.S. - 1990,PZA0003276,부시,1990,PZA0003276,,"비망록, 메모, 발언요지, 기록물 매수 85 형 태 보고서, 전문, 서한, 의제, 초안",155,이 기록물철은 미국 더글라스 팔(Douglas Paal)이 스코크로프트(Scowcroft)에게 전달한 비망록으로서 한국 전쟁 종전 38주년 기념일을 맞이하여 기념 은화 달러를 주조하는 것에 관한 내용에 관한 것이다. 그리고 로버트 모스바처가 스코크로프트(Scowcroft)에게 전달한 비망록은 한국에서의 수입반대 캠페인 에 관한 내용이다.,"[Withdrawal Sheet] Douglas Paal and Daniel Poneman to Robert M. Gates, re: Meeting | [Withdrawal Sheet] Douglas Paal to William F. Sittmann, re: Korea | [Withdrawal Sheet] Douglas Paal to William F. Sittmann, re: Agenda for Meeting | Executive Secretariat Staffing Document | [Withdrawal Sheet] Re: KFP [Korean Fighter Program]--Initialling the MOU [Memorandum of Understand- ing] | Memorandum from Douglas Paal to Brent Scowcroft: Presidential Proclamation for Korean War Remem- brance Day | Memorandum from Robert A. Mosbacher to Brent Scowcroft: Korean Anti-Import Campaign | [Withdrawal Sheet] Richard Clark and Richard Solomon to Secretary of State Baker, re: Secretary Cheney Reverses Position | [Withdrawal Sheet] U.S. Embassy, Seoul to Secretary of State, et al., re: [Republic of Korea President] Roh’s Visit Off | [Withdrawal Sheet] Yong Nam Yoon to General Hollis E. Davison, re: U.S.-Korea military issues | [Withdrawal Sheet] Re: Memorandum of Understanding Between the United States of America and the Republic of Korea | Memorandum from Douglas Paal to Brent Scowcroft: Meeting with American Chamber of Commerce in Korea | Memorandum from Douglas Paal to Brent Scowcroft: Your Remarks to CSIS Northeast Asia Council, March 23, 4:00 p.m. - 4:30 p.m, Room 476, OEOB | [Withdrawal Sheet] Douglas Paal to Robet[Robert] M. Gates, re: Your Meeting with Korean Ambassador Park Tong-jin, February 15, 1990 | Invitation to Mtg W/ CSIS Northeast Asia Coun"
PZA0003283,"Korea, South - U.S. - 1990 [2]",PZA0003283,부시,1990,PZA0003283,38,"비망록, 서한, 전문, 메모",156,"이 기록물철은 미국 부시 대통령이 유럽과 중동 순방 전에 한국 현대 정주영 회장을 만날 것을 요청한 하워드 베이커의 제안에 대해 일정상 불가능하다는 답신, 걸프 위기와 관련하여 한국 노태우 대통령에게 보내는 9월 27일 미국 부시 대통령의 서한에 대한 응답, 전투기 공동생산에 있어서 법에 허용한 범위 외 의 기술이전이 불가하다는 통보, 한·미 주둔군 지위협정(SOFA) 문제를 성공적으로 이끌기 위한 검토 (1990년 11월 1일) 등에 관한 내용이다.","Memorandum from Douglas Paal to Brent Scowcroft: Reply to Howard Baker’s Request that the President Meet with Ju Yung Chung | [Withdrawal Sheet] U.S. Embassy, Seoul to Secretary of State, et al., re: Ambassador Meets with Foreign Minister on SOFA [Status of Forces Agreement] | Letter from Lee, Woo Shik to Teddy G. Allen, November 1, 1990 | Responsse to Pres Ltr 27 Sep to Pres Roh Tae Woo Re Gulf Crisis | [Withdrawal Sheet] Roderick A. Moore to Karl Jackson, re: Embassy Seoul views | [Withdrawal Sheet] U.S. Embassy, Seoul to Secretary of State, et al., re: Bringing the SOFA [Status of Forces Agreement] Review to a Successful Conclusion | [To Prohibit the transfer of technology to the Republic of Korea …] | Alert Memo Re Ltr to Pres fm Pres Roh Tae Woo for Thanks W/ Gulf Crisis & Rpt on China Relations"
PZA0003285,"Korea, South - U.S. - 1990 [4]",PZA0003285,부시,1990,PZA0003285,,"서한, 전문, 비망록, 회람문, 기록물 매수 73 형 태 팩스, 메모, 발언요지, 노트",157,"이 기록물철은 걸프전 지원에 대한 미국의 서한, 중동 위기에 대한 대통령간 서한, 추가 지원에 대한 미국 정부로부터의 서한, 한국에서의 중요 군사 훈련에 대한 보고, 김영삼의 미국 부시 대통령 회담 요 청, 미국의 동북아시아 주둔 미군 재배치 문제에 관한 한국 정부의 질의 서한, 한국과 미 2사단의 움직임, 한국형 전투기 사업에 대해 한국 국장방관에게 보내는 미국 정부의 문서, 용산기지 재배치 문제의 합의 결과(1990년 6월 14일), 1990년 6월 4일, 미국 샌프란시스코에서의 노태우-고르바초프의 한소 정상회 담에 대한 보고, 한국에 대한 솔로몬의 핵확산금지 활동 요지 등과 관련한 것으로 대부분 비공개 문서 이다.","Memorandum from Alexander Soroko to DSAA: Administration Position on Senator Dixon Amendment | [Memo] from Douglas Paal to Ginny Lampley, August 3, 1990 | [Withdrawal Sheet] U.S. Embassy, Seoul to Secretary of State, et al., re: On the Eve of Assistant Secretary Solomon’s Visit | [Withdrawal Sheet] Fax cover sheet, re: Significant Military Exercises in ROK | [Fax Cover Sheet] from Myung Hwan Yu to Douglas Paal, July 30, 1990 | [Withdrawal Sheet] Fax cover sheet, re: U.S.-Republic of Korea | [Withdrawal Sheet] U.S. Embassy, Seoul to Secretary of State, re: Kim Young Sam Requests Appointment with President Bush | [Withdrawal Sheet] Handwritten post-it note from Karl [Jackson] to Doug [Paal], re: Views on Moving the Two Koreas memo | [Withdrawal Sheet] U.S. Embassy, Seoul to Secretary of State, et al., re: ROKG Request U.S. Attitudes on Military Issues | [Routing and Transmittal Slip] from Mark to Doug Paal, June 20, 1990 | Memorandum from Douglas Paal to Brent Scowcroft: Brief Reply to Korean Ambassador Hyun | [Withdrawal Sheet] To: Distribution List, re: South Korean Interest | Ltr to Pres fm Pres Roh of South Korea Re 40th Anniversary of Korean War & His Mtg w/ Gorbachev | B-C-S Breakfast Item / Korea & Moves for Second Infantry Division | [Withdrawal Sheet] U.S. Embassy, Seoul to Secretary of State, et al., re: Ambassador Conveys USG Position on KFP to MND Minister Lee | On the Occation of concluding an agreement on the relocation of the Yongsan Base | [NODIS Routing] | Executive Secretariat Staffing Document | [Withdrawal Sheet] U.S. Embassy, Seoul to Secretary of State, Re: Roh-Gorbachev Meeting in San Fran- cisco | Telegram from Amembassy Seoul to SecState WashDC: Roh-Gorbachev Meeting in San Francisco | [Withdrawal Sheet] Douglas Paal to Brent Scowcroft, re: Korea: Second Infantry Division Moves | [Withdrawal Sheet] Fax cover sheet; names redacted | [Withdrawal Sheet] Handwritten notes, re: Solomon PCC on Korea | [Withdrawal Sheet] U.S. Embassy, Seoul to Secretary of State, re: U.S.-ROK Defense Consultations | [Memo] from Lawrence S. Eagleburger to Brent Scowcroft, May 31, 1990"
PZA0003288,Korea Miscellaneous 1992,PZA0003288,부시,1992,PZA0003288,10,"비망록, 서한",159,이 기록물철은 한국 유영수가 미국 리처드 본드(Richard Bond)에게 전달한 한국 이산가족협의회에 대 한 비망록과 1992년 5월 17일자 이산가족에 대한 한국 중앙일보 기사에 관한 것이다.,"Memorandum from Yung Soo Yoo to Richard Bond: Korean Family Reunion Club | Letter from Han Ok Yeo to Barbara Boxer, March 5, 1992 | [Withdrawal Sheet] From Kyoung K. Oh, M.D., re: Health issues of Ham Ok Yeo | [Withdrawal Sheet] Richard A. Ott, M.D., re: Myung Kyu Ham; contians medical data | The Korea Central Daily, March 17, 1992"
PZA0003294,"Korea, South - Roh [Tae Woo] 1989 Visit [1]",PZA0003294,부시,1988,PZA0003294,,"노트, 일정표, 비망록, 기록물 매수 139 형 태 연설문, 보고서, 신문 스크랩",159,"이 기록물철은 1989년 10월 16~18일간 한국 노태우 대통령의 방미계획과 관련하여, 첫째 서울 주재 미국 대사관(비공개 기록물 목록), 한국 해외공보국의 자료, 신문스크랩 기사, 1988년 미국 부시 대통령 의 부대통령 시절 한국 국회 연설문 자료 등 사전 정보자료와, 둘째 방미 일정표, 방미시 각료회의 내용, 한미 정상회담 내용 등으로 구성되어 있다. 먼저 사전 자료에서는, 한국 노태우 대통령의 대외정책으로서 “협력의 시대”에 따른 북방외교정책의 필요성과 남북정책으로서 ‘한민족 공동체 통일방안’의 의의, 미국 부시 대통령의 연설문 내용으로서 냉전 해체와 관계없이 지속적인 미국의 한반도 방위 공약 및 한국의 시장개방 문제가 주요 내용이다. 특히, 한국 노태우 대통령의 ‘한민족 공동체 통일방안’은 궁극적인 통일국가 완성단계로 이행함에 있어 그 중간단계로서 생활공간의 형성과 통합을 주장하고 있으며, 이는 소위 남북연합론으로서 분단에 따른 민족동질성 회복이라는 것을 근거로 하고 있다는 점을 이야기 한다. 그리고 부시 대통령의 국회 연설문 자료는 현재 미국의 한국정책에 반영되고 있는 핵심 내용으로서, 안보방위를 대가로 한 시장개방 전략이 한국 국회 및 정부 내에서 일정수준 지지되고 있다는 점도 제시하고 있다. 자료 중 회담내용은 비공개 기 록물 목록으로 내용을 확인할 수 없다.","[Withdrawal Sheet] Re: Cabinet Meeting Between ROK President Roh [Tae Woo] | [Withdrawal Sheet] Handwritten notes, re: Roh/ Bush meeting | [Withdrawal Sheet] Handwritten notes, re: P [President]-Roh Meeting | Memorandum from VMS Mail user WHSR to Paal, October 20, 1989 | [Withdrawal Sheet] U.S. Embassy, Seoul to Secretary of State, et al., re: Text of Roh Tae Woo’s Address to Congress, October | The Official Working Visit to Washington, D.C. of His Excellency Roh Tae Woo President of The Republic of Korea and Mrs. Roh, October 16-18, 1989 | The Official Working Visit to Washington, D.C. of His Excellency Roh Tae Woo President of The Republic of Korea and Mrs. Roh, October 16 to October 18, 1989 | Major Addresses by President Roh Tae Woo of the Republic of Korea | Roh Tae Woo, A Political Profile | Korea in Focus | Unification Policies | Northern Diplomacy | The Economy | Korea-U.S. Trade Relations | Statistics | Democratic Experiment | Korea-U.S. Relations | Memorandum: Departure Statement: President Roh Tae Woo, South Portico, Tuesday, Oct. 17, 1989, 1:15 pm (10/16 - draft: two) | Memorandum: Departure Statement: President Roh Tae Woo | Executive Secretariat Staffing Document | [Request for Appointments - Official Working Visit of President Roh Tae Woo of Korea]"
PZA0003295,"Korea, South - Roh [Tae Woo] 1989 Visit [2]",PZA0003295,부시,1989,PZA0003295,7,연설문,161,"이 기록물철은 1989년 10월 18일 한국 노태우 대통령의 방미 순방 후 귀국 환송식에서의 연설문 내용 이다. 첫째 (최근 미군 재배치에 관한 논쟁에도 불구하고) 한미 연합방위능력에는 변화가 없음을 확인하 였고, 둘째 미국은 남북한 직접대화와, 이에 따른 다양한 영역에서의 교류 조직을 창설하는 방안을 지지 한다는 사실을 확인하였다는 점, 셋째 한국 노태우 대통령의 ‘한민족 공동체 통일방안’에 대해 미국 부 시 대통령이 원칙적 지지를 표명하였다는 점, 넷째 한국과 미국은 북한을 잠재적 적국이 아닌 경쟁 상대 방으로서 인정하기로 거시적 범주에서 합의하였다는 점, 다섯째 시장개방 문제와 관련하여 한국은 지역 적 무역장벽을 해체하여야 한다는 것에 원칙적 지지를 표명하고, 한미 양국간 무역쟁점을 협의해 나가 기로 합의한 점, 여섯째 미국의 아시아-태평양 정책(미국 부시 대통령의 아시아 안보 구상 정책)을 한 국은 지지하며, 동 지역에 대한 지역협력을 구축하되 이것이 역내 무역장벽으로 귀결되지 않도록 노력 하기 위하여 다음 달 캔버러에서 열리는 장관급 회담에서 미국측 입장을 지지하기로 합의하였다는 등의 내용을 담고 있다.",Departure Statement (Draft)
PZA0003296,"Korea, South - Roh [Tae Woo] 1989 Visit [3]",PZA0003296,부시,1989,PZA0003296,,"연설문, 비망록, 메모 기록물 매수 60 형 태 브리핑 보고서, 서한",161,"이 기록물철은 크게 1989년 10월 16일 ~ 18일 간 한국 노태우 대통령의 방미 순방시의 노태우 대통령 연설내용 및 방미일정에 관한 자료와, 한국 대통령의 방미에 따른 백악관 사전자료로서 한국 경제에 대한 브리핑 보고서 자료로 구성되어 있다. 동 보고서에서는 미국 정부가 첫째 농업분야의 높은 무역장벽에 대한 효과적 접근이 필요하고, 둘째 한 국이 “선진-경제” 국가로서 GATT 및 국제무역기구 상의 의무를 수행해야함을 강조하는 방향으로 접근 하며, 셋째 지적 재산권, 금융 및 자본 시장의 완전 자유화, (국가 주도가 아닌) 시장경쟁 중심으로 한국 정부의 정책과 대외전략을 수정하도록 유도할 필요성을 주장하는 내용이 포함되어 있다.","Participants 17 Oct Mtg Btw Pres and Korean Pres Roh | Memorandum from Douglas Paal to G. Philip Hughes: Draft Departure Statement for the Official Working Visit of Korea’s President Roh Tae Woo | Fact Sheets for Official Working Visit of Korean Pres Woo Oct 16-18 89 | Talking Points for Pres Use in His Oct 17 1989 Mtg & Lunch W/ Korea Pres Roh | Tentative Agenda | [Memo] from Todd to Douglas Paal | Tentative Agenda | President Roh’s Official Party | [Withdrawal Sheet] U.S. Embassy, Seoul to Secretary of State, re: Ambassador’s Initial Meeting with ROK National Security Advisor | [Withdrawal Sheet] To: Distribution List, re: Economic Planning Board’s Suggestion of Discussion Points for President No Tae-U’s [sic] Visit to the U.S. in October | Tasker to State Re Pres Rohs Visit /Oct | Request for Press Announcement / Visit of Pres of Korea | Announcement of Working Visit of Roh | [Withdrawal Sheet] U.S. Embassy, Seoul to Secretary of State, re: ROKG Response on Invitation to Roh Tae-Woo"
PZA0003297,Korea - U.S. - 1989 [1],PZA0003297,부시,1989,PZA0003297,,"메모, 전문, 비망록, 서한, 기록물 매수 68 형 태 보고서",163,"이 기록물철은 1989년 한미 관계와 관련하여 미국 백악관 대통령실 내부 문건, 한국형전투기 사업 및 한미 무역분쟁과 관련한 기관 문건, 한미 간 쟁점 사안에 대해 한국 노태우 대통령이 미국 부시 대통령 수신명의로 보낸 서한, 한국 내각 관료의 방한 및 한미 장관급 회담에 대한 서한 등으로 구성되어 있다. 이 중 한국형전투기 사업과 무역분쟁에 관하여서는 기록물이 공개되어 있으나, 기타 다른 사안은 비공 개 기록물 목록으로서 확인할 수 없다.","[Withdrawal Sheet] Karl Jackson to Patty A. Daniel, et al., re: Korea | [Withdrawal Sheet] To: Distribution List, re: Comments on the Objectives of the South Korean FX Program and on the Key South Korean Decision-Makers | [Withdrawal Sheet] From Secretary of State, re: Unfairness Determination: Korea Beef 301 | Memorandum from Douglas Paal to G. Philip Hughes: Presidential Message for President Roh of South Korea | [Withdrawal Sheet] Douglas Paal to Brent Scowcroft, re: Your Meeting with Korean National Security Ad- viser Kim Chong Whi--Wednesday, September 6, 1989, 3:30 p.m.-4:00 p.m. | [Withdrawal Sheet] Douglas Paal to Brent Scowcroft, re: Your Meeting with Korean National Security Ad- visor Kim Chong Whi--Wednesday, September 6, 1989, 3:30 p.m.-4:00 p.m. | [Withdrawal Sheet] U.S. Embassy, Seoul to Secretary of State, et al., re: Human Rights Situation | [Withdrawal Sheet] To: Distribution List, re: Defense Security Commander’s Report to President on Results of a Survey … | [Withdrawal Sheet] L. Desaix Anderson to Participants in August 23 Meeting | [Withdrawal Sheet] U.S. Embassy, Seoul to Secretary of State, et al., re: ROK National Security Advisor’s Visit | Ltr to Pres fm ROK Pres Roh Tae Woo | Memorandum from Peter Allgeier to Douglas Paal: Vice President Quayle’s Visit to South Korea and U.S. Trade Objectives | [Withdrawal Sheet] Secretary of State to U.S. Embassy, Seoul, et al., re: Secretary Baker’s July 25 Discus- sion with ROK Foreign Minister: Multilateral Issues | [Transmittal Form] for Philip Hughes: Letter from Republic of Korea President re US/Korea Security Con- sultative Meeting ... | [Facsimile Transmission] from John T. Tyler to Karl Jackson | [Withdrawal Sheet] Re: Letter from President Bush to President Roh [Tae Woo] | Korean Fighter Program | [Withdrawal Sheet] Karl D. Jackson to Brent Scowcroft, re: President’s Meeting with Korean Minister of Defense Lee Sang Hoon | [Withdrawal Sheet] Douglas Paal to Brent Scowcroft, re: Schedule Proposal--Meeting with Minister Choi Ho Joong of the Republic of Korea | Memorandum from Douglas Paal to Brent Scowcorft: Schedule Proposal - Photo Op with Republic of Korea Defense Minister Lee Sang-hoon | Memorandum from Douglas Paal to Brent Scowcorft: Schedule Proposal - Photo Op with Republic of Korea Defense Minister Lee Sang-hoon | [Routing and Transmittal Slip] for Douglas Paal, July 5, 1989 | [Withdrawal Sheet] Routing and Transmittal Slip to Doug Paal; name redacted"
PZA0003298,Korea - U.S. - 1989 [2],PZA0003298,부시,1989,PZA0003298,,"메모, 리포트, 보고서, 기록물 매수 24 형 태 브리핑 보고서, 발언요지",164,"이 기록물철은 1989년 한미 관계와 관련하여, 당시 한국의 통일민주당 총재 김영삼과 미국 백악관 국 가안보보좌관 브렌트 스코크로프트(Brent Scowroft)와의 회담에 관한 문건이다. 동 회담 내용은 본 기록물철에 포함되지 않아 확인할 수 없다. 동 회담은 김영삼 총재가 세계경제 및 국제관계 연구소의 초청을 받아 1990년 6월 2~15일간의 일정 으로 모스크바에 체류하며 이에 따라 헨리 키신저(Henry Kissinger)에게 미국 정부의 주요인사와의 면 담을 요청하여, 헨리 키신저가 부시 정부의 핵심인사인 스코크로프트에게 김영삼과의 회담을 제안하는 것이다.","[Withdrawal Sheet] Re: Demarche on Briefing | [Business Card - Thomas P. H. Dunlop] | [Withdrawal Sheet] Douglas Paal to Brent Scowcroft, re: Your Meeting with Korean Reunification Demo- cratic Party President Kim Young-sam, June 14, 1989, 3:00 p.m-3:30 p.m. | Letter from Brent Scowcroft to Henry Kissinger, June 9, 1989 | [Withdrawal Sheet] Douglas Paal to Brent Scowcroft, re: Proposed Meeting with Kim Young-sam"
PZA0003299,Korea - U.S. - 1989 [3],PZA0003299,부시,1989,PZA0003299,,"메모, 리포트, 보고서, 서한, 기록물 매수 88 형 태 비망록",165,"이 기록물철은 1989년 한미 관계와 관련하여, 당시 한미 국방안보협의회에서 논의된 주한미군 시설 재배치 문제 및 한미연합사령부 건물의 재건축 문제, 한미 어업협정 상의 기한 연장 문제, 당시 김대중 씨의 뉴욕 방미 사안에 대한 사전준비 등과 관련된 문건으로서, 한미 유자망 어업협정에 관한 건을 제외 하면 모두 비공개 기록물 목록으로서 내용을 확인할 수 없다.","A Brief History of Kim Young Sam | [Withdrawal Sheet] Re: Government report | [Withdrawal Sheet] Re: Government report | [Memo] from Eric Melby to Karl Jackson, March 30, 1989 | Memorandum from Douglas Paal to Rober M. Gates: Response to Card Re Photo Op for Korean Party Leader | [Withdrawal Sheet] To: Distribution List, re: Disagreement on Restructuring of the Combined Forces Com- mand/ Relocation of U.S. Military Facilities | [Withdrawal Sheet] To: Distribution List, re: Recent Agenda Discussions for the Military Committee Meet- ing of the Security Consultative Meeting | Memorandum from Jackie Murphy: Extension of Governing International Fishery Agreement with the Gov- ernment of Korea | Memorandum from Douglas Paal to Brent Scowcroft: Transmission to the Senate and the Congress of the Extension of the Governing International Fishery Agreement with the Republic of Korea | Memorandum from Brent Scowcroft to George Bush: Transmission to the Senate and to the Congress of the Extension of the Governing International Fishery Agreement with the Republic of Korea | Memorandum from Brent Scowcroft to George Bush: Transmission to the Senate and to the Congress of the Extension of the Governing International Fishery Agreement with the Republic of Korea | [Withdrawal Sheet] Re: Discussion Between President No Tae-U [Roh Tae Woo] and Kim Pok-Tong | [Withdrawal Sheet] J. Stapleton Roy to Brent Scowcroft, re: Request for Call on Mr. [Robert M.] Gates by South Korea Presidential Special Assistant Park Choi On | [Withdrawal Sheet] Fax cover sheet, re: Seoul | Memorandum from Janet M. Jeffers to Brenda I. Hilliard: Crosshatch 036853 | Letter from George Bush to Roh Tae Woo, April 13, 1989 | [Withdrawal Sheet] To: Distribution List, re: Korean Institute for Defense Analysis… | [Withdrawal Sheet] U.S. Embassy, Seoul to Secretary of State, re: PPD Aides to Washington and New York to Advance KDJ Trip | [Withdrawal Sheet] U.S. Embassy, Seoul to Secretary of State, re: Briefing President Roh [Tae Woo] [Binder 4]: [The Secretary of State’s Trip to China, Korea, and Japan -"
PZA0003300,"February 26, 1987-March 8, 1987] [3]",PZA0003300,부시,1987,PZA0003300,10,"메모, 보고서",166,이 기록물철은 1987년 미국 국무부 장관 개스턴 시규어(Gaston Sigur)의 동북아시아 순방 일정에 따 른 일정표와 한국 방문과 관련한 한국의 경제지표 자료 및 한국 경제 평가보고서에 관한 문건이다.,"[The Korean Peninsula] | [Withdrawal Sheet] Gaston Sigur to The Secretary [of State], re: Your Visit to Seoul, 6 March, 1987 | Economic Graphs for the Secretary’s Trip to Korea | Issues Agenda/ Schedule for Seoul Visit | Korea -- At a Glance | Economic Fact Sheet - Korea"
PZA0003304,"Korea, South - Economic Policy 1991",PZA0003304,부시,1991,PZA0003304,,"약력, 팩스, 서한, 보고서, 기록물 매수 21 형 태 비망록, 전문",167,"이 기록물철은 구본영의 약력과 한국 재무부 차관보 이환균과 미국 국무부 국제국 차관보 올린 웨팅턴 (Olin L. Wethington)이 서울에서 한국 경제 상황에 대한 대화를 한 것에 대한 서한 등으로 구성되어 있다. 한국 경제 발전과 자유화, 규제와 관련한 외환관리법(FEMA, Foreign Exchange Management Act) 개정의 문제, 한국 주식시장에 외국인의 참여가 가능하게 하는 개방에 대한 논의와, 불확실한 경제 이슈에 대해 미국 백악관 선임보좌관이 미국 부시 대통령에게 보고한 내용이 포함되어 있다.","[Withdrawal Sheet] Re: Bohn-Young Koo; home address redacted | [Memo] from Matthew Goodman to Doug Paal | Memorandum from Torkel Patterson to Doug Paal: Talking Points with Koo Bohn-Young | [Withdrawal Sheet] From U.S. Embassy, Seoul, re: Senior Secretary to the President for Economic Affairs Noncommittal on Pending Economic Issues | [Withdrawal Sheet] U.S. Embassy, Seoul to Secretary of State, re: Korea on the Eve of Secretary Mosbach- er’s Visit Korea, South - [President] Roh [Tae-Woo]"
PZA0003307,Visit [to the U.S.] 1991,PZA0003307,부시,1990,PZA0003307,99,"회람문, 전문 요지, 보고서, 팩스",168,"이 기록물철은 1990년 6월 6일 한국 노태우 대통령과 미국 부시 대통령의 대화록, 1991년 7월 2일 한국 노태우 대통령이 미국 부시 대통령에게 보내는 방미 일정에 대한 감사 서한, 1991년 7월 2일 한국 노태우 대통령과의 회담, 환영식에서 한국 노태우 대통령과 미국 부시 대통령의 환영사, 담화문, 참석자 좌석배치도, 행사일정, 팩스 등으로 구성되었다.","Memorandum from Douglas Paal to William F. Sittmann: Memorandum of Conversation for Meeting with Korean President Roh Tae Woo, June 6, 1990 | Pres Memcon W/ Pres Roh of Korea on 2 Jul | Ltr fm Pres Roh Tae Woo of South Korea Thanking Pres for Successful US State Visit | Memorandum from Douglas Paal to William F. Sittmann: Meeting with Roh Tae Woo, President of the Republic of Korea, July 2, 1991 | Memorandum from Torkel Patterson to William F. Sittmann: Meeting with Roh Tae Woo, President of the Republic of Korea, July 2, 1991 | Briefing by Assistant Secretary of State for East Asian and Pacific Affairs Richard Solomon | Toast in Honor of President Roh Tae Woo of the Republic of Korea / The East Room / July 2, 1991 / 7:15 p.m. | Arrival Ceremony for Pres. Roh Tae Woo of Korea the South Lawn/ July 2, 1991/ 10:00 am | Remarks by the President and President Roh Tae Woo of the Republic of South Korea upon Arrival | Points to Be Made/ Participants List/ BIO Re Pres Mtg W/ Pres Roh Tae Woo 2 Jul | [Withdrawal Sheet] NSC Correspondence Profile Sheet, re: Points to Be Made, re: President’s Meeting with President of the Republic of Korea Roh Tae Woo | Pres Talkers for State Visit of Pres Roh Tae Woo of Republic of Korea | The State Visit to Washington, D.C. of His Excellency Roh Tae Woo President of the Republic of Korea and Mrs. Roh, July 1 to 3, 1991 | [NODIS Routing: Seoul 6645] | [NODIS Routing: Seoul 6645] | [Withdrawal Sheet] U.S. Embassy, Seoul to Secretary of State, re: President Roh’s Thinking Coming Into His Washington Visit | [Withdrawal Sheet] To Distribution List, re: South Korean Talking Points for the Upcoming South Korea- U.S. Summit Meeting | [Withdrawal Sheet] Secretary of State to U.S. Embassy, Seoul, et al., re: ROK MOFA Ban Ki-Moon Call on Asst. Secretary Solomon, June 10, 1991 | [Fax Cover Sheet] from Myung Hwan Yu to Douglas Paal, June 5, 1991 | Draft Guest List for White House State Dinner for President | Memorandum from Douglas Paal to Brent Scowcroft: Abshire Request for Invitation to Roh Tae Woo State Dinner | Approved Pres Activity / Visit of Pres of Republic of Korea 2 Jul 10 am"
PZA0003309,"Korea, South-U.S. 1991 [2]",PZA0003309,부시,1990,PZA0003309,9,"대화록, 서한",169,"이 기록물철은 1990년 6월 6일, 한국 노태우 대통령과의 비공식 회담 메모, 유엔 가입과 관련하여 한국 노태우 대통령이 미국 부시 대통령에게 보내는 서한으로 구성되어 있다.",Memcon for Mtg W/ Korean Pres Roh Tae Woo on 6 Jun 1990 | Ltr to Pres fm Roh Tae Woo Re Joining UN
PZA0003310,"Korea, South-U.S. 1991 [3]",PZA0003310,부시,1991,PZA0003310,,"메모, 전문 요지, 보고서, 전문, 기록물 매수 63 형 태 회람문, 서한, 노트, 명단",170,"이 기록물철은 1991년 5월 1일, 한국 이상옥 외교부장관과 미국 부시 대통령과의 회담에서 미국이 한국의 유엔 가입을 지지하고 걸프전에서 한국정부의 역할에 대해 감사를 표명하는 내용과 회담의 세부 일정, 1991년 5월 한국의 금융시장 개방에 대한 보고내용 등에 대한 것이다.","Talkers for Pres Mtg W/ South Korean Fomin Song Ock Lee on 1 May Re Support for Entry into UN & Appreciation for Role in Gulf War | [Withdrawal Sheet] Secretary of State to U.S. Embassy, Seoul, et al., re: Charge Call | [Withdrawal Sheet] Routing and Transmittal Slip, re: DPRK cable | [Withdrawal Sheet] Re: Talking Points on [Korea] U.N. Membership, Economic Relations with the USSR, Chemical Weapons and U.S.-Korean Economic Relations | [Fax Cover Sheet] from M.Y[H]. Yu to Douglas Paal, May 31, 1991 | [Fax Cover Sheet] from Myung M[H], Yu to Douglas Paal, May 28, 1991 | [Withdrawal Sheet] Re: NSR 28 | [Withdrawal Sheet] U.S. Embassy, Seoul to Secretary of State, re: Issues for President Roh’s State Visit | [Withdrawal Sheet] U.S. Embassy, Seoul to Secretary of State, re: Current Status of Financial Issues | [Withdrawal Sheet] Mary C. Emery to Douglas H. Paal, re: State Visit [of President Roh Tae Woo of the Republic of Korea] | [Withdrawal Sheet] Douglas Paal to Brent Scowcroft, re: Your Meeting with Ambassador Hyun Hong-Choo of Korea | [Withdrawal Sheet] U.S. Embassy, Seoul to Secretary of State, et al., re: Ambassador’s Meeting with fm Lee [Sang Ock of the Republic of Korea] | Letter from George Bush to Roh Tae Woo, May 7, 1991 | Ltr to Pres fm Pres Roh of Korea Re Korean Membership in UN | [Fax Cover Sheet] from H.Y. Ahn to Douglas Paal, May 4, 1991 | [Message No. 065895] | [Withdrawal Sheet] NSC Correspondence Profile Sheet, re: Recommended State/ Official & Official Working Visits for Jul-Dec 1991 | [Withdrawal Sheet] U.S. Embassy, Seoul to Secretary of State, re: Democratic Justice Party Executive Chairman Kim Young Sam Desire to See President | [Withdrawal Sheet] U.S. Embassy, Seoul to Secretary of State, et al., re: MOFA on High-Level Visits to U.S. and [South] Korea | Memorandum from WHSR_Router@WHSR, March 25, 1991 | [Withdrawal Sheet] U.S. Embassy, Seoul to Secretary of State, re: Presidential Travel and Other Issues as Perceived by Kim Chong Whi | Memorandum from Douglas Paal to Brent Scowcroft: Schedule Proposal -- Korean Foreign Minister Lee Sang-Ock Korea President Roh Tae Woo Visit -"
PZA0003312,"July 2, 1991 [1]",PZA0003312,부시,1990,PZA0003312,,"메모, 서한, 연설문, 비망록, 기록물 매수 125 형 태 일정표, 신문 스크랩",171,"이 기록물철은 1991년 7월 1~3일간 한국 노태우 대통령의 미국 방문에 따른 사전 준비자료, 연설문, 일정표에 관한 문건이다. 노태우 대통령의 미국 방문은, 북한 핵문제에 대한 미국과의 공조를 위해 한국 의 요청으로 이루어졌고, 미국 대통령특사 솔라즈(Stephen J. Solarz) 하원의원이 1991년 1월 3일 북한 방문 후 보낸 서한에서, 북한이 핵개발을 위한 충분한 역량을 지녔으며 이를 저지하기 위해서는 한국의 군사적, 정치적 압력이 중요하다고 보고하였다.","Solarz Ltr to Pres on Korea | [Fax] from K: LCGehlin to Tim Carney, Aug 6, 1991 | Memorandum from Douglas Paal to William F. Sittmann: Memorandum of Conversation for Meeting with Korean President Roh Tae Woo, June 6, 1990 | Memorandum from Torkel Patterson to William F. Sittmann: Meeting with Roh Tae Woo, President of the Republic of Korea, July 2, 1991 | [Withdrawal Sheet] Handwritten notes, re: One-on-One [meeting between POTUS and Roh Tae Woo], BS Notes | [Withdrawal Sheet] NSC Correspondence Profile Sheet, re: Points to Be Made/ Participants List, etc | Ltr to Scowcroft fm Lee Sang Ock Re Thanks for Pictures fm Visit on 1 May | [Withdrawal Sheet] From U.S. Embassy, Seoul, re: MOFA Readout on President Roh’s Washington Visit | Korea Update, July 8, 1991 | [Withdrawal Sheet] Request for Appointments; redaction of personal information | The State Visit to Washington, D.C. of His Excellency Roh Tae Woo President of the Republic of Korea and Mrs. Roh, July 1 to 3, 1991 Korea: September 1991 UNGA"
PZA0003314,[United Nations General Assembly] Meeting,PZA0003314,부시,1991,PZA0003314,,"발언요지, 메모, 노트, 회람, 기록물 매수 31 형 태 전문, 서한, 비망록",172,"이 기록물철은 1991년 9월 17일 유엔총회에서 논의된 남북한 유엔 동시가입에 관해 한국과 미국 사이 에 교환된 서한, 미국 국가안전보장회의의 자료, 아시아 지역 대사관과 미국 정부 사이에 교환된 전문에 관한 문건이다. 구체적 내용은, 해당 문건이 포함되어 있지 않거나 비공개 기록물 목록으로 내용을 확인 할 수 없다.","[Withdrawal Sheet] Page 2, re: Talks with Republic of Korea President Roh Tae Woo | [Participants] | [Withdrawal Sheet] President’s Meeting with South Korean President Roh Tae Woo: Scenesetter | [Withdrawal Sheet] Page 3, re: Talks with Republic of Korea President Roh Tae Woo | [Withdrawal Sheet] Doug Paal to Brent Scowcroft, re: President Roh Tae Woo’s U.N. Speech | [Withdrawal Sheet] Draft copy of President Roh Tae Woo’s U.N. speech | [Memo] from Bill Rope to Doug Paal | Ltr fm Pres Roh Tae Woo of South Korea Thanking Pres for Successful US State Visit | Letter from Roh Tae Woo to George Herbert Walker Bush, July 18, 1991 | [Withdrawal Sheet] President Roh Tae Woo of the Republic of Korea to POTUS [Korean language] | Memorandum for William F. Sittmann: Alerting NSCS on Presidential Correspondence | Cable to Pres fm Pres Roh Tae Woo of Korea Re Collapse of Soviet Coup | [Withdrawal Sheet] U.S. Embassy, Seoul to Secretary of State, et al., re: Presidential Message on Restora- tion of Constitutional Government in the USSR | [Withdrawal Sheet] U.S. Embassy, Seoul to Secretary of State, et al., re: President Roh Tae Woo’s Draft UN Speech | [Withdrawal Sheet] Doug Paal to Brent Scowcroft, re: President Roh Tae Woo’s U.N. Speech | [Withdrawal Sheet] Draft copy of President Roh Tae Woo’s U.N. speech | [Memo] from Bill Rope to Doug Paal | [Withdrawal Sheet] Re: Roh’s UN Speech | [Withdrawal Sheet] Gene Schmiel to Desaix [Anderson], re: Republic of Korea President Roh’s U.N. speech | [Memo] from Gene Schmiel | [Fax Cover Sheet] from Gene Schmiel to Doug Paal and Torkel Patterson, September 17, 1991 | [Withdrawal Sheet] Draft copy of President Roh Tae Woo’s U.N. speech | [Withdrawal Sheet] Fax cover sheet, re: Message to Seoul RE Roh’s UN Speech | [Withdrawal Sheet] Re: Roh’s UN Speech | [Withdrawal Sheet] Fax cover sheet, re: Message to Seoul RE Roh’s UN Speech | [Withdrawal Sheet] Re: Roh’s UN Speech | [NODIS Routing: Seoul 9818] | [Withdrawal Sheet] U.S. Embassy, Seoul to Secretary of State, re: Roh’s U.N. Speech | [Withdrawal Sheet] U.S. Embassy, Seoul to Secretary fo State, et al., re: Ambassador’s Meeting with For- eign Minister Lee Sang Ock | [Withdrawal Sheet] Re: Draft Itinerary of President Roh Tae Woo’s Visit to New York"
PZA0003315,South Korea - 1991 [1],PZA0003315,부시,1991,PZA0003315,8,"비망록, 서한",174,"이 기록물철은 1991년 7월 2일로 예정된 한국 노태우 대통령 방문에 맞추어, 미국 하원의원 중 일부가 한국의 민주주의 문제를 한미정상회담시 제기하여 줄 것을 요청하는 서한으로 미국 대통령 수신명의로 보낸 문건이다. 동 서한에는 미국 하원의원 톰 란토스(Tom Lantos)를 대표로 하여 총 51명의 하원의원 이 서명하였고, 이들은 1990년 국무부에서 발행한 세계 인권 실천현황 보고서에 기반하여, 한국은 민주 주의의 형식과 실제의 간격이 매우 큰 국가 중 하나로서, 1987년~1988년 사이에 민주개혁을 이루었음에 도 불구하고 1988년~1989년의 대선으로 인해 민주개혁이 뒤집혀버렸다는 점을 강조하였다. 첫째 한국에는 1,100명에 달하는 정치범이 여전히 수용되어 있고, 둘째 국가보안법을 통해 ‘안보’를 이 유로 시민의 자유를 크게 침탈하고 있으며, 셋째 노태우 정부 하에서의 노동법 개정을 통해 노동자의 권 리가 악화되고 있는 바, 이에 따라 민주주의의 모범으로서 미국이 한미관계의 돈독함을 계기로 해당 문 제를 노태우 대통령에게 직접 제기해주기를 요청하였다는 내용이 포함되어 있다.",Ltr to Rep Feighan Re Human Rights Issues in Korea
PZA0003316,South Korea - 1991 [2],PZA0003316,부시,1991,PZA0003316,108,"서한, 비망록, 회람문, 메모",174,"이 기록물철은 1991년 7월 2일로 예정된 한국 노태우 대통령 방문에 맞추어 톰 란토스(Tom Lantos) 를 대표로 하는 미국 하원의원 51명과 에드워드 케네디(Edward M. Kennedy)를 대표로 하는 상원의원 3명이 제기한 한국 민주개혁 문제에 대한 답신을 각 개별 의원들에게 전달하는 내용의 서한과, 한국-이 스라엘 관계를 증진시키고 이를 통해 중동에서의 미국의 외교적 이익을 달성해야 한다는 하원의 외교 위원회 의원들의 제안에 대한 답신, 1991년 한국전쟁 참전용사 추도일을 선포할 미국 대통령의 선언문 에 대한 문건이다. 한국-이스라엘 관계 증진을 제안한 하원의원들의 서한에서는, 한국의 걸프전 참전을 계기로, 미국 의 주도를 통해 한국과 이스라엘의 군사외교적 협력을 증진시킨다면, 중동에서 미국의 정치군사적 이 해가 증진될 수 있다고 주장하였다. 이에 대해 미국 부시 대통령 명의로 브렌트 스코크로프트(Brent Scowcroff)가 보낸 서한에서는, 이러한 제안을 수용하고 추후 지속적인 한국-이스라엘 관계 강화에 노 력할 것이라 답변하면서도, 이스라엘이 한국에 대사관을 설치하는 문제 등 직접적인 외교문제는 미국이 아닌 한국과 이스라엘에 의해 해결되어야 하는 문제임을 분명히 하였다. 미국 대통령의 선언문에서는, 한국전쟁에서 자유를 위해 헌신한 미국 애국자를 기리기 위하여, 1991년 7월 21일을 한국전쟁 참전용사 추도일로 선포하고 미국 정부의 책임 하에 ‘마지막 한 명’의 전쟁 실종자 와 유해를 찾아올 것임을 천명하였다.","Reply to Sen Cranston Re Implementation of Democratic Reforms in South Korea | Pres Cable to Pres Roh Tae Woo of South Korea Re 46th Anniv of Independence | Response to Ltr fm Sen Roth Re US - Korean Trade Relations & Korean Support for Uruguay Round | Memorandum from Torkel Patterson to Brent Scowcroft: Reply to Senator Kennedy’s Letter on Implemen- tation of Democratic Reforms in South Korea | Letter from Frederick D. McClure to Edward M. Kennedy, July 11, 1991 | Letter from Frederick D. McClure to Alan Cranston, July 11, 1991 | Letter from Frederick D. McClure to Mark O. Hatfield, July 11, 1991 | Response to Ltr fm Rep Engel et al Re Korean - Israeli Relations W/ Israel | Letter from Brent Scowcroft to Eliot L. Engel, August 3, 1991 | Letter from Brent Scowcroft to Jose E. Serrano, August 3, 1991 | Letter from Brent Scowcroft to Charles E. Schumer, August 3, 1991 | Letter from Brent Scowcroft to Tom Lantos, August 3, 1991 | Letter from Brent Scowcroft to Gerry E. Studds, August 3, 1991 | Letter from Brent Scowcroft to Mel Levine, August 3, 1991 | Letter from Brent Scowcroft to James H. Scheuer, August 3, 1991 | Letter from Brent Scowcroft to Gary L. Ackerman, August 3, 1991 | Letter from Brent Scowcroft to Ileana Ros-Lehtinen, August 3, 1991 | Letter from Brent Scowcroft to Dick Swett, August 3, 1991 | Letter from Brent Scowcroft to Constance A. Morella, August 3, 1991 | Letter from Brent Scowcroft to William J. Hughes, August 3, 1991 | Letter from Brent Scowcroft to Nita M. Lowey, August 3, 1991 | Letter from Brent Scowcroft to Norman F. Lent, August 3, 1991 | Letter from Brent Scowcroft to Peter H. Kostmayer, August 3, 1991 | Letter from Brent Scowcroft to Bill Green, August 3, 1991 | Memorandum from Torkel Patterson to Brent Scowcroft: Reply to Congressman Engel’s Letter on Korean- Israeli Relations with Israel | Proposed Letter for Eliot L. Engel | [Transmittal Form] for William F. Sittmann, July 25, 1991 | Letter from Eliot L. Engel to George Bush, June 28, 1991 | Letter from Frederick D. McClure to Bill Green, July 8, 1991 | Letter from Frederick D. McClure to Eliot L. Engel, July 8, 1991 | [Work Sheet] Requests Matter of South Korea’s Relations with Israel Be Discussed during Visit to Wash- ington Jul 1-3 91 | [Referral] from Sally Kelley to Department of State, July 16, 1991 | Executive Secretariat Staffing Document | [Withdrawal Sheet] William F. Sittmann to Robert Pearson, et al., re: Korea | Enrolled Bill HJR-225 / Korean War Veterans Remembrance Week | [Withdrawal Sheet] William F. Sittmann to Robert Pearson, et al., re: Korea | [Withdrawal Sheet] NSC Correspondence Profile Sheet, re: Discussion Paper, re: 27 June DC Meeting | [Withdrawal Sheet] NSC Correspondence Profile Sheet, re: Korea | Draft Proclamation Re Korean War Veterans Remembrance Week 1991 | Reply to Ltr fm Faulkner Re Visit of Roh Tae Woo | [Withdrawal Sheet] William F. Sittmann to W. Robert Pearson, re: Transmittal of Presidental Memcon with President Roh of Korea, July 2, 1991 | Memorandum from Torkel Patterson to William F. Sittmann: Meeting with Roh Tae Woo, President of the Republic of Korea, July 2, 1991"
PZA0003317,South Korea - 1991 [3],PZA0003317,부시,1991,PZA0003317,15,"서한, 회람문",177,"이 기록물철은 1991년 7월 1~3일간 한국 노태우 대통령의 미국 방문시 미국 정부의 환대에 대해 현홍 주 주미대사 명의로 보낸 감사 서한과, 1991년 5월 29일과 6월 19일자로 개정된 한미 어업협정 내용을 의회에 전달·회람하는 문건이다. 특히, 한미 어업협정에서 미국 정부는 1982년 7월 26일 체결한 한미어업협정의 기한을 2년 6개월 간 (1991년 7월 1일~1993년 12월 31일) 연장하기로 합의하였으며, 이를 승인하여 줄 것을 하원과 상원에 요청하는 내용이 포함되었다.","Ltr to Pres fm Amb Hyun of Korea Re Thanks for Hospitality on Recent US Visit | Transmission to Congress of Agreement Amending & Extending Governing Intl Fishery Agreement W/ Republic of Korea [President’s China / Korea Trip | February 25-27, 1991]"
PZA0003318,PZA0003318,PZA0003318,부시,1989,PZA0003318,,"메모, 비망록, 전문, 보고서, 기록물 매수 125 형 태 전보, 일정, 배경 보고서",177,"이 기록물철은 미국 부시 대통령의 일본·중국·한국 순방, 일본에서 개최될 정무장관급 회의의 상설 계획 및 실행에 관한 논의(1989년 2월 13일), 부시 대통령의 연합뉴스 인터뷰 응답, 중국 신화통신에 대 한 부시 대통령의 인터뷰 응답, 부시 대통령의 한국 국회 연설문, 미중 친선 강화 계획 및 일본·중국· 한국의 참고 자료이다.","China/ Korea Trip | Japan | Memorandum from J. Andre Sauvageot to Richard L. Armitage: A Standing, Permanent Cabinet-Level Plan- ning and Implementation Group on Japan | The President’s Visit to Japan, China, and Korea | [Withdrawal Sheet] Re: [Republic of Korea] Ministry of Foreign Affairs Positions on Issues Surrounding the Visit of the U.S. President | [Withdrawal Sheet] U.S. Emgbassy[Embassy], Seoul to Secretary of State, re: End of Tour Report | [Withdrawal Sheet] From U.S. Embassy, Seoul, re: The President’s Visit to Korea: National Assembly Ad- dress | [Withdrawal Sheet] Re: Message to President Bush from Yang Shangkun Regarding the Fang Lizhi Invita- tion | [Withdrawal Sheet] Re: Response to Chinese Damarche on Fang Lizhi Invitation | [Withdrawal Sheet] Re: Invitation to Chinese Dissident to President’s Dinner | [Withdrawal Sheet] U.S. Embassy, Seoul to Secretary of State, re: The President’s Visit to Korea: Yongsan Relocation | [Withdrawal Sheet] Re: Korea | Responses by the President to Questions Submitted by Yonhap News Agency | [Withdrawal Sheet] James A. Baker III to POTUS, re: Your China Visit February 25-27 | [Withdrawal Sheet] Brent Scowcroft to POTUS, re: Scope Paper--Your Visit to China | Responses by the President to Questions Submitted by China Xinhua News Agency | [Withdrawal Sheet] U.S. Embassy, Beijing to White House, re: Looking Forward: Your Return to China | [Withdrawal Sheet] U.S. Embassy, Beijing to White House and Secretary of State, re: Deng Xiaoping’s Achievements | [Withdrawal Sheet] From U.S. Embassy, Beijing, re: Deng Xiaoping: A Brief Interpretive Biography | [Withdrawal Sheet] Re: President Bush’s China Trip: Taiwan Reactions | Former U.S. Republican Party Leader Praises Taiwan | [Withdrawal Sheet] Secretary of State to U.S. Embassy, Beijing, re: PRC Ambassador Han Xu’s Call on the Secretary | [Withdrawal Sheet] Douglas H. Paal to Florence E. Gantt and Brent Scowcroft, re: Chinese Litany of De- mands | [Withdrawal Sheet] Joseph A. Massey to James A. Kelly, re: U.S.-China Trade Relations on the Eve of the President’s Trip to China | [Withdrawal Sheet] Schedule of the President and Mrs. Bush to Seould[Seoul], Korea, February 27, 1989; redaction of security information | Current Status of Bishop Joseph Fan | Executive Secretariat Staffing Document | Pres Remarks in Korea | Memorandum from Melvyn Levitsky to Brent Scowcroft: Korea Visit: Blue House Press Event | [Withdrawal Sheet] Brent Scowcroft to POTUS, re: Scope Paper--Your Visit to Korea | [Withdrawal Sheet] James A. Baker III to POTUS, re: Official Working Visit to Korea | [Withdrawal Sheet] U.S. Embassy, Beijing to Secretary of State, re: The Fang Lizhi Banquet Incident: The Chinese Explanation | [Withdrawal Sheet] Secretary of State to U.S. Embassy, Tokyo, re: Human Rights and the President’s Trip | Proposed Remarks for Pres Use before / Natl Assembly in Seoul / Trip to Far East | U.S/China Friendship Highway Initiative | [Memo] from G. Philip Hugues to Jim Kelly: Treasury Comments on Economic/Trade Papers for Korea Book | Memorandum from James W. Cicconi: The President’s Briefing Book Materials for China, Japan and Korea [The Trip of the President to Australia, Singapore, Korea, and Japan -"
PZA0003319,"December 30, 1991-January 10, 1992]",PZA0003319,부시,1992,PZA0003319,167,"보고서, 메모",179,"이 기록물철은 미국 부시 대통령의 싱가포르, 한국, 일본 순방에 관한 백악관의 공식 자료, 미일간 글로벌 파트너십에 대한 도쿄 선언 내용으로 미국 부시 대통령과 일본 총리의 공동선언문이다. 불행한 역사의 기억을 잊고 미일간에 군사, 정치, 경제, 문화, 과학기술의 모든 측면에서 우호적인 협력관계를 구축할 것을 강조하였다.","The Trip of the President to Australia, Singapore, Korea and Japan, December 30, 1991 - January 10, 1992 | [Withdrawal Sheet] Re: Program for Meeting--January 22, 1992 | The Tokyo Declaration on the U.S.-Japan Global Partnership | Background Briefing by Senior Administration Official, January 9, 1992 [Korean President] Roh [Tae Woo]"
PZA0003320,Visit - September 1992,PZA0003320,부시,1992,PZA0003320,62,"초안, 전문, 메모, 대화록, 비망록, 서한",180,"이 기록물철은 한국의 현황 정보, 한·미간 이슈, 한국의 경제 문제, 한국 노태우 대통령의 방미 일정표, 한국 노태우 대통령의 유엔 총회 방문에 대한 일정표, 한국 노태우 대통령과 스코크로프트와의 간담회 에 대한 내용이다.","Message from Meg Lundsager to Torkel Patterson, 9/11/92 | U.S.-Korea: Current Issues | [Withdrawal Sheet] Itinerary of H.E. The President Roh Tae-Woo to the United States of America | Message from Ernest Z. Bower to Torkel Patterson, 11 Sep, 1992 | Presidents’ Economic Initiative | Memorandum from Torkel Patterson to Brent Scowcroft: Schedule Proposal for Roh Tae-Woo to Meet with the President on September 20, 21, or 22, 1992 | [Withdrawal Sheet] From Secretary of State, re: Itinerary for ROK President Roh’s UNGA Trip | Ltr fm Amb Hong-Choo Hyun of Korea Expressing Appreciation US Support of Pres Roh Tae Woo Visit in US | Scowcroft Mtg W/ Pres Roh Tae Woo of Korea on 21 Sep | [Withdrawal Sheet] Presidential Remarks: Korea-American [Victory “92] Rally | [Withdrawal Sheet] Memorandum of Conversation, Re: Meeting with President Roh Tae-Woo of Korea | Ltr fm Korean Pres Roh Tae Woo Re Korean - Chinese Relations [Office of Public Liaison - Trip of the President to Australia, Singapore, Korea,"
PZA0003322,"and Japan - December 30, 1991-January 10, 1992]",PZA0003322,부시,1991,PZA0003322,213,보고서,181,"이 기록물철은 미국 부시 대통령의 싱가포르, 한국, 일본 순방에 관한 백악관의 공식 자료로서 각국 에서의 세부 일정과 미국-아시아의 파트너십 환경, 미국 한국의 과학기술 협정, 1991~1992년 일본의 경제 현황과 예산, 세계성장전략, 미일간 경제 이슈, 무역 확장 프로그램, 미일 자동차 문제, 통신기술 문 제 등에 대한 보고로 구성되어 있다.","[Report] by Office of Public Liason: The Trip of the President to Austrlia, Singapore, Korea and Japan- December 30, 1991-January 10, 1992 [Office of Public Liaison - Trip of the President to Australia, Singapore, Korea,"
PZA0003323,"and Japan - December 30, 1991-January 10, 1992]",PZA0003323,부시,1991,PZA0003323,56,보고서,181,"이 기록물철은 미국 부시 대통령의 싱가포르, 한국, 일본 순방에 관한 백악관의 공식 자료, 전쟁포로 및 행방불명자에 관한 정보 요약서, 한국 용산 미군기지 방문시 미국 부시 대통령의 발언 요약이다.","The Trip of the President to Australia, Singapore, Korea and Japan, December 30, 1991 - January 10, 1992 | The President’s Trip to Australia, Singapore, South Korea and Japan, December 30, 1991-January 10, 1992 | Letter from Sichan Siv, January 13, 1992 | [Background Notes: [South] Korea, April 1987] | [Background Notes: [North] Korea, May 1986] | [POW-MIA Fact Book] | Activity Report | Talking Points: Camp Casey Tongduchon, Korea, Monday, January 6, 1992 | Presidential Remarks: Embassy/ American/ Korean Military Greeting Yongsan, Korea, Monday, January 6, 1991 2:40 p.m. | Presidential Remarks: Embassy/ American/ Korean Military Greeting Yongsan, Korea, Monday, January 6, 1991 2:30 p.m."
PZA0003324,[President’s 1991] Asia Trip: Korea,PZA0003324,부시,1991,PZA0003324,47,"연설문, 전문",182,"이 기록물철은 미국 부시 대통령의 한국 순방에 관한 내용으로 한국 국회에서 부시 대통령 연설 내용 (1992년 1월 6일), 부시 대통령과 한국 순방과 관련한 핵심 이슈로서 방송통신·금융·관세 이슈에 대한 보고, 과학기술협정(STA) 및 비밀특허협정(PSA)에 대한 신문 논평으로 구성되었다.","Text of the Remarks of the President in address to the Korean National Assembly | [Withdrawal Sheet] Re: U/S Zoellck’s Meeting with ROK National Secutiry Advisor Kim Chong Whi | Letter from Peter J. Gwyn to Andres Card: 20 Dec, 1991 | Key Issues for Results During President’s Visit | [Withdrawal Sheet] U.S. Embassy, Seoul to Secretary of State, et al., re: Status of the President’s Economic Action Plan and other Economic Issues with Korea | [Withdrawal Sheet] U.S. Embassy, Seoul to Secretary of State, et al., re: President Roh Endorses Public Objectives of the President’s Economic Action Plan | Press Comments on signing of science and technology agreement (STA) and patent secrecy agreement (PSA) | Press Comments on signing of science and technology agreement (STA) and patent secrecy agreement (PSA) | [Withdrawal Sheet] Re: South Korea: Cabinet Reshuffle | Korea | Key Issues for Results During President’s Visit | Seoul Science High School | [Withdrawal Sheet] U.S. Embassy, Seoul to Secretary of State, et al., re: President Roh Shuffles Cabinet | [Withdrawal Sheet] Secretary of State to U.S. Embassy, Singapore, re: Official-Informal | [Memo] from Matthew Goodman to Doug Paal: 10/8/91 [President’s 1991 Asia Trip]:"
PZA0003325,"Speeches and Remarks, Korea and Japan",PZA0003325,부시,1991,PZA0003325,47,"연설문, 팩스",183,"이 기록물철은 1992년 1월 22일 미·일 컴퓨터 협정 공식 발표, 미국 부시 대통령과 일본 미야자와 수상의 회담 내용, 미국 부시 대통령의 한·미 상공회의소에서의 오찬 회동에서의 발언문, 미국 부시 대 통령의 한국 기업인단 조찬 회동 발언문, 한국 국회에서 미국 부시 대통령의 연설문, 토이저러스 개장 행사에서 미국 부시 대통령의 연설문, 미국 부시 대통령과 한국 노태우 대통령의 회담에 대한 신문 논평 내용으로 구성되었다.",Fact Sheet: U.S. Japan computer agreement | Press Conference by President Bush and Prime Minister Miyazawa | Background Briefing by Senior Administration official | Statement by President Bush and Prime Minister Miyazawa on a Strategy for World Groth | Remarks by President Bush Upon the Announcement of a U.S. -Japan Strategy for World Growth | Text of the Remarks of the President at the United States and Korean chamber of commerce industry luncheon | Remarks by the President in Working Breakfast with U.S. and Korean Business group | Text of the Remarks of the President in address to the Korean National Assembly | Text of the Remarks of the President in address to the Korean National Assembly | Remarks by the President at toys -R-US grand opening | Press Conference by President Bush and President Roh Tae Woo | [Message] from Party Daniel to Torkel Patterson | [Message] from Jim Keith to Torkel Patterson
PZA0003326,Korea: Background Papers,PZA0003326,부시,1991,PZA0003326,19,"메모, 보고서",184,"이 기록물철은 1991년 7월 한국 노태우 대통령의 방미 일정을 앞두고 미국 부시 대통령이 한미 정상회담 시 참고할 한국 경제에 대한 현황 보고서 자료이다. 동 보고서에 따르면, 한국은 1990년을 기점으로 인 플레이션율이 크게 상승하고 있으며, 수출무역량은 감소하고 있고 대외부채는 증가하는 등, 대내경기의 단기악화에 따라 긴축정책을 일부 수행하고 있는 상황이다. 이러한 상황에서 한국 정부는 국내 건설경기 을 활성화시키는 조치를 취하고 있을 뿐만 아니라, 1989년 4월 발생한 원화 고평가 상황을 타계하고자 원화 강제절하 정책을 수행하였으며, 정부 투자의 방향을 중화학 수출공업 위주의 투자에서 고부가 기술 산업 위주의 투자로 조정하였다. 이에 대한 향후 전망으로 한국은 수출영역 뿐만 아니라 대내 소비와 생 산성 사이의 균형을 조정해야하는 문제에 봉착하고 있고, 화폐 공급을 원활히 제어하기 위해 금융 시장 을 자유화해야할 필요가 있으나, 현재까지는 높은 수준의 규제를 취하고 있음을 이야기 한다. 이에 따른 미국측 입장으로 한국 정부가 우루과이 라운드의 조치를 성공적으로 이행하여 무역장벽, 특히 농업과 서 비스 산업에서의 무역장벽을 제거할 수 있도록 하고, 이를 통해 현재의 경기침체를 극복하는 방향으로 설득해야 한다는 주장이 포함되어 있다.","[Withdrawal Sheet] W. Robert Pearson to Brent Scowcroft, re: Fact Sheets for Use During the State Visit of Roh Tae Woo, the President of the Republic of Korea, July 1-3 | [Korea: Economic Problems and Prospects] | [Economic Fact Sheet - Korea] DC [Deputies Committee]"
PZA0003327,Meeting 20 March 1992 re: Korea,PZA0003327,부시,1992,PZA0003327,6,"메모, 보고서",185,"이 기록물철은 북한 핵문제에 관한 미국 대표단 회의기록으로, 첫째 북한에게 이상적 시한을 제공할 경우 북한이 IAEA 사찰을 9월 하순까지 연기하여 받아드리는 “유연한 조치”를 취할 수 있을 지의 여부, 둘째 IAEA의 세이프가드 조항이 적용된다는 전제 하에서 북한이 핵사찰 합의를 결정할 수 있도록 유도 할 가장 이상적 시한은 언제인가에 대한 논의, 셋째 “이상적 시한”이 제공될 경우 북한이 3월 15일 판문 점 회담에서 동의한 일정계획에 따라 IAEA 사찰을 수행할 것인지의 여부에 대한 내용으로 구성되었다. 회의 기록에 따르면, 첫째 이상적 시한을 제공할 경우 북한은 8월 30일을 기준으로 3주 내 IAEA의 사 찰을 받아들일 것으로 보이며, 둘째 가장 이상적 시한은 7월 31일까지 협상하되 이와 관계없이 8월 15 일에 IAEA의 핵사찰이 시작됨을 공표하는 것으로 결정하였고, 셋째 6월 8일까지 IAEA 사찰을 북한이 받아들이면, 적어도 6월 이후에는 남북한 공동 핵사찰 계획이 진행될 수 있을 것이라는 내용이 포함되 어 있다.","[Tab 3: The following would be an ideal timeline for the DPRK on IAEA safeguards] | [Tab 4: The following timeline shows how the DPRK could move to implement bilateral inspections accord- ing to the schedule agreed at Panmunjom March 14] | [Withdrawal Sheet] Tab 1, Re: North Korea Deputies’ Committee | [Tab 1: The following timeline shows how the DPRK could “plausibly” delay IAEA inspections until late September]"
PZA0003329,Korea: Economic / Trade,PZA0003329,부시,1992,PZA0003329,,"비망록, 메모, 보고서, 전문, 기록물 매수 99 형 태 회람문, 전문 요지, 도표",186,"한·미 양국은 1992년 3월 1일, 미국 부시 대통령의 경제 계획(President’ Economic Initiative, PEI) 에 대한 최초의 각료 회의를 개최하는데, 미국에서는 4개 워킹 그룹(working group) 대표가 참여하였 다. 이 기록물철은 PEI의 진척 상황 보고, 중국과 새로운 무역관계 수립이 한국 경제에 미칠 영향에 대 한 미국 언론의 논설, 1992년 9월 18일에 발간된 PEI에 관한 공식보고서 전문, 한국의 외국인 투자절 차 간소화 정책에 대한 보고, 한·일 경제관계에서의 주요 이슈와 미래 전망에 대한 내용을 담고 있다.","Follow-up on the Subcabinet: Presidents’ economic initiative (PEI) Status Report | New Trade Relationship with China is Changing South Korea’s Economy | [Withdrawal Sheet] Torkel Patterson to Brent Scowcroft, re: Report of the U.S. -Korea Presidents’ Eco- nomic Initiative (PEI) | [Withdrawal Sheet] From U.S. Embassy, Seoul, re: Report on October 22 Tade Subgroup Meeting | [Withdrawal Sheet] From U.S. Embassy, Seoul, re: ROKG to Press for Negotiated Settlement of Anti- Dumping Action on Korean D-Ram’s | Memorandum from White House situation Room: 8 Oct, 1992 | [Facsimile cover sheet] to Torkler Patterson | Report on the PEI | [Withdrawal Sheet] Cover sheet, re: Memo to Torkel Patterson | [Withdrawal Sheet] Secretary of State to U.S. Embassy, Seoul, re: Apple Computer--Difficulties in Korea | [Memo] | [Withdrawal Sheet] Re: Status of Foreign Military Sales | [Withdrawal Sheet] Marietta Bernot of International Trade Services to Sandy Kristoff, et al., re: Korea- Mars’ containers Quarantine Clearance in Pusan … | Letter from Torkel Patterson to W. Robert Warne: 28 May, 1992 | Letter from W. Robert Warne to Torkel Patterson: 13 May, 1992 | [Withdrawal Sheet] From U.S. Embassy, Seoul, re: Proposed Trade Action Group Agenda | Memorandum for General Brent Scowcroft: commercial Relations Between the United States and the Re- public of Korea (ROK) | [Withdrawal Sheet] Fax cover sheet, re: South Korean Options on Deferred Payment for Imports; redaction | [Withdrawal Sheet] U.S. Embassy, Seoul to Secretary of State, et al., re: ROKG Trade | East Asia | Korea: Simplification of the Procedures for Foreign Investment in Korea Korea PCC [Policy Coordinating"
PZA0003332,Committee] [3],PZA0003332,부시,1992,PZA0003332,2,메모,187,이 기록물철은 1992년 3월 27일 열리는 국무부의 對한국정책 전략 리뷰 회의에 담당자들의 참석을 요청 하는 리차드 솔로몬(Ricard Solomon)의 문건이다. 동 리뷰 회의에서는 한국에 대한 공보정책 및 한국의 현 민주주주의 개혁 현황에 대한 정책 검토가 이루어질 예정으로 기록되어 있다.,"[Withdrawal Sheet] Richard H. Solomon to Participants, PCC/K Subgroup on Korean Policy Strategy"
PZA0003333,Korea: PEI [President’s Economic Initiative],PZA0003333,부시,1992,PZA0003333,11,비망록,187,"이 기록물철은 당시 미국 부시 대통령의 경제 전략 구상 하, 한국에 대한 미국의 경제 정책의 요지를 한국의 경제부총리 최낙규에게 보내는 메일이다. 동 메일 내용에 따르면, 미국 정부는 한국의 일반화물 통관수속 절차상의 완화와 이를 통한 통관수속 시간을 단축하는 방향을 요청하고 있을 뿐만 아니라, 당시 미국 측 통관정책의 수정사항에 맞추어 한국의 통관절차를 변경하여 줄 것을 요구하였다. 이는 국제 무 역시장 자유화에 대한 미국 부시 대통령의 경제 구상에 따라 미국의 통관수속 절차가 변경됨에 따른 것 으로, 미국 백악관에서는 한국 정부가 ‘완화된’ 형태의 통관수속을 통해 물류의 이동 자유성을 보장하고 절차상의 무역장벽을 철폐하여 줄 것을 희망하였다.",Memorandum from WHSR_Router@WHSR: DPM Choi on the President’s Economic Initiative
PZA0003334,"October 1992, Korea SCM",PZA0003334,부시,1992,PZA0003334,4,비망록,188,"이 기록물철은 1992년 10월 한국 국방부 장관 최세청의 방미에 따른 10월 7일 리셉션과 10월 8일 미국 국방부 장관과의 오찬 회담에서 미국측 인사의 건배사 내용을 백악관에 보고한 문건이다. 동 건배 사에서, 미국 정부대표는 1991년 이후 급변하는 한반도 및 국제 정세 하에서도 지금까지의 확고한 한미 안보관계를 유지하여야 함을 강조하였다.","[Toast: U.S. Reception -- October 7, 1992] | [Toast: Luncheon -- Hosted by SECDEF, October 8, 1992, 11:50 a.m., Room 3E912, The Pentagon]"
PZA0003335,Korea: Security / Political,PZA0003335,부시,1992,PZA0003335,4,신문 스크랩,189,"이 기록물철은 1992년 12월 28일 한국 대선 결과에 관한 뉴욕타임즈 기사를 백악관에 보고한 내용 이다. 동 신문에 따르면, 한국의 대표적 민주인사로서 김영삼과 김대중이 대선에서 맞붙었으며, 이 중 노태우 대통령과 연정을 추진한 김영삼이 기존 민주정의당원들의 지지를 취합할 수 있었기 때문에 대통 령에 당선되었다는 사실을 제시하며, 한국에서 대통령이 되기 위해서는 원칙보다는 실용주의 노선이 필 요하다는 점을 지적하였다.","Winning Ways in South Korea [Binder]: The President’s Trip to Korea and Japan - January 5, 1992-January 10, 1992 -"
PZA0003336,Briefing Book [1],PZA0003336,부시,1992,PZA0003336,34,"메모, 발언요지, 일정",189,"이 기록물철은 1992년 1월 5~10일간 미국 부시 대통령의 한국 및 일본 순방시 활용할 현황 보고서 로서, 순방 일정 및 면담 일정, 참석자, 한국 및 일본의 정세와 미국과의 쟁점사안 등으로 구성되었다. 동 회담에서는 우리과이 라운드에 대한 미국정부의 입장으로서 미국은 우루과이 라운드가 한미 기업 모두에게 새로운 무역기회를 창출할 것이며 한국 기업 역시 동 국제조약을 적극 지지할 것을 당부하는 내용과 한국 시장에 대한 미국정부의 입장으로 한국의 기업들이 한국정부의 무역장벽 완화조치에 지지 를 보내줄 것을 요청하는 내용이 포함되어 있다.","The President’s Trip to Korea and Japan, January 5, 1992 - January 10, 1992"
PZA0003338,Korea (2) [2],PZA0003338,부시,1992,PZA0003338,21,"서한, 연설문",190,이 기록물철은 한국 국회에서 행한 미국 부시 대통령의 연설문과 미국의 부시 대통령과 한국의 노태우 대통령의 언론과의 공동기자회견문으로 구성되었다. 미국 부시 대통령은 국회 연설에서 핵무기 관련 9월 선언이 핵무기 확산으로부터 한국의 안전을 유지 할 수 있는 계기가 된 것을 기쁘게 생각한다는 점과 북한에 다차원적인 메시지를 보내는 노력을 해왔음 을 밝히고 있다.,Text of the Remarks of the President in Address to the Korean National Assembly | Press conference by President Bush and President Roh Tae Woo
PZA0003340,Korea (2) [4],PZA0003340,부시,1991,PZA0003340,12,발언문,190,"이 기록물철은 1991년 11월 23일 제23회 한미 국방안보협의회의 회의결과를 미국 국방부 장관 딕 체니 (Dick Cheney)가 한국 용산 프레스센터에서 열린 기자회견장에서 발표하는 내용이다. 발표문의 내용은 다음과 같다. 한미 양국은 미국 부시 대통령의 새로운 핵억제 프로그램 정책이 한반도 안보상황에 미칠 영향에 대한 토의를 진행했고 이에 대한 이견은 존재하였으나, 한미 양국은 북한의 핵 개발 프로그램을 용인할 경우 국제적인 핵무기 확산이 이루어질 수 있음에 동의하였다. 그리고 한미 양 국은 북한의 핵 재처리 시설에 대한 IAEA의 감찰이 필요하며, 이를 통해 북한이 주장하는 ‘평화로운 핵 에너지 이용’의 사실성을 증거해야 함에 동의하였다. 미국은 한국 정부의 비핵화 선언이 국제사회의 핵 무기 확산을 방지하고 핵 에너지의 평화로운 이용에 대한 인식을 고양할 것으로 기대하며, 이를 통해 북 한 핵개발 의혹에 대한 국제사회의 지지를 받을 수 있을 것으로 예견하였다.","[Withdrawal Sheet] Re: Remarks prepared for delivery by Secretary Cheney: Seoul Press Conference Open- ing Statement, 23rd Security Consultative Meeting | Seoul Press Conference 23rd Security Consultative Meeting 21 November 1991"
PZA0003341,Korea [2],PZA0003341,부시,1990,PZA0003341,24,"메모, 질의서",191,"이 기록물철은 1990년 9월 7일 한국에 대한 F/A-18 판매와 관련하여 미국 상원의원 일부가 미국 행정 부에 해명을 요구한 공식 질의서와, 1990년 9월 25일 동 사안을 쟁점으로 하는 상원 회의록이다. 먼저 한국에 대한 F/A-18 판매와 관련하여 미국 상원의원 딕슨(Dixon)은 미국 무기수출통제법 제36 조의 수정이 필요하다는 문제제기를 제출하였는데 즉, 미 해군의 현역 전투기인 F/A-18은 미국의 무기 수출통제법에 따라 미국의 전략자산으로 수출이 불가하므로 이에 대한 수정이 필요하다는 내용이다. 반 면 미국 백악관은 미국 국방부의 분석에 기반하여 딕슨 상원의원이 제기한 무기수출통제법 제36조의 수 정이 필요하지 않음을 주장하였다.","[Memo] Ginny Lampley to Boyden Gray, October 1, 1990 | Congressional Record-Senate, September 25, 1990 | [Withdrawal Sheet] Douglas Paal to Brent Scowcroft, re: Ron Lehman Memo Presidential Briefing Book: The Presidential Business Delegation to Asia and the Pacific - December 30, 1991-January 10, 1992 - Sydney, Canberra,"
PZA0003342,"Melbourne, Singapore, Seoul, Osaka, Tokyo [1]",PZA0003342,부시,1991,PZA0003342,9,보고서,192,"이 기록물철은 1991년 12월 30일 ~ 1992년 1월 10일간 미국 부시 대통령의 아시아-태평양 순방에 따 른 해당국 현황 보고서로서, 동 기록물 철에는 한국에 대한 현황정보만이 포함되어 있다. 보고서는 크게 한국의 정치 분야와 경제 분야에 대해 나누어져 있으며, 특히 경제 분야에 관하여서는 당시 미국 정부의 무역정책과 결부되어 순방시 해당 쟁점을 제기할 것을 강조하였다. 첫째 한국 정부는 북방정책을 포함, 적극적 외교정책으로 현재 150여 국과 외교관계를 수립하고 있으며, 1991년 12월 13 일에 열린 제5회 남북 총리급 회담에서 남북통일 및 평화정책에 관한 협정을 체결하였다는 점 둘째, 경 제분야에서 한국은 지난 3년간 그 이전 성장에 비해 상대적인 소폭의 경제성장을 경험하고 있으며, 이 에 비해 가파른 인플레이션을 겪고 있다는 점 등이 제시되었다. 무역문제에 있어 한국의 무역장벽은 다 소 완화되었으나, 경상계정 문제, 통신 사업 분야의 규제성, 지적 재산권 문제, 무역분쟁 및 슈퍼 301조, 한미 철강재 무역분쟁 등 한국은 미국과 주요한 무역분쟁 상태에 놓여 있다는 내용 등이 포함되어 있다.",Korea Scope Paper | Mission Objectives | Korea Fact Sheet | [The Korean Peninsula] Presidential Briefing Book: The President’s Trip
PZA0003343,"to Korea and Japan, 1/5-10/92 [2]",PZA0003343,부시,1991,PZA0003343,6,발언요지문,193,"이 기록물철은 미국 부시 대통령의 한국 방문시 한국에서의 각 회담자리에서 발언할 요지에 대한 문 건이다. 동 기록물철에는 한미 재계인사와의 조찬행사에서의 발언요지만이 포함되어 있다. 한미 재계인사와의 조찬행사에서, 미국 부시 대통령은 우루과이 라운드가 성공적으로 마무리되었으며, 이를 통해 특히 한미 영화산업에 있어 새로운 기회가 될 것임을 강조하였다. 나아가 한국은 한국전쟁 이후 눈부신 경제성장을 통해 세계적인 경제대국이 되었으며 때문에 이제는 미국에서 수입하는 품목에 대한 규제를 완화할 필요 가 있고, 외국인 회사설립 문제 등 사안에 따라 양국 정부가 긴밀히 협의하여 시장개방 및 세계 자유경제 시장을 위해 노력할 필요가 있음을 강조하였다.",[Withdrawal Sheet] Re: Informal Dinner with President Roh [Tae Woo] | [Withdrawal Sheet] Points to Be Made at Informal Dinner with President Roh Tae Woo | Points to Be Made for Working Breakfast with U.S. and Korean Business Group | [Withdrawal Sheet] Points to Be Made for One On One with President Roh [Tae Woo] | Drop-by Presidential Business Delegation Scenesetter | Points to Be Made for Drop-by with Presidential Business Delegation
PZA0003344,North Korea: Nuclear Issues,PZA0003344,부시,1991,PZA0003344,,"저널, 신문 스크랩, 기록물 매수 95 형 태 기록보고서",194,"이 기록물철은 북한 핵개발 문제에 대한 조지 워싱턴 법률 리뷰 저널, 이와 유사한 사건으로서 과거 이 스라엘의 이라크 핵시설 항공폭격 사건에 관한 백악관 상황실의 경과보고서, 팔레스타인의 현황에 대한 신문기사 스크랩, 북한 핵문제 및 이라크 핵문제에 대해 보도된 언론기사들의 (시간대별) 기록요약, 북한 핵문제에 관해 보도한 언론 기사들의 전기간 기록(Full Record) 요약, 1975년 남북한 유엔가입 건에 대 한 언론보도 기록요약으로 구성되어 있다. 본 기록요약에서는 보도 일자 및 보도 언론매체에 관하여 언 급하고 있으며, 구체적 내용은 포함되지 않아 확인할 수 없다.","The George Washington Law Review | Aerial bombing--Israel--Iraq | National Newspaper Index | Dispatches From the Rubble | MAJPAP, WIRES, MAGS, Send to Graf, Kathleen | Full Record: North Korea | A Critical Comparison of the Policy of Both South and North Korea toward the United Nations in 1975 North Korea: Nuclear Issues:"
PZA0003346,United Nations,PZA0003346,부시,1991,PZA0003346,61,메모,195,"이 기록물철은 국제법에 관한 아메리카 소사이어티의 저널 내용으로, 동 저널은 핵무기 보유 및 개발 에 관한 국제 법률 현황, 냉전 이후 국제적인 군사력 사용에 관한 개관, 1950년 6월 25일 한국문제 해결 에 관해 유엔안전보장이사회가 결정한 내용, 국제원자력기구에 참가하고 있는 국가(아프가니스탄, 알바 니아, 호주, 오스트리아 등)에 대한 국가 개요, 1968년 7월 1일 발효된 핵확산 금지조약과 동 조약의 발 효에 관한 분석으로 구성되어 있다.","International Legal Materials | The International Use of Force after the Cold War | Resolution Adopted by the United Nations Security Council, June 25, 1950 | American Journal of International Law | Afghanistan, Albania, Argentina, Australia, Austria, etc - State of the International Atomic Energy Agency (with annex) …. on 26 October 1956 | Treaty on the non-proliferation of nuclear weapons, 1 July 1968 | Treaties in Force"
PZA0003348,North Korea: Nuclear Issues: Korea [2],PZA0003348,부시,1991,PZA0003348,138,"저널, 신문 스크랩",195,"이 기록물철은 유엔의 1950년 한국전쟁 참전에 관해 분석한 논문과, 1991년 12월 18일 미국 하원의원 솔라즈의 북한 방문과 북한 문제에 대한 미국 정부의 외교적 반응에 관해 보도한 신문자료로 구성되었다. 동 논문에 따르면 유엔의 1950년 한국전쟁 참전 결정과 같은 조치, 다시 말해 정당성을 획득한 상태에 서 국제 사회의 집단안보시스템이 가동되는 국제적 행위는 현재에는 존재하기 어렵다고 주장하였다. 반 면, 신문자료에서는 북한 문제에 대한 한국 국방부의 발표가 북한의 핵시설 폭격 가능성을 언급한 것과 관련, 미국이 1991년부터 역내 주둔 미군의 감축계획을 실시하고 있고, 걸프전 당시 이라크 핵시설 의혹 지역을 폭격하였으나 동 지역 내 핵물질을 발견하기 어려웠다는 점에서, 미국이 실제로 북한 핵 시설에 대한 물리적 폭격 가능성은 낮은 것으로 평가하고 있다.","United Nations Enforcement Action in Korea, 1950-3 | Rep. Solarz prods North Korea, Wednesday, December 18, 1991"
PZA0003349,North Korea: Nuclear Issues: Korea [3],PZA0003349,부시,1991,PZA0003349,54,"저널, 신문 스크랩, 보고서",196,"이 기록물철은 관리되지 않는 핵무기의 위험성에 대해 보도한 신문자료, 디킨슨 저널에 실린 유엔의 집단 방위군 개입과 유엔군 사령부의 주둔 문제를 분석한 논문, 한국전쟁(1950~1953)에 관한 리처드 웨 랜(Richard Whelan)의 논문, IAEA의 세이프가드에 서명한 북한과 이에 대한 한국 정부의 반발을 보고 한 서울 주재 미국대사의 보고서로 구성되어 있다. 동 기록물철 하의 보고서는 비공개 기록물 목록으로 서 내용을 확인할 수 없다.","Menace of the loose nukes, Wednesday, December 18, 1991 | [Withdrawal Sheet] Handwritten notes by Ronald vonLembke, re: personal matters | MFR: 22 Dec “91 | [Withdrawal Sheet] Torkel Patterson to Jonathan T. Howe, re: North Korea Information | Dickinson Journal of International Law | Soviets honor arms treaties, Wednesday, December 18, 1991 | A New History of Korea | Korea, The First War We Lost | Drawing The Line, The Korean War, 1950-1953 | [Withdrawal Sheet] Re: North Korea | [Withdrawal Sheet] NSC publication transmittal form, re: North Korea Report | Bridging the great Korean divide | [Withdrawal Sheet] From U.S. Mission, Vienna, re: DPRK Statement | [Withdrawal Sheet] From U.S. Embassy, Seoul, re: ROK Cancels Team Spirit; DPRK Announces Intent to Sign/Implement IAEA Safeguards Agreement Trip - POTUS to Australia, Singapore,"
PZA0003351,"Korea, and Japan",PZA0003351,부시,1992,PZA0003351,12,"기자회견 발표문, 연설문",197,"이 기록물철은 1992년 미국 부시 대통령의 아시아 순방 일정 중 한국 순방시의 1월 6일 공동 기자회 견 발표문, 주한 미상공회의소의 오찬회담 내용, 캠프 케이시에서의 미국 부시 대통령 연설 내용 등으 로 구성되었다. 기자회견에서는, 북한 핵개발 의혹과 IAEA 핵사찰에 관한 한미 간 협력, 한국에 대한 미국의 한반도 방위 공약, 미국의 시장개방정책과 관련한 한국의 무역 및 경제 개방에 관한 협력 등이 논의되었다. 동 기자회견에서 미국 부시 대통령은, 일본은 세계 안보질서 상에서 가장 중요한 국가 중 하나임을 강조하 면서, 북한의 핵개발 및 안보위협에 한미일 삼국의 공조를 통해 해결해야 함을 주장하고, 이는 미일 간 발생하고 있는 무역 분쟁과는 별개의 사안으로서 취급되어야 함을 언급하였다. 반면, 한미 간 시장개방 에 있어서는, 개방된 시장만이 실업을 해결하여 일자리를 창출할 수 있으며, 추후 한국의 저성장으로 인 해 많은 실업이 예상되는 바, 미국 주도의 시장개방 전략을 활용하여 한국의 내부 실업문제를 대비할 필 요가 있음을 강조하였다.","Press conference by President Bush and President Roh Tae Woo | Remarks by the President at U.S. Chamber of Commerce Luncheon | Text of Remarks by the President in Camp Casey Address Sydney, Canberra, and Melbourne, Australia; Singapore; Seoul, Korea; Kyoto and Tokyo, Japan - De-"
PZA0003352,"cember 30, 1991-January 10, 1992 [1]",PZA0003352,부시,1992,PZA0003352,11,공동 보도문,198,"이 기록물철은 1992년 미국 부시 대통령의 아시아 순방 일정 중, 1월 5~6일간 한국 방문 일정을 취재 한 미국 언론매체의 공동보도문이다. 동 보도문에서는 첫째, 현재 북한 핵개발 문제 및 아시아 안보문제 에 있어서, 한국과 서방(미국 주도의 NATO 가맹국)들은 반-공산주의라는 하나의 동맹체로서 굳건함 을 유지하고 있으며, 둘째, 반면 경제 문제에 있어서는 사실상 적대적 관계에 놓여 있음을 강조하였다.","[Pool Report #21: Flying from Singapore to Seoul, January 5, 1992] Sydney, Canberra, and Melbourne, Australia; Singapore; Seoul, Korea; Kyoto and Tokyo, Japan - De-"
PZA0003353,"cember 30, 1991-January 10, 1992 [2]",PZA0003353,부시,1992,PZA0003353,8,기자회견 발표문,198,"이 기록물철은 1992년 미국 부시 대통령의 아시아 순방 일정 중 한국 순방시의 1월 6일 공동 기자회 견 발표문에 대한 신문논평이다. 기자회견에서는, 북한 핵개발 의혹과 IAEA 핵사찰에 관한 한미 간 협 력, 한국에 대한 미국의 한반도 방위 공약, 미국의 시장개방정책과 관련한 한국의 무역 및 경제 개방에 관한 협력 등이 논의되었다. 또한 동 기자회견에서 미국 부시 대통령은, 일본은 세계 안보질서 상에서 가장 중요한 국가 중 하나임을 강조하면서, 북한의 핵개발 및 안보위협에 한미일 삼국의 공조를 통해 해 결해야 함을 주장하고, 이는 미일 간 발생하고 있는 무역 분쟁과는 별개의 사안으로서 취급되어야 함도 언급되었다.","Press conference by President Bush and President Roh Tae Woo, January 6, 1992 Sydney, Canberra, and Melbourne, Australia; Singapore; Seoul, Korea; Kyoto and Tokyo, Japan - De-"
PZA0003354,"cember 30, 1991-January 10, 1992 [4]",PZA0003354,부시,1992,PZA0003354,25,연설문,199,"이 기록물철은 1992년 미국 부시 대통령의 아시아 순방 일정 중 1월 6일 캠프 케이시에서의 연설 내 용에 관한 것이다. 캠프 케이시 연설에서 미국 부시 대통령은 미국이 한반도 안보 방위를 위해 주둔한지 40년 이상이 지 났음을 강조하며 한국은 아시아 지역에서 공산주의 확장을 저지한 첫 번째 국가이고, 반대로 북한은 공 산주의를 포기하지 않는 마지막 국가라는 점을 이야기하였다. 그리고 한국의 자유, 미국의 방위와 안보 에 대해서 언급하였다.","Text of Remarks by the President in Camp Casey Address, January 6, 1992 President’s Trip to Alaska, Japan, China,"
PZA0003356,"and Korea - February 22-27, 1989 [1]",PZA0003356,부시,1989,PZA0003356,23,"연설문, 공동 취재문",200,"이 기록물철은 미국 부시 대통령의 알래스카 앤드류 공군기지에서의 출국 연설문, 한국 순방시 국회에 서의 연설문, 청와대에서의 연설문, 이에 대한 공동 취재문의 내용으로 구성되어 있다. 먼저 알래스카 연설에서는 아시아 순방을 시작하는 의의로서, 일본, 중국, 한국 등은 민주주의와 인권 을 확장하려는 미국의 이해 상에 가장 중요한 국가들임을 강조하였다. 또한 미국은 현재 가장 강하고 혁 신적인 경제를 가지고 있는 국가이지만, 이러한 경제 성장이 지속되기 위해서는 지난 세기의 국가들과의 협력을 강화하는 것 못지않게 새롭게 성장하는 역내 국가들과의 협력이 중요하다고 강조하며, 무엇보다 중국과의 경제협력관계를 구축해나가는 것의 중요성을 강조하였다. 다음으로 한국 국회에서의 연설에서는, 한국은 미국이 지켜낸 자유의 이념 하에서 경제성장과 민주주 의를 동시에 이룩한 가장 성공적인 국가임을 강조하였다. 2차 세계대전에서의 일본과의 전쟁, 한국 전쟁 에서 북한 및 공산주의자들과의 전쟁을 경험한 국가임에도 불구하고 괄목할만한 성장을 거두었음에 감 탄을 표명하였다.","Remarks by the President upon Arrival from the Far East, February 27, 1989 President’s Trip to Alaska, Japan, China,"
PZA0003357,"and Korea - February 22-27, 1989 [4]",PZA0003357,부시,1989,PZA0003357,38,"언론 브리핑, 공동 취재문",201,"이 기록물철은 미국 부시 대통령의 아시아 순방과 관련, 미국 백악관 국가안보보좌관 스코크로프트 (Brent Scowroft)의 언론 브리핑, 국무부의 언론 브리핑과 이에 대한 언론 보도 등으로 구성되었다. 동 브리핑에서 스코크로프트는 이번 대통령 순방이 일본, 중국, 한국과의 경제적 문제에 관한 내용으 로 주로 회담이 진행될 것임을 강조하였다. 반면, 미국 언론은 아시아 지역에서의 안보문제가 부각되고 있고 이에 대한 대통령 공약으로서 ‘새로운 안보 구상’에 대한 질문이 주를 이루었으며, 이에 대해 스코 크로프트는 구체적으로 답할 수는 없지만 언론에서 지적한 것처럼 한국의 ‘서울’이 동 안보구상의 ‘상징’ 으로서 하나의 중심점이 될 것이고, 이러한 중심점과 동아시아 지역의 역내 동맹국들을 잇는 선으로서 ‘안보 구상’이 수립될 가능성이 있음을 표명하였다.","Press Briefing by National Security Advisor General Brent Scowcroft, February 21, 1989 | Department of State Background Briefing on President Bush’s Trip to Japan, China, Korea, Friday, February 17, 1989, 11:04 a.m. | Notice to the Press, Friday, January 27, 1989 | Trip of the President and Mrs. Bush to Japan, China and Korea, Part III, February 27, 1989 | Pool Assignments | Trip of the President and Mrs. Bush to Japan, China and Korea, Part II, February 25 - 27, 1989 | Pool Assignments President’s Trip to Alaska, Japan, China,"
PZA0003358,"and Korea - February 22-27, 1989 [5]",PZA0003358,부시,1987,PZA0003358,24,"현황 정보 노트, 리포트",202,"이 기록물철은 미국 부시 대통령의 아시아 순방과 관련, 한국에 대한 현황 정보, 미국 대통령의 방한 장소에 대한 안내 등으로 구성되었다. 이에 따르면 1988년 3월 기준으로, 북한군은 총 79만명으로 이 중 특수부대가 5만명이며, 이에 대해 한국군은 총 54만명으로 개략 2:1의 전력비를 보이고 있으며, 이러한 전력격차를 45년간 미군이 일정부 분 지원하는 형태로서, 한국과 미국은 안보 관계에 있어서는 협력적 관계가 지속되고 있다. 경제 관계에 있어서 한국과 미국은 무역장벽과 관련한 분쟁을 겪고 있으며, 특히 미국은 한국의 통신산업 시장의 완 전한 개방, 미국 지적재산권 조항의 인정, 스크린쿼터와 같은 외국 영화산업의 무역장벽 제거 등을 요구 하고 있으나, 한국은 이에 적극적인 움직임을 보이지 않고 있다는 내용이 포함되어 있다. 한국의 대내 정치에 있어 한국의 인권은 1987년 중반을 이후로 급속도로 성장하고 있으나, 여전히 수 백명의 정치범이 수용되어 있고 집회의 자유가 제약받는 등 여전히 제한적이며, 한국의 노태우 대통령은 경찰 및 보안요원을 동원하여 증가된 시민권에 대한 요구를 일정부분 우회적으로 제약하려는 정책을 수 행하고 있다는 점을 언급하였다. 다만 과거와 달리 학생 및 노동운동가들에 대해 비-폭력적 수단으로써 이들의 활동을 제약하려는 방법을 찾으려는 경향을 보이고는 있다는 점을 제시하고 있다.","[South Korea] | [Seoul] | [Background Notes: [South] Korea, April 1987] | [Currency Conversion Table] | President’s Visit to Korea: Background on Sites | [This Form Marks the File Location of Item Number 11~15 Listed in the Withdrawal Sheet at the Front of This Folder] | Thomas S. Brooks Charge d’Affaires, Seoul | [Korea: Status Report, March 1988] | Background Paper: U.S.-Korea Trade and Economic Relations [Trip of the President]:"
PZA0003359,"South Korea - January 5-6, 1992",PZA0003359,부시,1991,PZA0003359,51,"연설문, 발언요지, 공동 취재문",203,"이 기록물철은 1992년 미국 부시 대통령의 아시아 순방 일정 중 한국 순방시의 1월 6일 공동 기자회견 발표문, 주한 미상공회의소의 오찬회담, 한국 국회에서의 연설, 캠프 케이시에서의 미국 부시 대통령 연 설 내용으로 구성되었다.","[Pool Report #21: Flying from Singapore to Seoul, January 5, 1992] | Remarks by the President in Working Breakfast with U.S. and Korean Business group, January 6, 1992 | Text of the Remarks of the President in Address to the Korean National Assembly, January 6, 1992 | Text of the Remarks by the President at the United States and Korean Chamber of Commerce Industry Luncheon, January 6, 1992 | Press conference by President Bush and President Roh Tae Woo, January 6, 1992 | Remarks by the President at U.S. Chamber of Commerce Luncheon, January 6, 1992 | [Pool Report #24: Photo-Ops at the Blue House, January 6, 1992] | Text of Remarks by the President in Camp Casey Address, January 6, 1992 | [Pool Report #25 Addendum, January 6, 1992] | [History of Camp Casey] | 2nd Infantry Division History, Mission and Organization | Remarks by the President in Address to the Korean National Assembly, January 6, 1992 | Fact Sheet: U.S.-Korean Science and Technology Agreement | Remarks by the President to U.S. and Korean Troops, January 6, 1992 | Notice to the Press, January 6, 1992 | [Pool Report #26: To Camp Casey and Back, Monday, January 6, 1992] | Remarks by the President and President Roh in Exchange of Toasts, January 6, 1992 The Trip of the President to Japan, The People’s Republic of China and"
PZA0003360,"the Republic of Korea [February 22-27, 1989]",PZA0003360,부시,1991,PZA0003360,28,보고서,204,"이 기록물철은 부시 대통령의 한국 순방에 대해 준비한 각국의 현황 자료로 주로 한국에 대한 현황 정 보가 다수를 이루고 있다. 구체적으로는 방한시 방문장소 현황정보, 한국의 현황(지리적 특징, 인구, 언 어, 종교, 한국전쟁, 역사, 전후 경제 발전, 경제, 외교관계, 여행정보, 대북관계, 한미관계, 주요 각료 명 단, 주미대사 정보, 환율)에 대한 1988년 보고서, 한미 간 무역 및 경제관계에 대한 내용이다. 한국과 서 울 지도를 제공하고 있으며, 동해를 일본해(Sea of Japan)로 표기한 것이 특이사항이다. 그밖에 K-16 전투기 정보, 서울 도시 정보, 청와대 정보, 의회 정보, 대사관저 정보 내용도 포함되어 있다.","[South Korea] | [Seoul] | [Background Notes: [South] Korea] | [Currency Conversion Table] | President’s Visit to Korea: Background on Sites | [ROH Tae Woo] | [KANG Young Hoon] | [CHOI Ho Joong] | [LEE Sang Hoon] | [KIM Chae Sun] | Thomas S. Brooks Charge d’Affaires, Seoul | [Korea: Status Report, March 1988] | Background Paper: U.S.-Korea Trade and Economic Relations Travel: Sydney, Canberra, and Melbourne, Australia; Singapore; Seoul, Korea; Osaka, Kyoto,"
PZA0003361,"and Tokyo, Japan - 12/30/91-1/10/92 [2]",PZA0003361,부시,1991,PZA0003361,4,전문,205,"이 기록물철은 부시 대통령의 순방에 대한 것으로, 도쿄 주재 미국 대사가 미국 국무부에 보내는 비공 식적인 사안에 대한 전문이 포함되어 있다. 비공식적인 사안의 내용은 순방시의 일자별 일정이다.","[Withdrawal Sheet] American Embassy Tokyo to Secretary of State Re: Official-Informal | Telegram from AMEMBASSY Tokyo to SECSTATE WashDC: Official-Informal SP289-08, Extension of Fishery Agreement"
PZA0003362,"between the United States and Korea, 5/11/89",PZA0003362,부시,1989,PZA0003362,,"메모, 외교서한, 서한, 기록물 매수 169 형 태 비망록, 노트",205,"이 기록물철은 미국 공해상의 어장에 관한 한미 정부 간 협정문, 하원에 보내는 한미 국제어업협정에 대한 메시지, 어업협정의 기한 연장에 대한 하원에의 하달, 상하원에 보낸 문서, 한미 경제협력위원회가 한국-폴란드 간 국제어업협정 내용 개정 및 기한 연장에 대한 내용, 미국 부시 대통령이 미국 하원에 보 내는 관련 서한, 어업협정의 발효일자와 요약 보고, 한국-대만 간 유망어업으로서 펠리 수정법안에 대 한 의회 보고서에 대한 것이다. 그밖에 미국 부시 대통령의 서울 입출국 성명서, 서울 재한미국인 단체와의 간담회에서의 발언 내용, 국회, 청와대 오찬, 주한 미대사공관에서의 발언 내용, 미국 부시 대통령의 극동 순방시 공식 성명에 대 한 메모, 한국 노태우 대통령의 방미 환영식 발언, 일정 내용 등이 포함되어 있다.","[Withdrawal Sheet Index] SP289-08, Extension of Fishery Agreement between the United States and Korea, 5/11/89 | [To the Congress of the United States] | Agreement between the Government of the United States of America and the Government of the Republic of Korea concerning Fisheries Off the Coasts of the United States | [To the Congress of the United States] | [To the Senate of the United States] | [To the Congress of the United States] | [Message to the Congress: Governing International Fisheries Agreement U.S. and Korea] | [Withdrawal Sheet Index] SP289-08, Extension of Fishery Agreement between the United States and Korea, 5/11/89 | Transmission to Congress of Extension of Governing Intl Fishing Agreement W/ Korea | [Action Data Summary Report] | Transmission to Congress of Extension of Governing Intl Fishery Agreement W/ Korea | Memorandum from Brent Scowcroft to George Bush: Transmission to the Senate and to the Congress of the Extension of the Governing International Fishery Agreement with the Republic of Korea | Memorandum from Douglas Paal to Brent Scowcroft: Transmission to the Senate and the Congress of the Extension of the Governing International Fishery Agreement with the Republic of Korea | Amending & Extending GIFAs with The EEC, Poland, and Korea | Letter from George Bush to the Congress of the United States, July 26, 1991 | [Action Data Summary Report] | [Withdrawal Sheet Index] SP291-87, Presidential Actions Regarding Korea and Taiwan’s Use of Drift Net Fishing, 10/18/91 | Memorandum from Ede Holiday to George Bush: Report to Congress Required by Pelly Amendment | [Search - Query: Reports He Has Indentified the Republic of Korea and the Authorities on Taiwan ...] | Letter from George Bush to the Congress of the United States, October 18, 1991 | “Pelly Amendment” - Driftnets - Korea & Taiwan | [ORM Optical Disk Network] | Memorandum from Ede Holiday to Phil Brady: Transmittal of Report to Congress Required by the Pelly Amendment | Memorandum from Ede Holiday to George Bush: Report to Congress Required by Pelly Amendment | The President’s Arrival Statement in Seoul | The President’s Departure Statement from Seoul | Remarks to Official American Community in Seoul | Blue House Lunch Toast | Memorandum from Melvyn Levitsky to Brent Scowcroft: Public Statements for the President’s Trip to the Far East | Memorandum from G. Philip Hughes to David F. Demarest: Public Statements for the President’s Far East Trip | Presidential Remarks: U.S. Arrival Statement, Andrews Air Force Base, Monday, February 27, 1989 | Trip Remarks | Schedule of the President | [Withdrawal Sheet Index] SP519-03, Republic of Korea, 2/27/89 | Presidential Remarks: 1. The National Assembly of Korea (2/18 - 2:50 p.m.), 2. Blue House Lunch Toast (2/17 - 5:30 p.m.), 3. Ambassador’s Residence Seoul, South Korea(2/17 - 5:30 p.m.) | Remarks of the President, The National Assembly of Korea, Seoul, South Korea, February 27, 1989 | Presidential Remarks: The National Assembly of Korea, Seoul, South Korea, February 27, 1989 | [Work Sheet] Presidential Remarks: 1) The National Assembly of Korea, 2) Blue House Lunch Toast, 3) Ambassador’s Residence Seoul, South Korea | Memorandum from Nelson Lund to Chriss Winston: Presidential Remarks: 1) The National Assembly of Korea, 2) Blue House Lunch Toast, 3) Ambassador’s Residence Seoul, South Korea | Proposed Remarks for Pres Use before / Natl Assembly in Seoul / Trip to Far East | Proposed Remarks for Pres Use before / Natl Assembly in Seoul / Trip to Far East | Memorandum from Melvyn Levitsky to Brent Scowcroft: Presidential Remarks in Korea | Pres Remarks in Korea | Talking Points: Blue House Departure, Seoul, Korea, February 27, 1989 | Presidential Remarks: Ambassador’s Residence, Seoul, South Korea, February 27, 1989 | [Work Sheet] Appreciation for the Speech Delivered at the Korean National Assembly on Feb 27 89, … | [Withdrawal Sheet Index] SP 690, Korean War Veterans Memorial Fundraising Dinner | Korean War Veterans Memorial Fundraising Dinner Omni Shoreham Hotel/ May 1, 1990/ 7:45 p.m. | Brief Remarks: Korean War Veterans Memorial Fundraising Dinner | Memorandum from Mary Kate Grant to George Bush: Korean War Veterans Memorial Fundraiser | [Work Sheet] Brief Remarks: Korean War Veterans Memorial Fundraising Dinner | Memorandum from Jay S. Bybee to Chriss Winston: Remarks: Korean War Veterans Memorial Fundraising Dinner SP871-03 [1], TR140, American and Korean Chambers of Commerce Luncheon,"
PZA0003363,"Seoul, South Korea, 1/6/92",PZA0003363,부시,1991,PZA0003363,23,"연설문 초안, 비망록",208,"이 기록물철은 1992년 1월 6일 한국 서울 신라호텔에서 한미상공회의소 오찬을 하였다는 내용으로, 주한 미국상공회의소 참가자에 대해 미국 부시 대통령이 발언한 내용이 포함되어 있다.","[Withdrawal Sheet Index] SP 871-03, American and Korean Chambers of Commerce Luncheon, Seoul | American and Korean Chambers of Commerce Luncheon, Hotel Shilla, Monday, January 6, 1992, 12:40 p.m. | Pres Remarks/ Amer Chamber of Commerce in Seoul | Memorandum from Mary Kate Grant to George Bush: Proposed Remarks for the American Chamber of Commerce Lunch, Seoul, Korea | Presidential Remarks: American Chamber of Commerce Lunch, Seoul, Korea, Monday, January 6, 1991 SP871-03 [2], TR140, Greeting to U.S. Troops,"
PZA0003364,"Yongsan, South Korea, 1/6/92",PZA0003364,부시,1991,PZA0003364,18,"연설문 초안, 비망록",209,"이 기록물철은 1992년 1월 6일, 미국 부시 대통령이 한국 서울 용산의 미군부대 방문에 대한 내용으로 미국 대통령의 입국연설 및 한미 군사열식에서의 미국 대통령의 발언 내용을 포함하고 있다.","Memorandum from Robert Simon and Jeannie Bunton to George Bush: Greeting in Korea | Pres Remarks/ Embassy/ Amer/ Korean Military Greeting in Yongsan on 6 Jan | Presidential Remarks: Embassy/ American/ Korean Military Greeting Yongsan, Korea, Monday, January 6, 1991[1992], 2:40 p.m. | [Work Sheet] Presidential Remarks: Embassy/ American/ Korean Military Greeting Yongsan, Korea: Janu- ary 6, 1992 | Memorandum from Ronald E. Vonlembke to Tony Snow: Presidential Remarks: Embassy/ American/ Ko- rean Military Greeting, Yongsan, Korea -- January 6, 1992 SP871-03 [3], TR140, Address to the Korean"
PZA0003365,"National Assembly, Seoul, South Korea, 1/6/92",PZA0003365,부시,1991,PZA0003365,33,"연설문 초안, 메모, 비망록",209,"이 기록물철은 1992년 1월 6일, 미국 부시 대통령이 한국 서울 국회에서 연설한 내용, 무한 미대사공 관에서의 건배사 및 대통령의 발언에 대한 내용으로 구성되었다.","[Withdrawal Sheet Index] SP 871-03, Address to the Korean National Assembly | [Welcoming Remarks: for H.E. the President of the United States of American and Mrs. George Bush on Their Visit to the National Assembly] | [Address to the Korean National Assembly, Seoul, Republic of Korea, January 6, 1992, 1:30 p.m.] | Presidential Remarks: Address to the Korean National Assembly Seoul, Republic of Korea - 1/6/92 | Memorandum from Dan Mc Groarty to George Bush: Proposed Remarks for the Address to the Korean National Assembly | Memorandum from Ronald E. Vonlembke to Tony Snow: Presidential Remarks: Address to the Korean National Assembly, Seoul, Republic of Korea -- January 6, 1992 | Memorandum from Ronald E. Vonlembke to Tony Snow: Presidential Remarks: Address to the Korean National Assembly, Seoul, Republic of Korea -- January 6, 1992 | Memorandum from Ronald E. Vonlembke to Tony Snow: Presidential Remarks: State Dinner Toast/Ambas- sador’s Residence SP871-03 [4], TR140, State Dinner Toast,"
PZA0003366,"Seoul, South Korea, 1/6/92",PZA0003366,부시,1991,PZA0003366,6,메모,210,"이 기록물철은 1992년 1월 6일, 주한 미대사 공관에서 미국 부시 대통령의 건배사 내용과 참석자 명 단이다.","Pres Remarks/ State Dinner Toast at Amb Residence in Korea on 6 Jan SP959, Korean War Veterans Memorial,"
PZA0003367,"Ash Woods, D.C., 6/14/92",PZA0003367,부시,1992,PZA0003367,56,"연설문, 비망록, 서한, 보고서",211,"이 기록물철은 1992년 6월 14일, 미국 부시 대통령이 한국전쟁 참전용사 기념비 행사에서 발언한 내용 과 기념비 행사에 관한 것이다. 한국전쟁 참전용사 보이드 번리(Boyed H. Burnley)와 미국 부시 대통령 이 교환한 서한 내용이 포함되어 있다.","[Withdrawal Sheet Index] SP 959, Korean War Veterans Memorial, Ash Woods, D.C., 6/14/92 | [Correspondence Tracking Worksheet] POTUS Remarks: Korea War Memorial, Ash Woods, Sunday, June 14, 1992, 2:30 p.m. | Memorandum from Stephen G. Rademaker to Daniel McGroarty: Presidential Remarks: Korea War Memo- rial | Presidential Remarks: Korea War Memorial Ash Woods Sunday, June 14, 1992, 2:30 p.m | Letter from George Bush to Boyed H. Burnley, June 25, 1992 | [Draft] Letter from George Bush to Boyed H. Burnley, June 23, 1992 | Letter from Boyed H. Burnley to George Bush, June 17, 1992 | Remembrance of Korea by Boyed H. Burnley | Korea War Memorial/ Ash Woods/ Sunday, June 14, 1992/ 2:30 p.m. | Memorandum from Curt Smith to George Bush: Proposed Remarks to Korean War Veterans in Honor of the Korean War Veterans Memorial | Memorandum from Roger B. Porter to Dan McGroarty: Presidential Remarks: Korea War Memorial | [Staffing Memorandum] Presidential Remarks: Korean War Veterans in Honor of the Korean War Veterans Memorial - Sunday, 6/14/92 - 2:30pm | [Staffing Memorandum] Presidential Remarks: Korea War Memorial Ash Woods Sunday, June 14, 1992, 2:30 p.m. | Presidential Remarks: Korea War Memorial Ash Woods Sunday, June 14, 1992, 2:30 p.m SP996, Korean-American Rally, New York,"
PZA0003368,"New York, 9/21/92",PZA0003368,부시,1992,PZA0003368,10,"비망록, 연설문 초안",212,"이 기록물철은 1992년 9월 21일, 미국 뉴욕시에서 개최된 한미친선대회에서 미국 부시 대통령의 연설 초안 및 대회운영에 관한 내용으로 구성되어 있다.","Memorandum from Stephen G. Rademaker to Daniel McGroarty: Presidential Remarks: Korea-American Rally SP996, Korean-American Rally, New York,"
PZA0003369,"New York, 9/21/92",PZA0003369,부시,1992,PZA0003369,27,"비망록, 연설문 초안",212,"이 기록물철은 1992년 9월 21일, 미국 뉴욕시에서 개최된 한미친선대회에서 미국 부시 대통령 연설 초안이다.","[Withdrawal Sheet Index] SP 996, Korea-American Rally, 9/21/92 | Presidential Remarks: Korea-American Rally, New York, New York, Monday, September 21, 1992 | Memorandum from Curt Smith to George Bush: Proposed Remarks to Korean-American Rally | Memorandum from Curt Smith to George Bush: Proposed Remarks to Korean-American Rally TR140-03, Korea, Seoul, 1/5-6/92, Case Number 300542 Scanned to"
PZA0003370,Case Number 323936 Scanned,PZA0003370,부시,1991,PZA0003370,45,"서한, 연설문, 회의록",213,"이 기록물철은 1992년 1월 5~6일, 미국 부시 대통령의 방한 선물 목록, 한국의 이봉수, 유진로(풍산기 업), 박준규(국회)가 미국 부시 대통령에게 보내는 서한, 박준규가 미국 부시 대통령에게 보내는 거북선 모형 선물, 미국 부시 대통령이한국 국립국악원 단원들에게 보내는 서한으로 구성되어 있다.","[Withdrawal Sheet Index] TR 140-03, Korea, Seoul, 1/5-6/92 | Letter from George Bush to Lee Bong Soo, January 7, 1992 | [Gift Unit] Clothing and Accessories - Women’s | ORM Optical Disk Network | Letter from Lee Bong Soo to George Bush, January 6, 1992 | Letter from George Bush to Jin Roy Ryu, January 6, 1992 | Letter from Jin Roy Ryu to George W. Bush, December 12, 1991 | Memorandum of Information for the File | Letter from George Bush to Park Jyun Kyu, February 24, 1992 | Letter for Park Jyun Kyu, February 14, 1992 | [Gift Register] from Park Jyun Kyu to George Bush: Model of Turtle Boat | ORM Optical Disk Network, ID#323055 | [제111회 국회 회의록] | [제145회 국회본회의 회의록] | Letter from George Bush to Members of the Korean Traditional Performing Arts Center, February 25, 1992 | Letter for Members of the Korean Traditional Performing Arts Center, February 24, 1992 | ORM Optical Disk Network, ID#323820"
PZA0003372,"TR007, Japan/China/Korea, 2/22-27/89",PZA0003372,부시,1989,PZA0003372,54,"비망록, 서한",214,"이 기록물철은 미국 부시 대통령의 아시아 방문 경로에 대한 논의, 보도자료, 언론인들에 대한 서한, 방문과정에서 알래스카 앵커리지 방문을 요청하는 내용, 방문국인 일본·중국·한국의 공중위생 상태, 의학적 권고사항, 일정에 대한 것이다.","[Work Sheet] Writes on Behalf of Mayor Frank F. Fasi, Republican Mayor of Honolulu; Will President be Stopping in Honolulu Enroute to and/or from Asia in Feb 89 | Letter from Stephen M. Studdert to Joseph R. Cerrell, February 20, 1989 | Memorandum from Joseph R. Cerrell to Honorable John Sununu, January 25, 1989 | [Staffing Memorandum] Presidential Letter for Asia Trip Press Book | Memorandum from G. Philip Hughes to James W. Cicconi: Presidential Letter for Press Book | Memorandum from Karl D. Jackson to G. Philip Hughes: Presidential Letter for Press Book | Pres Ltr Re Asia Trip Press Book | Memorandum from Bill Harlow to James Cicconi: Presidential Letter for Asia Trip Press Book | Letter for the Members of the Press, February, 1989 | [Staffing Memorandum] Presidential Letter for Asia Trip Press Book | Action Data Summary Report, ID#8900408 | [Work Sheet] Invitation to Stop in Anchorage, Alaska to Address a Gathering of Alaskans, On the Way to the Far East | [Work Sheet] Writes about her husband who has been missing in action in China since February 1968 … | Letter from Andrew H. Card to Maureen Dunn, February 14, 1989 | Letter from Maureen, February 7, 1989 | Letter from Maureen A. Dunn to George Bush, February 7, 1989 | Memorandum from John G. Keller to All Office Heads: Preparation for Far East Trip | Memorandum from Lawrence C. Mohr to All Traveling Staff: Immunizations and Public Health Factors for Tokyo, Beijing, and Seoul | Memorandum from John G. Keller to White House Traveling Staff: Medical Recommendations for Japan, China, and Korea Trips | [Work Sheet] Congratulations on the Success of the Trip to the Far East, Joins with Her Husband, Dick in Sending Very Best Wishes to the President and Mrs. Bush | Tentative Schedule of the President and Mrs. Bush for Seoul, Korea, February 27, 1989 | Memorandum from Marlin Fitzwater to George Bush: Communications Plan for the Far East Trip"
PZA0003373,"TR007, Japan/China/Korea, 2/22-27/89",PZA0003373,부시,1988,PZA0003373,66,"비망록, 서한",215,"이 기록물철은 1989년 2월, 미국 부시 대통령 영부인인 바바라 부시가 미국 토마스 브룩스(Thomas S. Brooks, 주한 미대사관) 여사, 한국 영부인, 한국 최호중 외무부장관 부인, 한국 박동진 주미한국대 사 부인, 한국 강영훈 총리 부인, 한국 김재선(국회의장), 김재선 국회의장 여사, 한국 하찬호(강서구 목 동 거주), 한국 배영한(외교부), 한국 백영선(청와대), 한국 이창희(국회), 한국 김문희(국회), 미국 제라 드 앤더슨(Gerald Anderson, 주한 미대사관), 미국 마이클 슬랙(Micheal Slack, 주한 미대사관), 미국 리차드 크리스튼슨(Richard Christenson, 주한 미대사관), 한국 곽준철(서초구 서초동 거주, 통역사), 한국 박인훈(주한 미대사관, 통역사), 한국 장희노(청와대), 미국 로날드 웨이드(Ronald E. Wade)에게 보내는 순방 협조에 대한 감사 서한과 1989년 2월 27일, 미국 부시 대통령이 극동 외유 후 귀국하여 발 언한 내용에 관한 것이다.","Letter from Barbara Bush to Mrs. Thomas S. Brooks, February 27, 1989 | Letter from Barbara Bush to Mrs. Roh, Tae Woo, February 27, 1989 | Letter from Barbara Bush to Mrs. Choi Ho-joong, February 28, 1989 | Letter from Barbara Bush to Mrs. Tong Jin Park, February 28, 1989 | Letter from Barbara Bush to Mrs. Young-Hoon Kang, February 28, 1989 | Letter from Barbara Bush to Mrs. Kim Jaison, February 28, 1989 | Letter from Barbara Bush to Chan Ho Ha, February 28, 1989 | Letter from Barbara Bush to Bae Young Han, February 28, 1989 | Letter from Barbara Bush to Young Sun Paik, February 28, 1989 | Letter from Barbara Bush to Lee Chang Hee, February 28, 1989 | Letter from Barbara Bush to Kim Moon Hee, February 28, 1989 | Letter from Barbara Bush to Gerald Anderson, February 28, 1989 | Letter from Barbara Bush to Micheal Slack, February 28, 1989 | Letter from Barbara Bush to Richard Christenson, February 28, 1989 | Letter from Barbara Bush to Kwak Joon Chul, February 28, 1989 | Letter from Barbara Bush to Park In-Hoon, February 28, 1989 | Letter from Barbara Bush to Chang Hee Roe, February 28, 1989 | Letter from Barbara Bush to Ronald E. Wade, March 9, 1989 | Letter from Ronald E. Wade to Barbara Bush, February 27, 1989 | Letter from George Bush to Kim Jaison, April 12, 1989 | [Request for Clearance-Comments] Thank you for 1988 Olympic Games proof set coins | Letter from Barbara Bush to Kim Jaison, February 28, 1989 | Visit of President and Mrs. Bush to Seoul, Korea, February 27, 1989 | Remarks Upon Returning From the Far East, February 27, 1989 | Letter from George Bush Sharon Parks, May 5, 1989 TR007-03, Korea, Republic of, 2/27/89, Case Number 017694 Scanned to"
PZA0003374,Case Number 034914 Scanned,PZA0003374,부시,1989,PZA0003374,72,"서한, 일정표, 비망록",216,"이 기록물철은 1989년 2월 27일 미국 부시 대통령 내외의 한국 서울 방문 일정, 부시 대통령이 이한동, 고건, 김용갑, 케리안 프로리오(Keriann Florio), 얀 브루메이스터(Jan Burmeister)에게 보내는 서한, 한국 노태우 대통령과 회담 이후 발언에 관한 것이다.","[Withdrawal Sheet Index] TR007-03, Korea, Republic of, 2/27/89, Case Number 017694 Scanned to Case Number 034914 Scanned | Visit of President and Mrs. Bush to Seoul, Korea, February 27, 1989 | Schedule of the President and Mrs. Bush to Seoul, Korea, February 27, 1989 | [Work Sheet] Appreciation for the Stopover in Korea on Feb 27 and Hopes for A Longer Visit in the Near Future | Letter from Jack D. Woodall to George Bush, March 8, 1989 | Letter from George Bush to Keriann Florio, March 9, 1989 | Letter from George Bush to Keriann Florio, February 28, 1989 | Memorandum from Antonio Benedi to Jan Burmeister: Correspondance Procedure | Letter from Florio to Barbara Bush, February 8, 1989 | Letter from Christopher Cruise to Fitzwater, March 29, 1989 | Letter from George Bush to Lee Han Dong, April 21, 1989 | Letter from George Bush to Kim Yong Kap, April 21, 1989 | [Memo] for Claudia Karti, April 27, 1989 | [Memorandum] from Shirley Green to State Secretariat Department of State: White House Correspondence | [Office of Presidential Advance] | Thank-You Letter Draft Following the Trip of the President to Seoul, February 27, 1989 | [Remarks Following a Meeting With President Roh Tae Woo in Seoul, South Korea, February 27, 1989] | Letter from George Bush to Koh Kun, April 21, 1989 | [Memo] from James W. Cicconi to George Bush, April 18, 1989 International Countries, White House:"
PZA0003375,Korea [1992],PZA0003375,부시,1992,PZA0003375,6,서한,217,이 기록물철은 한국에서 개최되는 대전 엑스포에 대한 브롬리(Allan Bromley) 박사의 관심 촉구에 관 한 서한이다.,[Withdrawal Sheet] To: John Marburger From: Allan Bromley Re: Response to 7/10 letter | He is Writing to URGE Dr. Bromley’s Interest in the Taejon Expo to Be Held in Korea | [Withdrawal Sheet] To: Jin-Hyun Kim From: Allan Bromley Re: Patent Secrecy Act President Roh Tae Woo [South Korea]
PZA0003376,"Visit, 10/17/89",PZA0003376,부시,1992,PZA0003376,23,"서한, 비망록",218,"이 기록물철은 한국 노태우 대통령과의 회담, 한국 국회에서의 연설, 언론과의 인터뷰 내용에 대한 것 이다.","Departure Statement: President Roh Tae Woo, South Portico, Tuesday, Oct. 17, 1:15 p.m. | [The following list includes the President’s Public schedule and other items of general interest …] | [Remarks Following a Meeting With President Roh Tae Woo in Seoul, South Korea] | [Address before the National Assembly in Seoul, South Korea] | [Written Responses to Questions Submitted by the Yonhap News Agency of South Korea] | [Written Responses to Questions Submitted by Dong-A Ilbo of the Republic of Korea] | [Foreign Issues/ Federal Budget, Radio Address to the Nation] | [South Korean Elections, Statement by the Assistant to the President for Press Relations]"
PZA0003377,"Korea-Information and Drafts, 10/91",PZA0003377,부시,1991,PZA0003377,,"보고서, 의제, 비망록, 기록물 매수 18 형 태 연설문 초안",219,"이 기록물철은 1991년 10월 미국 부시 대통령의 방한에서 주한 미국 상공회의소 조식 연설 자료, 오찬 메모, 국회 연설의 주제, 과학·교육·기술 행사 일정 자료 등에 대한 것이다.",[Withdrawal Sheet] Korea: Financial Services | Themes for Breakfast Speech to American Chamber of Commerce | [Memo] from JB to MK: Korea/ Chamber Breakfast | [Withdrawal Sheet] American Chamber of Commerce Breakfast: Scenesetter | Memorandum from John Fredenburg to Kathryn Gunning: Notes for Speeches for the President’s visit | Themes/Phrases for Presidential Speeches | National Assembly-Speech themes (Draft) | Remarks to American Chamber of Commerce | Science/education/technology event
PZA0003378,"Korean War Vets Memorial, 5/1/90",PZA0003378,부시,1990,PZA0003378,8,연설문,219,"이 기록물철은 1990년 5월 1일, 미국 부시 대통령의 한국전쟁 참전용사 기념비 제작 모금행사에서의 추도사 내용에 대한 것이다.","Brief Remarks: Korean War Veterans Memorial Fundraising Dinner, Omni Shoreham Hotel, May 1, 1990, 7:45 p.m. | Brief Remarks: Korean War Veterans Memorial Fundraising Dinner, Omni Shoreham Hotel, May 1, 1990, 7:45 p.m. | Tribute to Korean War Veterans Korean War Memorial, Washington D.C.,"
PZA0003379,6/14/89,PZA0003379,부시,1989,PZA0003379,13,연설문,220,"이 기록물철은 1989년 6월 14일, 워싱턴에서의 한국전쟁 기념일 행사에서 미국 부시 대통령의 발언 내용이다.","Presidential Remarks: Korean Memorial Rose Garden, Wednesday, June 14, 1989 | Remarks: Korean War Memorial Rose Garden, Wednesday, June 14, 1989 American Community Greeting-Korea,"
PZA0003380,1/5/92 [1] [OA/ID 07565],PZA0003380,부시,1989,PZA0003380,35,"비망록, 연설문",221,"이 기록물철은 미국 부시 대통령의 방한시, 미국과 한국 병력에 대한 발언 내용, 주한미군 관련 자료 (용산 미군의 역사), 한국 현황(정치적 측면에서 서울의 선거와 노태우-김영삼 간 권력 갈등, 한국 정부 의 야당 대표 김대중 고발, 한국의 연방제 공화국제에 대한 평가, 부정적 측면에서 한국의 고아들의 실 상, 경제적 측면에서 한국의 원화 평가절하 계획과 미국의 우려, 한국의 자유무역정책에 대한 비판, 소 고기에 대한 한국의 수입물량조치 등에 관한 것이다.","[Remarks by the President to U.S. and Korean Troops] | Memorandum for Public Affairs Office: Demographic Information on Active Duty Military and Dependents of Active Duty Military in the ROK | History of U.S. Forces at Yongsan | Memorandum for MAJ Russell Cancilla: USFK “Facts Ahead” potential speech materials | [Telefacsimile Transmittal Header Sheet] | For North Korea Still, the Americans Started It | Seoul election tests ropes in Roh-Kim tug of war | South Korea’s Plan To Devalue Won Sparks U.S. Worry | South Korea Indicts Opposition Leader | Orphan - A Shame Fades in S. Korea | Korea’s Liberal-Trade Drive Is Sputtering | Kim Dae Jung’s Indictment Raises Fears of New Repression in Korea | Seoul Is Opening Up, But Its Jails Are Still Full | Not the time to lack an envoy | Seoul’s Roh asks one entity: Korean Commonwealth | Senate Approves Gregg as Ambassador to South Korea | Quayle Reassures S. Koreans on U.S. Troops | Quayle Stresses N. Korea Military Threat | The Koreans’ Big Entry Into Business | In Politics and economics, Korea tries to speak our language | Korean Quotas On Beef Declared Unfair by the U.S. | Korean Proverbs American Community Greeting-Korea,"
PZA0003381,1/5/92 [2] [OA/ID 07565],PZA0003381,부시,1990,PZA0003381,139,"비망록, 연설문",222,"이 기록물철은 1991년 1월 6일, 미국 부시 대통령의 방한시, 한미군사열식에서의 화답사, 한국의 현 역근무 군인과 부양가족에 대한 인구학적 정보, 한국의 미국인 민간 고용인들 현황 자료, 주한미군의 미 래에 대한 연설문 초안, 용산 미군의 역사, 미8군단의 약사, 한국전쟁, 주한 연합사령부의 임무, 유엔군 사령부, 판문점, 한국의 미국 병력, 한국의 군사력, 주한 미7공군의 자원, 국회에서의 연설 자료이다.","Presidential Remarks: Embassy/ American/ Korean Military Greeting, Yongsan, Korea, Monday, January 6, 1991 2:40 p.m. | Welcome to Korea - Land of the Morning Calm, March 1991 | Memorandum from Edward A Cecconi to Public Affairs Office: Demographic Information on Active Duty Military and Dependents of Active Duty Military in the ROK | U.S. Civilian Employees in Korea | Memorandum from George H. Peck to MAJ Russell Cancilla: USFK “Facts Ahead” potential speech ma- terials | [History of U.S. Forces at Yongsan] | [Brief Histroy of the Eighth U.S. Army (EUSA)] | [The Korean War] | [Mission of the ROK/US Combined Forces Command] | [United Nations Command (UNC)] | [Panmunjom: The Joint Security Area] | [United States Forces in Korea] | [Mission of the ROK/US Combined Forces Command] | [Strength of Armed Forces in Korea] | [7th Air Force Resources] | [Address before the Korean National Assembly in Seoul, November 12, 1983] American Community Greeting-Seoul,"
PZA0003382,"South Korea, 2/27/89 [OA/ID 06343]",PZA0003382,부시,1989,PZA0003382,5,연설문,223,이 기록물철은 1989년 2월 미국 부시 대통령의 서울 미국 대사공관에서의 발언 내용이다.,"Presidential Remarks: Ambassador’s Residence, Seoul, South Korea, February 27, 1989 Breakfast Korean/U.S. Business,"
PZA0003383,1/5/92 [OA/ID 07565],PZA0003383,부시,1991,PZA0003383,,"비망록, 연설문, 참석자 명단, 기록물 매수 55 형 태 보고서",223,이 기록물철은 1992년 1월 6일 주한 미 상공회의소 조찬과 오찬에서 미국 부시 대통령의 발언 내용이다.,"[Remarks by the President at U.S. Chamber of Commerce Luncheon] | [Remarks by the President in Working Breakfast with U.S. and Korean Business Group] | Presidential Remarks: American Chamber of Commerce Breakfast Seoul, Korea, Monday, January 6, 1991, 8 a.m. | Memorandum from Mary Kate Grant to George Bush: Proposed Remarks for the American Chamber of Commerce Lunch, Seoul, Korea | Memorandum from Mary Kate Grant to George Bush: Proposed Remarks for the American Chamber of Commerce Breakfast, Seoul, Korea | [Statement by the Press Secretary] | [Message] from Francis McFaul to Jeanie[Jeannie] Bunton | [Message] from Mark Van Fleet to Jeannie Bunton | America in Asia: Emerging Architecture for a Pacific Community | [Memo] from CBA to Jeannie Bunton | [Economy] | Themes for Breakfast Speech to American Chamber of Commerce | [EAP Fax from Jonathan McHale to Jeannie Bunton] | [Memo] from JB to MK: Korea/ Chamber Breakfast Departure Statement for President Roh Tae Woo of South Korea,"
PZA0003384,10/17/89 [OA/ID 06270],PZA0003384,부시,1989,PZA0003384,35,"비망록, 연설문, 보고서",224,"이 기록물철은 1989년 10월 17일, 한국 노태우 대통령의 출국 성명과 루즈벨트 백과사전에 대한 내용 이다.","Departure Statement | Familiar Quotations | President Roh Tae Woo Departure, East Room/ Tuesday, Oct. 17, 1989/ 1:15 p.m. | Letter from Key P. Yang to Christina Martin, October 11, 1989 | Theodore Roosevelt Cyclopedia | [In politics and economics, Korea tries to speak our language]"
PZA0003385,Korea [n.d.] [1] [OA/ID 07565],PZA0003385,부시,1991,PZA0003385,99,"연설문, 일정표, 사전",225,"이 기록물철은 한국 현황(우편체계, 지리, 역사) 자료로서 사전적(National Geographic) 자료이다. 1982년 4월 25일 미국 부시 부통령의 도착 성명, 신라호텔에서의 축사, 초청 오찬에서의 축사, 4월 26일 국회에서의 연설, 4월 27일 환송식에서의 연설 내용이 포함되어 있다.","U.S. and Asia Statistical Handbook, 1990 Edition | Presidential Remarks: Address to the Korean National Assembly, Seoul, Republic of Korea, January 6, 1992, 1:30 p.m. | Presidential Remarks: American Community Reception, Tokyo, Japan, Tuesday, January 7, 1992 | Presidential Remarks: After Dinner Toast, PM’s Residence, Tokyo, Japan, Wednesday, January 8, 1991 | Presidential Remarks: Embassy/American/Korean Military Greeting, Yongsan, Korea, Monday, January 6, 1991, 2:40 p.m. | Presidential Remarks: State Dinner Toast, Singapore, Friday, January 3, 1991 | Presidential Remarks: Business Luncheon, Melbourne, Australia, Friday, January 3, 1991 | Presidential Remarks: Departure Statement, Asia Trip, Andrews AFB, December 30, 1991, 6:30 a.m. | The Korean Peninsula | Speeches | Korea Sources | POTUS Speech Time Line | [Preliminary Outline Press Schedule for the President’s Trip to Australia, Singapore, Korea, Japan, Decem- ber 30, 1991 - January 10, 1992] | Korea, Republic of | Korea | [Camp David - Dec. 20-22] | [EAP Fax from Jonathan McHale to Jeannie Bunton] | [Bob’s 89 Korea File (FEB)] | Korea Post Report | Korean Media Clamor to Deliver News From Home | Korean Media Bring News From Home"
PZA0003386,Korea [n.d.] [2] [OA/ID 07565],PZA0003386,부시,1982,PZA0003386,70,"연설문, 일정표, 사전",226,"이 기록물철은 미국과 아시아의 주요 통계 편람으로서 사전 자료이다. 1992년 1월 6일 미국 부시 대통령의 한국 국회에서의 연설 내용, 1월 7일 도쿄 주일 미국인 단체 환 영회에서의 연설 내용, 1월 6일 용산의 대사관·미국·한국 군대식 환영인사에서의 연설 내용, 1월 3일 싱가폴 공식 만찬에서의 연설 내용, 1월 3일 호주 멜버른 기업가 오찬에서의 연설 내용, 1991년 12월 30 일 아시아 순방에 대한 출국 성명 내용으로 구성되어 있다.","National Geographic, August 1988: The South Koreans and Kyungju, Where Korea Began | Korea Post Report, March 1986 | Freedom and Prosperity | Arrival Statement of Vice President George Bush, Kimpo International Airport, Seoul, Korea, Sunday, April 25, 1982 | Toast of Vice President George Bush, Shilla Hotel, Seoul, Korea, Sunday, April 25, 1982 | Toast of Vice President George Bush at the Luncheon by President Chun Doo-Hwan | Draft Remarks Vice President’s Address to National Assembly, Korea, April 26 | Departure Statement of Vice President George Bush, Kimpo Airport, Seoul, Korea, Tuesday, April 27, 1982 Korean Assembly, 1/5/92 [1]"
PZA0003387,[OA/ID 07565],PZA0003387,부시,1991,PZA0003387,104,"기사, 연설문",227,"이 기록물철은 1992년 1월 6일, 미국 부시 대통령의 방한시 한국 국회에서의 연설 내용, 남북한 공동 비핵화 선언 자료, 한반도 비핵화 조치에 대한 각종 언론 자료이다.","[Remarks by the President in Address to the Korean National Assembly] | [Press Conference by President Bush and President Roh Tae Woo] | [EAP Fax for Jeannie Bunton] | Memorandum from Dan McGroarty to David Demarest: Speech to Korean National Assembly | Presidential Remarks: Address to the Korean National Assembly, Seoul, Republic of Korea, January 6, 1992, 1:30 p.m. | [North-South Non-Nuclear Declaration] | [2 Koreas Agree on Nuclear Ban, But Not on Method of Inspections] | [Tired of Relying on U.S., Japan Seeks to Expand Its Own Intelligence Efforts] | [Editorial Notebook; The World Through Beijing’s Eyes] | [Doors Begin to Open in Korea] | [U.S. Welcomes Koreas’ Nuclear Accord; Declaration Is Seen as Major Step Toward Averting Potential Crisis] | [Koreas Sign Declaration Banning Nuclear Arms; Some Inspection Details Remain Unresolved] | [Unfinished business; Koreas’ accord just a beginning] | Korea Newsreview, December 14, 1991 | [Message] from Kim Younghee to Bill Bonde, December 23, 1991 | Memorandum from David Demarest to Sam Skinner: Themes for the Asia trip | [Message] from Kim Younghee to Bill Bonde, December 23, 1991 | Presidential Remarks: Address to the Korean National Assembly Seoul, Republic of Korea, January 6, 1992, 1:30 p.m. (McGroarty/Bunton, December 23, 1991, 2:00 pm) | Presidential Remarks: Address to the Korean National Assembly Seoul, Republic of Korea, January 6, 1992, 1:30 p.m. (McGroarty/Bunton, December 23, 1991, 8:30 am) Korean Assembly, 1/5/92 [2]"
PZA0003388,[OA/ID 07565],PZA0003388,부시,1991,PZA0003388,79,"기사, 연설문, 사전, 비망록",228,"이 기록물철은 1992년 1월 6일, 미국 부시 대통령의 방한시 한국 국회에서의 연설 내용에 관한 것으 로 환태평양 연감 등 사전 자료, 미국 부시 대통령의 아시아 순방을 위한 사전 자료 등이 포함되어 있다.","Memorandum from Dan Mc Groarty to George Bush: Proposed Remarks for the Address to the Korean National Assembly | [MIA Korean War] | Presidential Remarks: Address to the Korean National Assembly, Seoul, Republic of Korea, January 6, 1992, 1:30 p.m. (McGroarty/Bunton, December 20, 1991, 3:00 pm) | Presidential Remarks: Address to the Korean National Assembly, Seoul, Republic of Korea, January 6, 1992, 1:30 p.m. (McGroarty/Bunton, December 19, 1991, 11:30 am) | The Pacific Rim Almanac | Presidential Remarks: Address to the Korean National Assembly, Seoul, Republic of Korea, January 6, 1992 (McGroarty/Bunton, December 18, 1991, 5:00 pm) | [Memo] from JB to Torkel, 12/19/91 | North Korea insists on non-aggression pact with South | [Background Notes: [North] Korea, July 1989] | Memorandum from Jennifer Grossman to Speechwriters: Asia Pre-Advance Research | Toast to Miyazawa | America in Asia: Emerging Architecture for a Pacific Community Korean War Memorial,"
PZA0003389,6/14/89 [1] [OA/ID 06264],PZA0003389,부시,1988,PZA0003389,134,"서한, 연설문, 사전, 비망록",229,"이 기록물철은 한국전쟁 기념비 공모전 관련 자료들로서, 한국전쟁에 대한 사전적 자료, 기념비 공모전 수상 디자인에 관한 것으로 1988년 7월 27일 알링턴 국립묘지에서의 한국전쟁 참전용사 기념식에서의 국 방부 장관의 연설, 1989년 6월 14일, 미국 부시 대통령의 한국전쟁 기념비에서의 연설 초안, 1863~1978 년 명예훈장 수여자 목록 등이 포함되어 있다.","[Stephanie Blessy - White House Research] | [Remarks at the Ceremony for the winning Design of the Korean War Memorial] | [The Korean War 1950-1953] | Korean War Memorial Unveiled | The winning design for Korean War monument | [If These Hotel Rooms Could Talk…; Funny Things Happened Along the way at the Shoreham] | The New Encyclop©¡dia Britannica in 30 Volumes | Letter from James D. “Mike” McKevitt to Stephanie Blesse | Remarks Prepared for Delivery by the Honorable Frank C. Carlucci, Secretary of Defense, Korean War Veterans Ceremony, Arlington National Cemetery, Wednesday, July 27, 1988 | [The Korean War Veterans Memorial in the Nation’s Capital] | Remarks: Korean War Memorial Rose Garden, Wednesday, June 14, 1989 | Medal of Honor Recipients 1863-1978 | Presidential Remarks: Korean Memorial Rose Garden, Wednesday, June 14, 1989 (Smith/Blessey, June 11, 1989, Draft Five) | Memorandum from Curt Smith to George Bush: Korean War Veterans Memorial | [Remarks by the President at Ceremony for Winning Design for Korean War Memorial] | 1999 Victory without War, Richard Nixon | Remarks: Korean War Memorial Rose Garden, Wednesday, June 14, 1989 | [Today, we say: No mas. My friends, the time of forgetting is over] | Presidential Remarks: Korean Memorial Rose Garden, Wednesday, June 14, 1989 (Smith/Blessey, June 9, 1989, Draft Four) | Presidential Remarks: Korean Memorial Rose Garden, Wednesday, June 14, 1989 (Smith/Blessey, June 13, 1989, Draft Six) | Memorandum from Curt Smith to George Bush: Korean War Veterans Memorial | George Herbert Walker Bush, Chronology | [Withdrawal Sheet] Talking Points for Korea arrival statement | [Withdrawal Sheet] Scenesetter: Meeting with Embassy Staff and AMCITS | Donald P. Gregg, Ambassador of the United States of America to the Republic of Korea | [EAP Fax from JoAnne McMahon to Jeannie Bunton] Korean War Memorial,"
PZA0003390,6/14/89 [2] [OA/ID 06264],PZA0003390,부시,1989,PZA0003390,75,"연설문, 사전, 비망록",230,"이 기록물철은 한국전쟁 기념비 공모전 관련 자료들로서, 한국전쟁에 대한 사전적 자료, 기념비 공모 전 수상 디자인 작품 설명에 관한 내용으로 역대 미국 대통령인 해리 트루만과 드와이트 아이젠하워에 대 한 공공보고서이다.","[James D. “Mike” McKevitt] | [Memorandum] from Roger L. Williams to Jack King: Penn State’s Public Relations Role in the Korean War Veterans’ Memorial | PSU profs flattered, humbled by selected memorial design | PSU profs win design competition | Korea Memorial Design Chosen | Korean War: Penn State team’s memorial design chosen | PSU professors’ design chosen for Korean War memorial | [Penn State Faculty to Design National Korean War Memorial] | [Transfer Sheet] one b/w photo--designers of Korean War Veterans Memorial | [Korean Veterans] | [Korean] | [FLAG] | [Flattery] | Who’s Who in Finance and Industry | Memorandum Re: Korean Veterans Memorial | [Withdrawal Sheet] Handwritten notes, re: American Battle Monumnets Commission; redaction of Social Security number | Presidential Remarks: Korean War Memorial Rose Garden, Wednesday, June 14, 1989 (Smith/Blessey, June 13, 1989, Draft Six) | [Message] from Nancy Young to Stephanie Blessey | [Facsimile Transmittal Sheet] from Stephanie Blessey to David Brigham | [Korean] | Remarks: Korean War Memorial Rose Garden, Wednesday, June 14, 1989 | [General Alfred M. Gray, USMC] | [Korea] | Public Papers of the Presidents of the United States, Harry S. Truman | Public Papers of the Presidents of the United States, Dwight D. Eisenhower Korean War Veterans Memorial,"
PZA0003391,5/1/90 [OA/ID 06890],PZA0003391,부시,1989,PZA0003391,,"연설문, 사전, 비망록, 기록물 매수 94 형 태 서한, 메모",232,"이 기록물철은 한국전쟁 참전용사 자문위원회에서의 연설, 1990년 5월 1일 한국전쟁 참전용사 기념비 건립모금을 위한 만찬에서의 연설 내용, 만찬 참석자 명단, 주요 인물의 약력, 한국전쟁에 대한 사전 자 료에 대한 것이다.","Address to the Korean War Veterans Advisory Board | [Memorandum] from R. G. Stilwell to Mary Kate Grant: Material re: KWM | Brief Remarks: Korean War Veterans Memorial Fundraising Dinner, Omni Shoreham Hotel, May 1, 1990, 8:00 p.m. | Brief Remarks: Korean War Veterans Memorial Fundraising Dinner, Omni Shoreham Hotel, May 1, 1990, 7:45 p.m. (Grant/Dooley, April 27, 1990, Draft four-B) | Brief Remarks: Korean War Veterans Memorial Fundraising Dinner, Omni Shoreham Hotel, May 1, 1990, 7:45 p.m. (Grant/Dooley, April 27, 1990, Draft four) | The Encyclopedia Americana: The Korean War, 1950-1953 | Brief Remarks: Korean War Veterans Memorial Fundraising Dinner, Omni Shoreham Hotel, May 1, 1990 (Grant/Dooley, April 24, 1990, Draft one) | [Radio Report to the American People on Korea and on U.S. Policy in the Far East. April 11, 1951] | Immortal Poems of the English Language | Letter from Joseph W. Hagin II to R. G. Stilwell, March 8, 1990 | Letter from George Bush to Richard G. Stilwell, March 8, 1990 | Letter from Warren B. Rudman to John Sununu, January 12, 1990 | Letter from Blaine P. Friedlander to Bobbie Kilberg, December 21, 1989 | Memorandum from Barry R. Mcbee to David Q. Bates: (1) Korean War Veterans Memorial Dinner, (2) Indian Museun Dedication | Letter from R. G. Stilwell to George Bush, December 11, 1989 | Letter from Gillespie V. Montgomery to George Bush, January 4, 1990 | Brief Remarks: Korean War Veterans Memorial Fundraising Dinner, Omni Shoreham Hotel, May 1, 1990 (Grant/Dooley, April 24, 1990, Draft one) | Brief Remarks: Korean War Veterans Memorial Fundraising Dinner, Omni Shoreham Hotel, May 1, 1990 (Grant/Dooley, April 24, 1990, Draft one) | [Memo] for Peggy Dooley | [Memo] for Peggy Dooley | Letter from R. G. Stilwell to George Bush, December 11, 1989 | Letter from Blaine P. Friedlander to Bobbie Kilberg, December 21, 1989 | Letter from Joseph W. Hagin II to R. G. Stilwell, March 8, 1990 | Letter from George Bush to Richard G. Stilwell, March 8, 1990 | Letter from Warren B. Rudman to John Sununu, January 12, 1990 | Memorandum from Barry R. Mcbee to David Q. Bates: (1) Korean War Veterans Memorial Dinner, (2) Indian Museun Dedication | Letter from Gillespie V. Montgomery to George Bush, January 4, 1990 Korean-American Victory “92, 9/21/92 [1]"
PZA0003392,[OA/ID 07580],PZA0003392,부시,1992,PZA0003392,,"메모, 팩스, 사전, 연설문, 기록물 매수 70 형 태 비망록",233,"이 기록물철은 미국 부시 대통령의 한미친선대회에서 연설에 대한 자료, 1988년 서울 올림픽 태권도 종 목에 대한 검토, 1992년 5월 7일, 한인공동체 지도자들과의 의견교류 내용에 대한 것이다.","[Message] from J. Bunton to Christina Martin | [Facsmile Transmittal Sheet] from Valerie Brooks to Jeannie Bunting | [“As God is my witness -- I’ll never change my name again”] | Memorandum from Curt Smith to George Bush: Proposed Remarks to Korean-American Rally | [Message] from J. Bunton to Christina Martin | Memorandum from Curt Smith to George Bush: Proposed Remarks to Korean-American Rally | [CFTC Fax] from Joe to Jeannie Bunton | [Facsimile Transmittal Sheet] from John Sitilides to Geanie[Jeannie] Bunton | Presidential Remarks: Korea-American Rally, New York, New York, Monday, September 21, 1992 | [For Immediate Release, March 17, 1992] | [2:00 p.m. News Update, Friday, September 18, 1992] | [Notes: The Korean-American community is, overall, economically cohesive and strong] | Summer Olypics/ Seoul “88; Taekwondo Overview | Korea’s Big Push Has Just Begun | [Date: September 18, 1992] | Inventors Flaunt Wares at Tokyo Genius Show | [Date: September 18, 1992] | Advances; A Bicycle Easy to Ride, Hard to Sell | Inventions | New York Business Briefs | Korea Already Celegrating Its 1988 Olympic “Coming of Age” | Remarks and Exchange With Leaders of the Korean Community in Los Angeles, May 7, 1992 Korean-American Victory “92, 9/21/92 [2]"
PZA0003393,[OA/ID 07580],PZA0003393,부시,1986,PZA0003393,10,서한,234,이 기록물철은 1992년 미국 선거에 입후보한 주요 한인 후보자에 대한 내용으로 젊은 미주 한인들이 투 표 독려운동을 한다는 보고 내용이 포함되어 있다.,"Korea (South)/Commerce | Why Wendy Gramm is Ms. Popularity in the PITS | [CFTC Fax] from David Gary to John Stintson | Polling Power; Young Korean-Americans launch bold voting drive | [Award Recipients] | Bulls’ NBA Victory Sparks Chicago Riots; 1,000 Arrested, Scores Injured in Scattered Violence, Police Report | Stranger Helps Heal Looted Store’s Scars | [Korean-Americans in NYC] | [Korean-Americans leaders/success stories] | [Award Recipients] | Korean family gets money to rebuild | The Great Escape; Korean Merchants Drawn to County after L.A. Riots | [Jay Kim -- if elected will be the first Korean-American in Congress] | [Notes: The Korean-American community is, overall, economically cohesive and strong] | [Korean Inventions] | Letter for Christina Martin, September 18, 1992 National Assembly of Korea, 2/27/89 [1]"
PZA0003394,[OA/ID 06343],PZA0003394,부시,1989,PZA0003394,70,"비망록, 연설문",235,"이 기록물철은 한국전쟁, 한국전쟁 당시 1951년 미국 연보 등의 사전 자료, 1798~1983년까지 미국 대 통령의 외국 방문 목록, 1982년 4월 25일, 미국 부시 부통령의 한국 전방부대 방문 보고, 1983년 11월 12일, 미국 부시 부통령의 한국 국회에서의 연설 내용, 1960년 6월 19일, 아이젠하워 대통령의 한국 도 착 성명, 1966년 10월 31일 존슨 대통령의 방한시 시청 광장 환영식에서의 연설 내용 등으로 구성되었다.","Memorandum from Roger B. Porter to Chriss Winston: Presidential Remarks: Seoul, South Korea | The Koreans Russell Warren Howe | Seoul Mega-Games Bring Fame -- And Shame | The Spirit Flames Anew | [Churchill] | [Douglas MacArthur: Farewell Address to Congress] | [Korea: 5. Liberation, Division, and the Korean War - 6. Reunification Efforts] | [Korean War] | [The Annals of America : 1951] | Embargoed Until 2:30 p.m., Monday, April 26, 1982 | Lists of Visits of Presidents of the United States to Foreign Countries, 1789-1983 | Embargoed Until 2:30 p.m., Monday, April 26, 1982 | [Address before the Korean National Assembly in Seoul, November 12, 1983] | [Dwight D. Eisenhower, 1960: Remarks Upon Arrival at Kimpo International Airport in Seoul. June 19, 1960] | [Lyndon B. Johnson, 1966: Remarks at the Welcoming Ceremony at City Hall Plaza, Seoul, Korea. October 31, 1966] | [Bush-Korea, April 26, 1982] | [Vice President Visit Forward Army Units in Korea, April 25, 1982] | [205 South Korea - Troop Withdrawals] | [Dissidents, April 27, 1982] | [Bush Tours Far East; Affirms U.S., S. Korean Ties, May 14, 1982] National Assembly of Korea, 2/27/89 [2]"
PZA0003395,[OA/ID 06343],PZA0003395,부시,1988,PZA0003395,70,"기사, 사전",237,"이 기록물철은 인권 침해 국가인 쿠바, 북한에 대한 보고서로 한국의 대선, 국가지리, 북한 실상, 주한 미군, 한미관계, 통일 문제, 남북관계, 한미통상문제, 광주 청문회, 전두환 대통령의 사과, 반미주의 등에 관한 언론 기사 스크랩 자료가 포함되어 있다.","Report: Cubam North Korea top rights violators | [Far Eastern Economic Review: Korea-South] | Cover Story - South Korea: Little buddy grows up | Cover Story - Korea: Trading Comrades | Crippled by the Chun scandal, Roh faces test at the polls | National Geographic, August 1988 | For North Korea, A Harch Portrait | America bashing jolts U.S. troops in South Korea | South Koreans Redefine Ties to US | Woe to Those Who Try to Slow Asia 1989 | Korea’s March to Reunification | U.S. Prodding to Cut Trade Imbalance Is Stirring Hornets’ Nest in South Korea | Dreams and Realities of Korean Unification | Tourism project may lead way for two Koreas | Demands by North Bring Shaky Start to Korean Talks | Kwangju Hearings Have South Koreans Spellbound | Ex-President Apologizes to South Koreans | Chun’s Apology: Democracy Needs Better Model | Roh Appeals to S. Koreans to Forgive Chun | Anti-Americanism Heads South of the Korean Divide | Seoul Poised to Rein in Intelligence Units | Korea Asks: Is Disgrace Enough for Its Ex-President? Seoul, [South Korea] [n.d.] [1]"
PZA0003396,[OA/ID 07565],PZA0003396,부시,1990,PZA0003396,78,"사전, 보고서, 기사",238,"이 기록물철은 1991년 6~8월까지 아시아와 1990년 4월~1991년 4월까지 부시 행정부에 대한 언론 (Economist) 기사 스크랩 자료와 아시아 여행에 대한 자료, 아시아의 각종 통계 자료, 한국의 통일 정책 에 대한 한국정부의 대외정보서비스 내용 등으로 구성되어 있다.","[Withdrawal Sheet] “Themes for Asia Trip.” | [IV Educational and Scientific Innovation] | Economic Themes for the President’s Trip to Asia | [Withdrawal Sheet] “Korea - Financial Services.” | [Withdrawal Sheet] “Japan - Economic Themes.” | [Withdrawal Sheet] “Australia - Economic Themes.” | [Withdrawal Sheet] “Singapore - Financial Services.” | [Withdrawal Sheet] “SII - U.S. Commitments.” | Korean Overseas Information Service/Seoul, Korea, December 1990 | The Economist August 24th 1991 - Asia | The Economist August 10th 1991 - Asia | The Economist July 27th 1991 - Asia | The Economist July 6th 1991 - Asia | The Economist June 22nd 1991 - Asia | The Economist June 15th 1991 - Asia | Administration of George Bush, 1990 / Apr. 27 | Administration of George Bush, 1991 / Apr. 4 | Administration of George Bush, 1991 / Feb. 6 | Administration of George Bush, 1990 / June 28 | Administration of George Bush, 1990 / Mar. 15 | Administration of George Bush, 1990 / Mar. 13 | Administration of George Bush, 1990 / Mar. 3 | Administration of George Bush, 1990 / Apr. 27 | Administration of George Bush, 1990 / Apr. 17 | Administration of George Bush, 1990 / Apr. 12 | Administration of George Bush, 1990 / Apr. 6 Seoul, [South Korea] [n.d.] [2]"
PZA0003397,[OA/ID 07565],PZA0003397,부시,1991,PZA0003397,53,"사전, 기사",239,"이 기록물철은 1991년 2~4월 한국의 현황 정보 노트, 국립묘지, 청와대, 서울과학고등학교, 주한 미대 사공관, 용산 미군부대 관련 정보와 1991년 10월 22일 서울 신라호텔에서 미국 부시 대통령의 방한 준비 단에 관련된 모임 소식 내용으로 구성되어 있다.","[KORAI] | [Seoul] | [Background Notes: South Korea, April 1991] | [Message] from Francis McFaul to Jeanie[Jeannie] Bunton | [Withdrawal Sheet] “Themes for Asia Trip.” | [IV Educational and Scientific Innovation] | Korean Overseas Information Service/Seoul, Korea, February 1991 | Pre-Advance for Presidential Visit October 22-23, 1991, Shilla Hotel | [Hyun-Choong Gate] | The National Cemetery, Nation’s Holy Grounds | The National Cemetery Guide Map | The National Assembly | The Blue House | Seoul Science High School | Ambassador’s Residence | U.S. Forces at Yongsan | [Message] from Rick Fisher to Jeannie Bunton Seoul, [South Korea] [n.d.] [3]"
PZA0003398,[OA/ID 07565],PZA0003398,부시,1987,PZA0003398,25,"사전, 기사, 초안, 보고서",240,이 기록물철은 1987~1989년 한국의 현황 정보로 공개되어 있는 사전적 자료가 대부분을 차지한다.,"[Withdrawal Sheet] Departure Statement, re: Korea | [Withdrawal Sheet] “Themes for Remarks on Science and Technology Cooperation at the Korean Institute of Science and Technology.” … | [Korea -- From National Geographic, August 1988] | [Background Notes: [South] Korea, April 1987] | [Background Notes: [North] Korea, July 1989] | Economic Themes for the President’s Trip to Asia | [Withdrawal Sheet] “Korea - Financial Services.” State Toast-Korea, 1/6/92"
PZA0003399,[OA/ID 07565],PZA0003399,부시,1991,PZA0003399,74,"연설문, 기사, 팩스",241,"이 기록물철은 1991년 7월 2일 미국 부시 대통령 환영 만찬회에서의 답사, 1991년 12월 11일 용산 미군 기지 실내체육관에서 재한미국인 협회의 환영식에서 대통령의 발언, 1991년 1월 6일 주한 미대사 공관에 서 환영만찬회에서의 축사, 1991년 1월 6일 청와대에서의 환영만찬에서의 건배사, 행사 참석자 명단 등 에 대한 내용으로 한국의 격언 자료(100개 수록), 부시의 방한에 대한 한국 언론의 기사 자료 스크랩, 영 부인 바바라 부시 여사의 일정표 등이 포함되어 있다.","[Remarks by the President and President Roh in Exchange of Toasts] | Memorandum for Dave Demarest: Proposed Remarks for State Dinner Toast, Seoul, Republic of Korea | Presidential Remarks: Toast at State Dinner in Honor of President Roh Tae Woo of the Republic of Korea, The East Room, July 2, 1991 | [10:30 a.m. News Update] | Presidential State Dinner Toast: Ambassador’s Residence, Monday, January 6, 1991, 7:30 p.m. (Dec. 19, 1991 [KTOAST], Draft One) | Presidential State Dinner Toast: Ambassador’s Residence, Monday, January 6, 1991, 7:30 p.m. (Dec. 19, 1991 [KTOAST], Draft One) | Presidential Remarks: Embassy/ American/ Korean Military Greeting, Yongsan, Korea, Monday, January 6, 1991 2:40 p.m. (Simon-Bunton, Dec. 18, 1991, KG, Draft Four) | Presidential Remarks: American Community Greeting, Collier Field House, January 5, 1991, 4:30 p.m. (Bunton, Dec. 11, 1991, ACOMGREET, Draft Two) | Presidential Remarks: American Community Greeting, Collier Field House, January 5, 1991, 4:30 p.m. (Bunton, Dec. 11, 1991, ACOMGREET, Draft Two) | Presidential Remarks: American Community Greeting, Collier Field House, January 5, 1991, 4:30 p.m. (Bunton, Dec. 11, 1991, ACOMGREET, Draft One) | Presidential Remarks: American Community Greeting, Collier Field House, January 5, 1991, 4:30 p.m. (Bunton, Dec. 11, 1991, ACOMGREET, Draft Two) | Administration of George Bush, 1991 / July 2 | Korean Proverbs | [EAP Fax from Jonathan McHale to Jeannie Bunton] | Really, this was the Bushes’ last “last state dinner” | Protesters couldn’t dampen this affair | The Sport of President; At the White House, Tennis & Toasts for Korea’s Roh | Milestone for the Bush Matriarch | [that ribbon of land at the 38th parallel will bind your nation’s halves] | Presidential State Dinner Toast: Ambassador’s Residence, Monday, January 6, 1991, 7:30 p.m. (Dec. 19, 1991 [KTOAST], Draft One) | Presidential Toast State Dinner | Presidential Dinner Toast: Ambassador’s Residence, Monday, January 6, 1991, 7:30 p.m. (Dec. 18, 1991 [KTOAST], Draft One) | Presidential State Dinner Toast: Ambassador’s Residence, Monday, January 6, 1991, 7:30 p.m. (Dec. 19, 1991 [KTOAST], Draft One) Korean Veterans Memorial, 6/14/92"
PZA0003400,[OA/ID 07576],PZA0003400,부시,1992,PZA0003400,109,"메모, 비망록, 서한, 기사",242,"이 기록물철은 1992년 6월 14일(일) 애쉬 우즈(Ash Woods)에서 개최된 한국전쟁 기념비 기념식에서 미국 부시 대통령의 발언 내용, 기념비 착공행사의 개요, 참석자 명단, 세부일정 내용, 행사에 대한 관련 기사 자료로 한국전쟁, 낙동강 전투, 미국의 흑인과 백인에 대한 연감 등에 대한 것이다.","Presidential Remarks: Korea War Memorial Ash Woods Sunday, June 14, 1992, 2:30 p.m. (Smith/Gershow- itz, June 9, 1992) | Presidential Remarks: Korea War Memorial Ash Woods Sunday, June 14, 1992, 2:30 p.m. (Smith/Gershow- itz, Draft Two, June 7, 1992) | Memorandum from Bill Caldwell to Gary Gershowitz, June 4, 1992 | Korean War Almanac | Information/ Facts for Curt Smith | [Memo] from JB to Gary Gershowitz | Letter from Robert Hansen to LeighAnn Metxger, April 12, 1992 | [The Korean War Veterans Memorial in the Nation’s Capital Ground Breaking Ceremony] | Naktong Perimeter, Battle of | Information/ Facts for Curt Smith | Task Force | [The President of the United States in the name of The Congress takes Pleasure in presenting the MEDAL OF HONOR to Lieutenant Colonel Raymond G. Davis United States Marine Corps] | Chronology | Introduction | [There is one very important fiscal issue that I think deserves mentioning…] | Memorandum from Bob Hansen to Bill Caldwell: Ground Breaking Ceremony | Sequence of Events Korean War Veterans Memorial in the Nation’s Capital | General Raymond G. Davis, USMC (Retired) | [The Korean War Veterans Memorial in the Nation’s Capital Ground Breaking] | [Facsimile Transmittal Form] from Ray Wonnelly to Gary Gershowitz | [Facsimile Transmittal Form] from Brian Fiffe to Gary Gershowitz | [Facsimile Transmittal Form] from Brian Fiffe to Gary Gershowitz | [Facsimile Transmittal Form] from Bob Hansen to Bill Caldwell | [Facsimile Transmittal Form] from Brian Fiffe to Gary Gershowitz | Presidential Remarks: Korea War Memorial Ash Woods, Sunday, June 14, 1992, 2:30 p.m. (Smith/Gershow- itz, June 9, 1992) | [The Korean War Veterans Memorial in the Nation’s Capital Ground Breaking Ceremony] | Memorandum from Gary Gershowitz to Christina Martin: Acknowledgments for Korean War Veterans Speech | Memorandum from Curt Smith to George Bush: Proposed Remarks to Korean War Veterans in Honor of the Korean War Veterans Memorial | Korean War Almanac | Black & White in America | Korean War Almanac American Chamber of Commerce Lunch-Seoul, South Korea,"
PZA0003401,1/6/92 [OA/ID 06095],PZA0003401,부시,1991,PZA0003401,23,"비망록, 연설문",244,"이 기록물철은 1991년 1월 6일 서울 주한미국상공회의소 오찬에서의 발언 준비문, 용산 한국군 사열식 에서의 발언준비문 그리고 주한미국대사공관에서의 환영만찬 건배사 자료로 구성되어 있다.","Administration of George Bush, 1992 / Jan. 6 | Memorandum from Mary Kate Grant to George Bush: Proposed Remarks for the American Chamber of Commerce Lunch, Seoul, Korea | Memorandum from Ronald E. Vonlembke to Tony Snow: Presidential Remarks: Embassy/American/Ko- rean Military Greeting, Yongsan, Korea -- January 6, 1992 | Presidential State Dinner Toast: Ambassador’s Residence, Monday, January 6, 1991, 7:30 p.m. (Dec. 19, 1991 [KTOAST], Draft Two) Arrival Ceremony for President Roh Tae Woo"
PZA0003402,"of Korea, 7/2/91 [OA/ID 06035]",PZA0003402,부시,1991,PZA0003402,76,"비망록, 연설문",244,"이 기록물철은 1991년 7월, 한국 노태우 대통령의 방미시, 미국 부시 대통령과 한국 노태우 대통령의 입국 축하 행사시의 성명 내용, 각자의 연설문 내용으로 구성되어 있다.","[Remarks by the President and President Roh Tae Woo of the Republic of South Korea upon Arrival] | Presidential Remarks: Arrival Ceremony for President Roh Tae Woo of the Republic of Korea, The South Lawn, July 2, 1991, 11:00 am | Presidential Remarks: Toast at State Dinner in Honor of President Roh Tae Woo of the Republic of Korea, The East Room, July 2, 1991 | [Staffing Memorandum] Presidential Remarks: Arrival Ceremony and Toast for Pres. Roh Tae Woo | Presidential Remarks: Arrival Ceremony for President Roh Tae Woo of the Republic of Korea, The South Lawn, July 2, 1991, 11:00 am | Presidential Remarks: Toast at State Dinner in Honor of President Roh Tae Woo of the Republic of Korea, The East Room, July 2, 1991 | Memorandum from Dan McGroarty to George Bush: State Visit of South Korean President Roh Tae Woo | Memorandum from Stephen G. Rademaker to Tony Snow: Presidential Remarks: Arrival Ceremony and Toast for President Rah[Roh] Tae Woo | Arrival Ceremony for Pres. Roh Tae Woo of [of] Korea, The South Lawn / July 2, 1991 / 10:00 am | Toast in Honor of President Roh Tae Woo of the Republic of Korea / The East Room / July 2, 1991 / 7:15 p.m. | Memorandum from Dan McGroarty to George Bush: State Visit of South Korean President Roh Tae Woo | Memorandum from Dan McGroarty to George Bush: State Visit of South Korean President Roh Tae Woo | [Staffing Memorandum] Presidential Remarks: Arrival Ceremony and Toast for Pres. Roh Tae Woo | [Staffing Memorandum] Presidential Remarks: Arrival Ceremony and Toast for Pres. Roh Tae Woo | [Staffing Memorandum] Presidential Remarks: Arrival Ceremony and Toast for Pres. Roh Tae Woo | Memorandum from Roger B. Porter to Tony Snow: Presidential Remarks: Arrival Ceremony and Toast for President Roh Tae Woo Blue House Toast, Seoul, Korea,"
PZA0003403,2/27/89,PZA0003403,부시,1989,PZA0003403,5,연설문,246,"이 기록물철은 1989년 2월 27일 미국 부시 대통령의 한국 순방일정 중, 청와대에서의 오찬 행사에서 미국 부시 대통령 연설문 내용이다. 동 연설에서 부시 대통령은 지금까지 한국은 남북 갈등 상황 속에서 도 놀라운 경제적 성장을 이룩하였지만, 이제는 민주주의에 더 방점을 찍는 정책을 펼쳐야할 시기라고 강 조하면서, 한국 국민들이 ‘목말라 하고 있는’ 민주주의에 대한 성과를 보여야 하고 이를 위해 미국 정부가 ‘적극적으로’ 협력할 것을 공언하였다.","Presidential Remarks: Blue House Lunch Toast, Seoul, South Korea, February 27, 1989 ((McIntyre, edit), February 17, 1989, 5:30 p.m.) | Presidential Remarks: Blue House Lunch Toast, Seoul, South Korea, February 27, 1989 ((McIntyre), Febru- ary 15, 1989, 4 p.m.)"
PZA0003404,"Korean General Assembly, 2/27/89 [1]",PZA0003404,부시,1989,PZA0003404,42,"연설문, 비망록, 발언요지",246,"이 기록물철은 1989년 2월 27일 미국 부시 대통령의 한국 순방일정 중, 국회에서의 미국 부시 대통령 연설, 주한 미대사 공관에서의 발언 내용에 대한 것이다. 먼저 한국 국회에서의 연설에서 부시 대통령은, 한국은 미국이 지켜낸 자유의 이념 하에서 경제성장과 민주주의를 동시에 이룩한 가장 성공적인 국가임을 강조하면서, 2차 세계대전에서의 일본과의 전쟁, 한국 전쟁에서 북한 및 공산주의자들과의 전쟁을 경험한 국가로서 그러한 역사에도 불구하고 괄목할만한 성장을 거두었음에 감탄을 표명하였다. 나아가 현재 한국은 경제적으로 이미 세계적 국가의 반열에 들어 섰으며, 이에 따라 이번 회담에서 미국 정부는 일본, 중국과 마찬가지의 수준에서 한국이 동아시아의 삼 두마차로서 미국과의 쌍무적 협력은 물론이고, 세계적 혹은 지역적 문제에 관해 협력해야할 주요 국가임 을 강조하였다. 또한 이러한 위치에 맞게 추후 한국 역시도 자유무역과 무역개방이라는 세계적 경제흐름 에 동참해야 함을 주장하면서, 한국의 경제성장 경험과 현재의 경제적 위치를 고려할 때, 세계 경제의 성 장을 촉진하면서도, 한국의 지속적인 경제성장이 가능할 것임을 강조하였다. 주한 미대사 공관에서의 연설에서는, 시장개방과 이를 통한 더 많은 경제성장이란 과제를 아시아-태 평양 지역에서 한국과 함께 협력하여 진행할 필요가 있음을 강조하고, 이를 위해 노력해줄 것을 당부하 는 내용이 포함되어 있다.","Remarks by the President to the National Assembly - Seoul, Korea | Presidential Remarks: The National Assembly of Korea, Seoul, South Korea, February 27, 1989 | Presidential Remarks: Ambassador’s Residence, Seoul, South Korea, February 27, 1989 ((McIntyre, edit), February 17, 1989, 5:30 p.m.) | Presidential Remarks: Ambassador’s Residence, Seoul, South Korea, February 27, 1989 ((McIntyre), Febru- ary 15, 1989, 5:30 p.m.) | Remarks by the President to the National Assembly - Seoul, Korea | [Staffing Memorandum] Presidential Remarks: 1. The National Assembly of Korea (2/18 - 2:50 p.m.), 2. Blue House Lunch Toast (2/17 - 5:30 p.m.), 3. Ambassador’s Residence, Seoul, South Korea (2/17 - 5:30 p.m.)"
PZA0003405,"Korean General Assembly, 2/27/89 [2]",PZA0003405,부시,1989,PZA0003405,88,"연설문, 비망록",247,"이 기록물철은 1989년 2월 27일 미국 부시 대통령의 한국 순방일정 중, 국회에서의 미국 부시 대통령 연설문 내용, 청와대 오찬장에서의 연설, 주한 미대사 공관에서의 발언과 관련한 내용으로 구성되어 있다.","[Staffing Memorandum] Presidential Remarks: 1. The National Assembly of Korea, 2. Blue House Lunch Toast, 3. Ambassador’s Residence, Seoul, South Korea | [Staffing Memorandum] Presidential Remarks: 1. The National Assembly of Korea, 2. Blue House Lunch Toast, 3. Ambassador’s Residence, Seoul, South Korea | [Staffing Memorandum] Presidential Remarks: 1. The National Assembly of Korea, 2. Blue House Lunch Toast, 3. Ambassador’s Residence, Seoul, South Korea | Memorandum from Nelson Lund to Chriss Winston: Presidential Remarks: 1) The National Assembly of Korea, 2) Blue House Lunch Toast, 3) Ambassador’s Residence, Seoul, South Korea | Memorandum from Denise Schwarz to Jim Cicconi: Presidential Remarks: 1. The National Assembly of Korea, 2. Blue House Lunch Toast, 3. Ambassador’s Residence Seoul, South Korea Log #007665 | [Staffing Memorandum] Presidential Remarks: 1. The National Assembly of Korea, 2. Blue House Lunch Toast, 3. Ambassador’s Residence, Seoul, South Korea | [Staffing Memorandum] Presidential Remarks: 1. The National Assembly of Korea, 2. Blue House Lunch Toast, 3. Ambassador’s Residence, Seoul, South Korea Korean War Memorial, 6/14/89 [1]"
PZA0003406,[OA/ID 02785],PZA0003406,부시,1989,PZA0003406,32,"연설문, 비망록",248,"이 기록물철은 1989년 6월 14일 워싱턴 로즈가든에서 열린 한국전쟁 참전용사 기념비 건립식과 관련 하여, 미국 부시 대통령의 연설문 및 연설 Q카드 내용이다. 동 연설에서 미국 부시 대통령은, 한국전쟁은 자유의 상징이자 자유를 수호하기 위해 공산주의와 싸운 미국인 애국자들이 헌신한 전쟁으로 규정하고, 한국전쟁을 통해 미국의 자유세계 전선이 동아시아에 ‘그어질 수’ 있었음을 강조하였다. 기타 동 기념비 건립에는 미국 하원을 중심으로 수립된 전미 참전추모 위원회(American Battle Monuments Commis- sion)가 핵심적 역할을 하였으며, 참전용사를 포함 170여명이 동 행사에 참석하였다는 점이 제시되었다.","Presidential Remarks: Korean War Memorial, Rose Garden, Wednesday, June 14, 1989 ((Smith/Blessey) June 13, 1989, Draft Six) | Memorandum from Curt Smith to George Bush: Korean War Veterans Memorial | Memorandum from Roger B. Porter to Chriss Winston: Presidential Remarks: Korean Memorial | Remarks: Korean War Memorial, Rose Garden, Wednesday, June 14, 1989 | [Or General Al Gray, who volunteered twice to serve at the front line] Korean War Memorial, 6/14/89 [2]"
PZA0003407,[OA/ID 02785],PZA0003407,부시,1989,PZA0003407,51,"연설문, 비망록, 메모",249,"이 기록물철은 1989년 6월 14일 워싱턴 로즈가든에서 열린 한국전쟁 참전용사 기념비 건립식과 관련 하여, 미국 부시 대통령의 연설문 초안, 연설문, 연설 Q카드와 동일한 내용을 백악관 보좌관 간 상호 교 환하는 내용 등이 포함되어 있다.","[Staffing Memorandum] Presidential Remarks: Korean Memorial | [Staffing Memorandum] Presidential Remarks: Korean Memorial | Memorandum from Jim Pinkerton to Chriss Winston: Korean Memorial Speech Draft | [Staffing Memorandum] Presidential Remarks: Korean Memorial | Memorandum from Brent O. Hatch to Chriss Winston: Presidential Remarks: Korean Memorial | [Staffing Memorandum] Presidential Remarks: Korean Memorial | Remarks: Korean War Memorial, Rose Garden, Wednesday, June 14, 1989 | [Remarks by the President at Ceremony for Winning Design for Korean War Memorial] Korean War Veterans Memorial Fundraising Dinner, 4/26/90"
PZA0003408,[OA/ID 04729],PZA0003408,부시,1990,PZA0003408,12,"연설문, 비망록",250,"이 기록물철은 1990년 5월 1일 옴니 쇼어햄(Omni Shoreham) 호텔에서 열린, 한국전쟁 참전용사 기 념비 건립을 위한 모금 만찬행사에서 미국 부시 대통령의 연설문 초안 및 연설문 내용이다. 동 연설에서 미국 부시 대통령은, 1951년 5월부터 시작된 한반도에서의 대공세로 인해 많은 미국인 사상자가 발생하 였으며, 오늘의 만찬은 39년 전 이 날, 자유를 위해 헌신한 ‘애국자’들을 기억하는 자리임을 강조하였다. 나아가 기념비 건립을 통해 “잊혀진 승리”로 불리우는 한국전쟁을 다시 되새기고, 39년 전 한국에서의 전 쟁은 미국 정치의 기반이자 핵심인 민주주의와 자유의 대원칙을 지키기 위한 것이었음을 기억하며, 이를 위해 헌신한 미국인을 추도해야할 의무가 현재의 미국인에게 있음을 주장하면서, 기념비 건립을 위한 모 금의 의의를 강조하였다.","Memorandum from Jim Pinkerton to Chriss Winston: Korean War Veterans Memorial Fundraising Dinner Korean-American Rally, 9/21/92"
PZA0003409,[OA/ID 05813],PZA0003409,부시,1992,PZA0003409,100,"연설문, 비망록",250,"이 기록물철은 1992년 9월 21일 뉴욕에서 열린 한미 친선대회에서 미국 부시 대통령이 발언한 연설문 초안, 연설문, 연설 Q카드에 관한 내용으로 구성되어 있다.","Korea-American Rally / New York, New York / Monday, September 21, 1992 / 6:30 p.m. | [Message] from J. Bunton to Christina Martin | [Message] from Claire Turrey to Christina Martin | [Staffing Memorandum] Presidential Remarks: Korean-American Rally, New York, NY - 09/21 | Memorandum from Stephen G. Rademaker to Daniel B. McGroarty: Presidential Remarks: Korea-Ameri- can Rally | [Memo] from Ronald C. Kaufman to Dan McGroarty | Memorandum from Curt Smith to George Bush: Proposed Remarks to Korean-American Rally | [Staffing Memorandum] Presidential Remarks: Korea-American Rally, New York - Monday, September 21 | Memorandum from Curt Smith to George Bush: Proposed Remarks to Korean-American Rally | [Executive Secretariat Staffing Document] | [Staffing Memorandum] Presidential Remarks: Korea-American Rally, New York - Monday, September 21 | [Staffing Memorandum] Presidential Remarks: Korea-American Rally, New York - Monday, September 21 | [Staffing Memorandum] Presidential Remarks: Korea-American Rally, New York - Monday, September 21 Office of Public Liaison - Briefing Book for POTUS Trip to Australia, Singapore, Korea,"
PZA0003410,and Japan 12/30/91 - 1/10/92,PZA0003410,부시,1992,PZA0003410,,"일정표, 정보 요약서, 기록물 매수 36 형 태 연설문, 비망록, 메모",251,"이 기록물철은 1992년 미국 부시 대통령의 아시아 순방 일정 중 한국 순방시의 1월 6일 공동 기자회견 발표문, 주한 미상공회의소의 오찬회담, 한국 국회에서의 연설, 캠프 케이시에서의 미국 부시 대통령 연설, 언론에 공개한 백악관의 정보요약서 내용을 포함하고 있다.","[Memo] for John, 1/25/92 | The Trip of the President to Australia, Singapore, Korea and Japan, December 30, 1991 - January 10, 1992 | The President’s Trip to Australia, Singapore, South Korea and Japan, December 30, 1991-January 10, 1992 | Letter from Sichan Siv, January 13, 1992 | Schedule of the President and Mrs. Bush | [List of Presidential Remarks] | Fact Sheets | [Remarks by the President upon Departure for Australia, Singapore, South Korea and Japan] | [U.S.-Korean Science and Technology Agreement] | [Remarks by the President in Working Breakfast with U.S. and Korean Business Group] | [Press Conference by President Bush and President Roh Tae Woo] | [Remarks by the President at U.S. Chamber of Commerce Luncheon] | [Remarks by the President in Address to the Korean National Assembly] | [Remarks by the President to U.S. and Korean Troops] | [Remarks by the President and President Roh in Exchange of Toasts] | [3:18 p.m. (L)]"
PZA0003411,"Woo, Roh Tae",PZA0003411,부시,1987,PZA0003411,3,서한,252,"이 기록물철은 한국 민주정의당 대통령 후보 노태우의 1987년 미국 방문시 당시 미국 부통령 부시와의 회담에 대한 답례서한으로서, 부시 부통령이 강조했던 한국 민주주의의 신장과 필요성에 공감하면서 추 후 한국의 민주주의 발전을 위해 노력하는 한편, 향후 미국 대선에서 부시가 승리하기를 기원하는 내용 으로 구성되었다.",[Work Sheet] Thank you for Warm Welcome
PZA0003412,Military Personal,PZA0003412,부시,1985,PZA0003412,5,서한,253,"이 기록물철은 1985년 10월 8일 북한에 억류된 군인인 조셉(Jpseph) 일병의 가족인 더글라스 메나치크 (Douglas Menarchik)가 미국 부통령 부시에게 보낸 서한으로, 조셉 일병에 대한 관련 정보 공개를 부통 령에게 요청하는 내용이다.",[Work Sheet] Missing Son in North Korea -PFC Joseph T.
PZA0003413,Invitations for 1986,PZA0003413,부시,1986,PZA0003413,5,서한,253,"이 기록물철은 1986년 6월 10일 한미 문화 예술인회(KAPAS)가 미국 부통령 부시에게 보낸 초청장으 로, 1986년 10월 26일 케네디 센터에서 열리는 한국의 무형 문화재 예술인(Living Treasures) 공연에 부시 부통령을 초청하는 내용이 포함되어 있다.",[Work Sheet] Invitation to Attend the Performance of the “Living treasures” of Korea at the Kennedy Center on 26 OCT 86
PZA0003414,Korean Dinner-April 25,PZA0003414,부시,1985,PZA0003414,62,"명단, 서한",254,이 기록물철은 1986년 4월 25일 미국에서 개최될 한국 전두환 대통령 내외 주최의 만찬에 미국 부통령 부시를 초청하는 내용의 서한 및 참가자 명단으로 구성되어 있다.,"[Memo] from Gahl L. Hodges to Diane: 8 April, 1985 | Memorandum: Guest List for Vice President’s Dinner in honor of President Chun of Korea | Memorandum from Craig L. Fuller to Barbara Bush: Korean Dinner | Memorandum from Diane Gugliemino to Craig L. Fuller: Korean Dinner, Apr 25, 1985 | [Memo] Korean dinner | Memorandum of call | [Memorandum] for Diane | Letter from Anna Chennault to Vice President and Mrs. Bush: 2 Apr, 1985 | [Scheduling control sheet] | [Memo] from Susan to Craig | Memorandum: Vice President’s Guest list for dinner in honor of President Chun of South Korea, April 25, 1985 | Memorandum: Vice President’s Guest list for dinner in honor of President Chun of South Korea, April 25, 1985 | Letter from Stanley S. Scott to George bush: 28 Mar, 1985 Coffee for Mrs. Chun Doo Hwan [Korea], Thursday, March 24, 1988, 10:30 a.m.,"
PZA0003415,Vice President’s House,PZA0003415,부시,1988,PZA0003415,19,"메모, 발언요지, 서한, 약력",255,이 기록물철은 1988년 3월 24일 당시 미국을 방문 중이던 전직 한국 대통령 전두환의 영부인 이순자 를 미국 부통령 부시의 영부인인 바바라 부시(Barbara Bush)가 미국 부통령 공관으로 초청하는 티타임 행사와 관련한 서한 및 이순자 여사의 약력 등에 관한 문건이다. 당시 티타임 행사를 위해 준비된 부시 여사의 발언문은 비공개 기록물 목록으로 내용을 확인할 수 없다.,"[Memo] contact, Dan Powers, Protocol, State Dept | [Memo] | [Memo] | Mrs. Bush’s Guest List for coffee with Mrs. Chun Doo Hwan, wife of the former President of the Republic of Korea | This is a cover sheet | [Memo] from Rosemary to Mrs. Bush | Memorandum from Susan Porter rose to Laurie Firestone: Upcoming at the Vice President’s House | Biographical Data: Lee Soon Ja | Mrs. Bush’s Guest List for coffee with Mrs. Chun Doo Hwan, wife of the former President of the Republic of Korea | [Memo] from Rosemary to Mrs. Bush Dinner for President Chun Doo Hwan (Korea), Thursday, April 25, 1985, 7:20 p.m.,"
PZA0003416,Vice President’s House,PZA0003416,부시,1985,PZA0003416,83,"명단, 비망록, 메모, 저널",256,"이 기록물철은 1985년 4월 25일 미국 부통령 부시의 명의로 미국 부통령 관저에서 개최된 한국 전 두환 대통령 방한 환영만찬회와 관련된 문건으로, 참가자 명단, 한미 관계에 대한 신문기사, 행사준비 관련 비망록 및 메모 등으로 구성되었다. 특히 아시아 스터디 센터(Asia Studies Center)에서 발간된 백그라운더(Backgrounder) 저널에 따르면, 당시 미국 언론은 전두환 및 한국과의 관계에 대해 다음과 같이 정리하고 있다. 첫째 전두환은 한국의 5번째 대통령으로서, 박정희 대통령에 대한 국내적 불신이 증가하여 발생한 대 통령 암살사건 이후, ‘비교적’ 평화롭게 권력을 이양받았다는 점, 둘째 한미 무역량은 1970년대 후반부터 크게 증가하였으며, 1983년 한국의 1인당 GNP는 총 2,000 달러에 이르는 등 전두환 대통령 취임 이후 급격한 경제성장을 보이고 있다는 점, 셋째 전두환은 취임 이후 동북아시아(일본, 소비에트 연방, 중화인 민공화국)에 대한 외교관계 개선을 화두에 두고 있으며, 이는 미국의 북방정책과도 연계되어 있다는 점, 넷째 남북관계로서 이산가족상봉 계획이 추진되는 등 이전 정권과는 다른 유화적 제스처가 발휘되고 있 다는 점, 다섯째 한미 군사관계로서 북한의 특수전력 증강에도 불구하고 동북아시아에서 한미 연합군 전 력은 비교적 안정적인 것으로 보인다는 점, 여섯째 미국 레이건 대통령이 한국 내 민주주의 및 인권 향상 의 필요성, 미국 수출품에 대한 규제 완화, 남북적십자 회담 및 대화에 대한 정보 공개 등을 전두환 대통 령에게 요구하였다.","Memorandum: Seating Plan for the Vice President’s dinner in honor of President Chun (4/25) | Memorandum: Vice President’s Guest list for dinner in honor of President Chun of South Korea | Chun’s visit marks South Korea’s New ties with the U.S. by Asian Studies Center “Backgrounder” | Memorandum: Vice President’s Guest list for dinner in honor of President Chun of South Korea, April 25, 1985 | [Memorandum] from Jennifer A. Fitzgerald to the Vice President: Vice President and Mrs. Bush host dinner in honor of Korean President Chun Doo Hwan | [Memorandum] from Susan to Craig: Suggestion for Korean dinner guest | Korean Dinner | Memorandum from Craig L. Fuller to Barbara Bush: Korean Dinner | [Memo] from Pamela Gardner to Julie | [Withdrawal Sheet] Nicholas Platt to Donald P. Gregg, re: Guest List for the Vice President’s Dinner in honor of the Korean President | Proposed Guest list for the vice President’s dinner in honor of President and Mrs. Chun of Korea Tea with Mrs. Hwang San Sung of Korea, Tuesday, July 20, 1982, 2:30 p.m.,"
PZA0003417,Vice President’s House,PZA0003417,부시,1982,PZA0003417,14,"명단, 메모, 노트",257,"이 기록물철은 1982년 7월 20일 미국 부통령 관저에서 부통령 영부인 바바라 부시(Barbara Bush) 명 의로 한국 황산성 여사와 가진 티타임 행사에 관한 문건으로, 초청자 명단과 동 인원에 대한 개인정보에 관한 내용으로 구성되어 있다.","Event at residence | [Withdrawal Sheet] Julie Cooke to Uniformed Division, VP Secret Service, Residence, re: Gate List for Appointment with the Vice President/ Mrs. Bush at the [Vice President’s] Residence; passport and Social Security numbers redacted | [Withdrawal Sheet] Julie Cooke to Uniformed Division, VP Secret Service, Residence, re: Gate List for Appointment with the Vice President/ Mrs. Bush at the [Vice President’s] Residence; passport and Social Security numbers redacted | [Withdrawal Sheet] Rosemary to Julie [Cooke], re: meeting with Mrs. Bush and Mrs. Hwang San Sung of Korea; Social Security number redacted | Memorandum from Nancy Bearg Dyke to Julie Cooke: Request for Meeting with Mrs. Bush | [Withdrawal Sheet] Re: meeting of Mrs. Bush with Mrs. Hwang San Sung and interpreter, Prof. Kim Kum- Ok; passport numbers redacted | Memorandum from Julie Cooke to Laurie Firestone: Upcoming Occasion at the Vice President’s House Barbara Bush / George Bush Trip to Seoul,"
PZA0003418,"South Korea - April 25-27, 1982",PZA0003418,부시,1982,PZA0003418,127,"일정, 전문, 메모, 서한",258,"이 기록물철은 1982년 4월 25~27일 미국 부통령 부시 내외의 한국 순방과 관련하여, 일정표 및 순방 관련 행정문서 전문을 포함, 바바라 부시(Barbara Bush)가 한국 초청에 대해 한국 정재계 인사들에게 보 낸 감사서한 등에 관한 문건이다. 동 순방에서 미국 부통령 부시 내외는 한국 국립박물관, 국회, 청와대 등을 방문하였으며, 바바라 부시의 한국 TV와의 인터뷰도 진행되었다. 동 인터뷰의 답변 내용은 비공개 기록물 목록으로 내용을 확인할 수 없다.","Ambassador & Mrs. Richard L. Walker (Celeno) | Korea: Mrs. Bush Thank you | Questions for Mrs. Bush’s TV Interview in Korea | Guest List: Dinner at the U.S. embassy club | [Withdrawal Sheet] To U.S. Embassy, Seoul, et al., re: Visit of Vice President Bush to Korea | [Memo] | [Memo] | Ambassador & Mrs. Richard L. Walker (Celeno) | [Withdrawal Sheet] Re: Mrs. Bush’s schedule at Kennebunkport, Maine; contains security information | Letter from Barbara Bush to Mrs. Chang Soon Yoo: 26 Apr, 1982 | Letter from Barbara Bush to Mrs. Chun Doo Hwan: 29 Apr, 1982 | Letter from Barbara Bush to Major Kenneth O. Reinhard, U.S.A.F: 21 May, 1982 | Letter from Barbara Bush to Mrs. Jung Nai Hyuk: 29 Apr, 1982 | Letter from Barbara Bush to Mrs. Lew Byong Hion: 29 Apr, 1982 | Letter from Barbara Bush to Mrs. John Wickham: 29 Apr, 1982 | Letter from Barbara Bush to Han Chul Mo: 29 Apr, 1982 | Letter from Barbara Bush to Miss. Lee Younsim: 29 Apr, 1982 | Letter from Barbara Bush to Dr. Strawn, Ms. Yang, Ms.Cha: 29 Apr, 1982 | Letter from Barbara Bush to Dr. Lee Tai-Young: 29 Apr, 1982 | Letter from Barbara Bush to general Che Sun U: 29 Apr, 1982 | Letter from Barbara Bush to general Kim Sul Kwan: 29 Apr, 1982 | Letter from Barbara Bush to Richard A. Pack: 29 Apr, 1982 | Letter from Barbara Bush to Miss Paul Cleveland: 29 Apr, 1982 | Letter from Barbara Bush to Mrs. Lho Shin- Yong: 29 Apr, 1982 | [Withdrawal Sheet] Handwritten letter from Barbara Bush to Mrs. Byong Hion Lew, re: silk gift; home ad- dress redacted | Letter from Barbara Bush to miss Richal Walker: 29 Apr, 1982 | DMZ trip - Sunday, April 25 | Telegram from Amembassy to RUEHGP/ Amembassy Singapore: Visit of Vice President Bush to Korea | Sikorsky H-3 Rescue Helicopter | Letter from Barbara Bush to Whang san sung: 26 Apr, 1982 | Mrs. Bush’s Schedule Sunday, April 25, 1982 Seoul Korea | Mrs. Bush’s Schedule Seoul Korea Monday, April 26, 1982 | Vice President Bush’s Trip to East Asia and The Pacific CO 82-2 [Countries:"
PZA0003419,Republic of Korea (South) (Seoul)],PZA0003419,부시,1981,PZA0003419,4,서한,259,"이 기록물철은 1981년 2월 16일자로 한국 전두환 대통령의 영부인 이순자가 미국 부통령 영부인 바바라 부시(Barbara Bush)에게 보낸 감사서한으로, 전두환 대통령의 미국 순방시의 노고에 대한 감사를 표명 하는 내용을 담고 있다.","Memorandum from Susan Porter Rose to Teresa Lauziere: Letter from Mrs. Bush to Mrs. Chun TR 2 [April 25 and 26, 1982 - Trips:"
PZA0003420,Vice President’s Trip - Korea],PZA0003420,부시,1982,PZA0003420,32,서한,260,"이 기록물철은 미국 부통령 부시의 1982년 4월 25~26일 한국 순방에 대해, 바바라 부시 여사가 4월 29일자로 한국 관계자들에게 보낸 감사 서한이다. 동 서한에서 바바라 부시는 부부 동반으로 면담을 가 진 각계 인사들과 그 부인, 그리고 바바라 부시의 티타임 행사에서 만난 각계 여성에 대해 친필로 감사서 한을 보냈다.","Letter from Barbara Bush to Mrs. Lew Byong Hion: 29 Apr, 1982 | Letter from Barbara Bush to Mrs. John Wickham: 29 Apr, 1982 | Letter from Barbara Bush to general Kim Sul Kwan: 29 Apr, 1982 | Letter from Barbara Bush to Mrs. Chang Soon Yoo: 26 Apr, 1982 | Letter from Barbara Bush to Whang san sung: 26 Apr, 1982 | Letter from Barbara Bush to Miss. Lee Younsim: 29 Apr, 1982 | Letter from Barbara Bush to Han Chul Mo: 29 Apr, 1982 | Letter from Barbara Bush to Mrs. John Wickham: 29 Apr, 1982 | Letter from Barbara Bush to Mrs. Lew Byong Hion: 29 Apr, 1982 | Letter from Barbara Bush to Miss. Lee Younsim: 29 Apr, 1982 | Letter from Barbara Bush to Han Chul Mo: 29 Apr, 1982 | Letter from Barbara Bush to Major Kenneth O. Reinhard, U.S.A.F: 21 May, 1982 | Letter from Barbara Bush to general Che Sun U: 29 Apr, 1982 | Letter from Barbara Bush to Miss Richal Walker: 29 Apr, 1982 | Letter from Barbara Bush to Miss Paul Cleveland: 29 Apr, 1982 | Letter from Barbara Bush to Dr. Strawn, Ms. Yang, Ms.Cha: 29 Apr, 1982 | Letter from Barbara Bush to Mrs. Lho Shin- Yong: 29 Apr, 1982 | Letter from Barbara Bush to Mrs. Jung Nai Hyuk: 29 Apr, 1982 | Letter from Barbara Bush to Miss Richal Walker: 29 Apr, 1982 | Letter from Barbara Bush to Mrs. Chun Doo Hwan: 29 Apr, 1982 | Letter from Barbara Bush to Dr. Lee Tai-Young: 29 Apr, 1982 [Cables / Telegrams]: [Vice President’s Foreign Travel-East Asia and Pacific Trip, April 23-May 8, 1982: Japan, Korea, Singapore, Australia,"
PZA0003421,"New Zealand, China] [2]",PZA0003421,부시,1982,PZA0003421,30,전문,261,"이 기록물철은 캔버러 주재 미국 대사가 도쿄 주재 미국 대사, 캔버러 주재 미국 국제교류청(USICA) 이 워싱턴 주재 미국 공보국(USINFO), 시드니 주재 미국 영사가 도쿄 주재 미국 대사, 시드니 주재 미 국 영사가 서울 주재 미국 대사, 캔버러 주재 미국 대사가 싱가포르 주재 미국대사, 캔버러 주재 미국 국 제교류청이 워싱턴 주재 미국 공고국, 시드니 주재 미국 국제교류청이 워싱턴 주재 미국 공보국에 보내 는 전문들로 구성되었다. 캔버러 주재 미국 대사가 도쿄 주재 미국 대사에게 보내는 전문은 호주의 재정상황에 관한 부통령의 언 론 브리핑에 대한 미디어 반응 보고이며, 캔버러 주재 미국 국제교류청이 워싱턴 주재 미국 공보국에 보 내는 전문은 미국 부통령의 호주 방문에 관한 미디어 반응 보고이다. 시드니 주재 미국 영사가 도쿄 주재 미국 대사에게 보내는 전문은 미국 부통령의 잠정적 일정을 보고 하는 내용이며 시드니 주재 미국 영사가 서울 주재 미국 대사에게 보내는 전문은 미국 대통령 내외의 호주 시드니 방문(1982년 4월 30일 ~ 5월 3일)에 대한 내용 보고이다. 캔버러 주재 미국 대사가 싱가포르 주재 미국대사에게 보내는 전문은 부시 부통령의 캔버러 방문, 캔버 러 주재 미국 국제교류청이 워싱턴 주재 미국 공고국에 보내는 전문은 반독점법 협정체결 가능성을 다룬 ‘캔버러 타임즈’에 실린 반응들을 보고하는 내용이며, 시드니 주재 미국 국제교류청이 워싱턴 주재 미국 공보국에 보내는 전문은 미국 부통령의 도쿄 언론 회의 참석에 대한 미디어의 반응을 보고한 내용이다.","Telegram from AMEMBASSY Canberra to AMEMBASSY Tokyo: Media Reaction: Australia’s “Financial Review” | Telegram from USICA Canberra to USINFO WashDC: Media Reaction: Vice-President Bush Visit to Aus- tralia | Telegram from AMCONSUL Sydney to AMEMBASSY Tokyo: Activities for May 2 | Telegram from AMCONSUL Sydney to AMEMBASSY Tokyo: Tentative Schedule for the Vice President | [Withdrawal Sheet] Re: Vice Presidential Visit: Public Affairs Atmospherics | Telegram from AMCONSUL Sydney to AMEMBASSY Seoul: Tentative Schedule - Visit of Vice President and Mrs. Bush to Sydney Australia, April 30, 1982 - May 3, 1982 | Telegram from AMEMBASSY Canberra to AMEMBASSY Singapore: Visit of Vice President Bush to Canberra | Telegram from AMEMBASSY Canberra to AMEMBASSY Singapore: Visit of Vice President Bush to Canberra | Telegram from USICA Canberra to USINFO WashDC: Media Reaction: Possible Anti-Trust Agreement | [Withdrawal Sheet] Re: Proposed GOA Statement on Joint Facilities | Telegram from USICA Sydney to USINFO WashDC: Media Reaction - VP Press Conference in Tokyo [Cables / Telegrams]: [Vice President’s Foreign Travel-East Asia and Pacific Trip, April 23-May 8, 1982: Japan, Korea, Singapore, Australia,"
PZA0003422,"New Zealand, China] [3]",PZA0003422,부시,1982,PZA0003422,22,전문,262,"이 기록물철은 시드니 주재 미국 국제교류청이 워싱턴 주재 미국 공보국에, 시드니 주재 미국 영사가 워싱턴 주재 미국 공보국에, 캔버러 주재 미국 대사가 싱가포르 주재 미국 대사에게, 시드니 주재 미국 영사가 싱가포르 주재 미국 대사에게, 시드니 주재 미국 영사가 워싱턴 주재 미국 공보국에, 시드니 주재 미국 국제교류청이 워싱턴 주재 미국 공보국에 보내는 전문들로 구성되어 있다.","Telegram from USICA Sydney to USINFO WashDC: Media Reaction - US Economy | [Withdrawal Sheet] Re: Request for Meeting with Vice President by Queensland Premier | Telegram from AMCONSUL Sydney to USINFO WashDC: Media Reaction: US Wheat Trade Policy | Telegram from AMEMBASSY Canberra to AMEMBASSY Singapore: Visit of the Vice President of the United States to Canberra, Australia 29-30 April 1982 | Telegram from AMCONSUL Sydney to AMEMBASSY Singapore: Vice President’s Schedule | [Withdrawal Sheet] Re: Vie[Vice] President Bush Trip to China | [Withdrawal Sheet] Re: Room Assignment for Members of VP Bush Visit to Canberra | [Withdrawal Sheet] Re: Vice President’s Meeting with Victoria State Premier | Telegram from AMCONSUL Sydney to USINFO WashDC: Media Reaction - US/SINO Relations | Telegram from AMCONSUL Sydney to USINFO WashDC: Media Reaction - Anti-Trust | Telegram from USICA Sydney to USINFO WashDC: Media Reaction - Anti-Trust | [Withdrawal Sheet] Re: Korea [Cables / Telegrams]: [Vice President’s Foreign Travel-East Asia and Pacific Trip, April 23-May 8, 1982: Japan, Korea, Singapore, Australia,"
PZA0003424,"New Zealand, China] [5]",PZA0003424,부시,1982,PZA0003424,22,서한,263,"이 기록물철은 서울 주재 미국대사가 미국 국무부에, 백악관 상황실(The White House Situation Room)에서 낸시 비어그 디케(Nancy Bearg Dyke)에게 보내는 전문들로 구성되어있다. 서울 주재 미국 대사가 미국 국무부에 보내는 전문은 미국 부통령의 한국 방문과 관련하여 4월 25일과 26일에 대한 일정 보고에 대한 것이다. 백악관 상황실에서 에어포스 투(Air Force two)에 탑승한 낸시 비어그 디케에게 보 내는 전문 역시 미국 부통령의 한국 방문과 일정에 대한 보고이다.","[Withdrawal Sheet] Re: Visit of Vice President Bush to Korea | Telegram from AMEMBASSY Seoul to SECSTATE: Visit of Vice President Bush to Korea | [Withdrawal Sheet] Re: Vice President’s Breakfast | Telegram from the White House Situation Room to Nancy Bearg Dyke Aboard Air Force Two: Visit of Vice President Bush to Korea [Cables / Telegrams]: [Vice President’s Foreign Travel-East Asia and Pacific Trip, April 23-May 8, 1982: Japan, Korea, Singapore, Australia,"
PZA0003426,"New Zealand, China] [8]",PZA0003426,부시,1982,PZA0003426,8,전문,264,"이 기록물철은 서울 주재 미국 대사가 워싱턴 주재 미국 공보국에, 도쿄 주재 미국 대사가 워싱턴 주재 미국 국무부에 보내는 전문들로 구성되어 있다.","Telegram from AMEMBASSY Seoul to USINFO WashDC: Media Reaction to Reports on Vice Presidential Visit - Friday, April 23, 1982 | Telegram from AMEMBASSY Tokyo to SECSTATE WashDC: Media Reaction Report on Bush Visit April 23, 1982 | [Withdrawal Sheet] Re: Vice President Bush’s Visit to Korea [Cables / Telegrams]: [Vice President’s Foreign Travel-East Asia and Pacific Trip, April 23-May 8, 1982: Japan, Korea, Singapore, Australia,"
PZA0003427,"New Zealand, China] [9]",PZA0003427,부시,1982,PZA0003427,116,전문,265,"이 기록물철은 서울 주재 미국 대사가 워싱턴 주재 미국 대사에게, 싱가포르 주재 미국 대사가 서울 주 재 미국 대사에게, 도쿄 주재 미국 국제교류청이 워싱턴 주재 미국 공보국에, 서울 주재 미국 대사가 워 싱턴 주재 미국 공보국에, 캔버러 주재 미국 대사가 워싱턴 주재 미국 공보국에, 베이징 주재 미국 대사 가 워싱턴 주재 미국 국무부에, 시드니 주재 미국 국제교류청이 워싱턴 주재 미국 공보국에, 시드니 주재 미국 영사가 워싱턴 주재 미국 공보국에 보내는 전문들로 구성되었다.","Telegram from AMEMBASSY Seoul to RUEHFO/USINFO WashDC: U.S. News Highlights for Vice Presi- dent and Party | [Withdrawal Sheet] Re: Communique | Telegram from AMEMBASSY Seoul to RUEHKO/AMEMBASSY Tokyo: Visit of Vice President Bush to Korea - Seoul Room Assignments | Telegram from AMEMBASSY Singapore to AMEMBASSY Seoul: Room Assignments for Official Party and Staff at Shangri-La Hotel, Singapore, 27-29 April | Telegram from USICA Tokyo to RUEHFO/USINFO WashDC: Media Reaction Report on Bush Visit April 24, 1982 | Telegram from USICA Tokyo to RUEHFO/USINFO WashDC: Remarks of Vice President George Bush Tree Planting Ceremony Zojoji Temple Tokyo, April 24, 1982 | Telegram from USICA Tokyo to RUEHFO/USINFO WashDC: Remarks by Vice President George Bush Foreign Correspondents’ Club of Japan Tokyo, April 24, 1982 | Telegram from AMEMBASSY Seoul to RUEHFO/USINFO WashDC: Media Reaction - Covering Reports on Vice President Bush, Saturday, April 24, 1982 | Telegram from USICA Tokyo to RUEHFO/USINFO WashDC: Vice President Bush’s Toast at Prime Min- ister Suzuki’s Dinner | Telegram from AMEMBASSY Tokyo to RUEHO/SECSTATE WashDC: Media Reaction Report on Bush Visit April 24, 1982 | Telegram from USICA Tokyo to RUEHFO/USINFO WashDC: Remarks by Vice President George Bush Foreign Correspondents’ Club of Japan Tokyo, April 24, 1982 | Telegram from AMEMBASSY Seoul to RUEHKO/AMEMBASSY Tokyo: Visit of Vice President Bush to Korea | Telegram from AMEMBASSY Seoul to RUEHFO/USINFO WashDC: Media Reaction to Reports on Vice Presidential Visit - Monday, April 26, 1982 | Telegram from AMEMBASSY Seoul to RUEHFO/USINFO WashDC: Text of Vice President Bush’s Ad- dress to the National Assembly, Seoul, Korea, April 26, 1982 | Telegram from AMEMBASSY Seoul to RUEHFO/USINFO WashDC: Media Reaction - Covering April 24 - 26, 1982 | Telegram from AMEMBASSY Seoul to RUEHFO/USINFO WashDC: Vice President Bush Toast at Blue House | Telegram from AMEMBASSY Seoul to USINFO WashDC: U.S. News Highlights for Vice President Bush | Telegram from AMEMBASSY Canberra to RUEHGP/AMEMBASSY Singapore: Visit of Vice President Bush to Canberra | Telegram from AMEMBASSY Tokyo to RUEHC/SECSTATE WashDC: Media Reaction Report on Bush Trip | Telegram from AMEMBASSY Canberra to RUEHGP/AMEMBASSY Seoul: Visit of Vice President Bush to Canberra | Telegram from AMEMBASSY Singapore to RUEHUL/AMEMBASSY Seoul: Vice President’s Visit: Re- quest for Interview | Telegram from AMEMBASSY Singapore to AMEMBASSY Seoul: Visit of Vice President to Australia | Telegram from AMEMBASSY Singapore to AMEMBASSY Seoul: Singapore Schedule Changes | [Withdrawal Sheet] Re: Visit to Singapore by Vice President Bush | Telegram from AMEMBASSY Singapore to AMEMBASSY Seoul: Visit to Singapore by Vice President Bush | Telegram from USICA Canberra to RUEHFO/USINFO WashDC: Media Reaction:Possible Anti-trust Agreement Question for Vice-President Bush and Suggested Guidance for Response | [Withdrawal Sheet] Re: ALP Deputy Leader Speaks About North West Cape-Communications Facility | Telegram from USICA Canberra to RUEHFO/USINFO WashDC: U.S. News Highlights for Vice President and Party | Telegram from USICA Sydney to RUEHFO/USINFO WashDC: Media Reaction - US Economy | Telegram from AMEMBASSY Beijing to RUEHC/SECSTATE WashDC: Vice President’s Visit to China | Telegram from AMEMBASSY Tokyo to RUEHC/SECSTATE WashDC: Media Reaction Report on Bush Visit - April 25, 1982 | Telegram from AMCONSUL Sydney to RUEHFO/USINFO WashDC: Media Reaction: US Wheat Trade Policy | [Withdrawal Sheet] Re: Vice President Bush Trip to China | Telegram from USICA Canberra to RUEHFO/USINFO WashDC: Media Reaction: Reuter Story from Seoul on Vice President Bush Comments on Human Rights | Telegram from USICA Sydney to RUEHFO/USINFO WashDC: Media Reaction - Anti-trust | Telegram from AMCONSUL Sydney to RUEHFC/SECSTATE WashDC: Media Reaction - Anti-trust | [Withdrawal Sheet] Re: Vice President Bush’s Breakfast Meeting with Korean Opinion Leaders | [Withdrawal Sheet] Re: Vice President’s Visit to Korea | [Withdrawal Sheet] Re: Vice President’s Visit to China | Telegram from AMEMBASSY Seoul to RUEHGP/AMEMBASSY Singapore: Photographs for Prime Min- ister and Foreign Minister | Telegram from AMEMBASSY Seoul to RUEHGP/AMEMBASSY Singapore: Visit of Vice President Bush to Korea [Cables / Telegrams]: [Vice President’s Foreign Travel-East Asia and Pacific Trip, April 23-May 8, 1982: Japan, Korea, Singapore, Australia,"
PZA0003428,"New Zealand, China] [10]",PZA0003428,부시,1982,PZA0003428,30,전문,267,"이 기록물철은 싱가포르 주재 미국 대사가 워싱턴 주재 미국 공보국에, 도쿄 주재 미국 대사가 워싱턴 주재 미국 공보국에, 서울 주재 미국 대사가 워싱턴 주재 미국 공보국에, 시드니 주재 미국 영사가 워싱 턴 주재 미국 공보국에, 캔버러 주재 미국 국제교류청이 워싱턴 주재 미국 공보국에, 서울 주재 미국 대 사가 싱가포르 주재 미국 대사에게, 시드니 주재 미국 영사가 워싱턴 주재 미국 공보국에 보내는 전문들 로 구성되어 있다.","Telegram from AMEMBASSY Singapore to BUEHFO/USINFO WashDC: Toasts as Prepared for Delivery by Vice President Bush and Prime Minister Lee | Telegram from AMEMBASSY Tokyo to BUEHC/SECSTATE WashDC: Media Reaction Report on Bush Visit to Korea, April 27, 1982 | Telegram from AMEMBASSY Seoul to RUEHFO/USINFO WashDC: Vice President’s Departure State- ment and QS and AS | Telegram from AMCONSUL Sydney to RUEHFO/USINFO WashDC: Media Reaction - US/SINO Rela- tions | Telegram from USICA Canberra to RUEHFC/USINFO WashDC: Media Reaction: Reuter Story from Seoul on Vice President Bush Comments on Human Rights | [Withdrawal Sheet] Re: Vice President’s Visit to Korea | Telegram from AMEMBASSY Seoul to RUEHGP/AMEMBASSY Singapore: Visit of Vice President Bush to Korea Information on Thankyou Notes for Mrs. Bush | Telegram from AMCONSUL Sydney to RUEHFO/USINFO WashDC: Media Reaction - US/SINO Rela- tions | [Withdrawal Sheet] Re: The Vice President’s Meeting with President Chun [Cables / Telegrams]: [Vice President’s Foreign Travel-East Asia and Pacific Trip, April 23-May 8, 1982: Japan, Korea, Singapore, Australia,"
PZA0003429,"New Zealand, China] [11]",PZA0003429,부시,1982,PZA0003429,74,전문,268,"이 기록물철은 워싱턴 주재 미국 공보국이 서울 주재 미국 대사에게, 백악관 통신국이 서울 주재 미국 대사에게, 워싱턴 주재 미국 공보국이 서울 주재 미국 대사에게, 서울 주재 미국 대사가 워싱턴 주재 미국 국무부에, 백악관 상황실에서 낸시 비어그 디케에게 보내는 전문들로 구성되어 있다.","Telegram from USINFO WashDC to AMEMBASSY Seoul: President Says Interest Rates Should Drop | Telegram from CDR WHCA Wash DC to RUEHUL/AMEMBASSY Seoul: WHCA Team Travel Plans | Telegram from USINFO WashDC to AMEMBASSY Seoul: Budget Negotiators May Set Broad Goals | [Withdrawal Sheet] Re: Vice President’s Visit to Korea | Telegram from AMEMBASSY Seoul to RUEHC/SECSTATE WashDC: Visit of Vice President Bush to Korea - Questions to Be Asked of Mrs. Bush on Her T.V. Interview | Telegram from AMEMBASSY Seoul to RUEHC/SECSTATE WashDC: Visit of Vice President Bush to Korea - Schedule for Mrs. Bush: Scenarios for Specific Events | Telegram from AMEMBASSY Seoul to RUEHC/SECSTATE WashDC: Visit of Vice President Bush to Korea - Schedule for Mrs. Bush: Scenarios for Specific Events | [Withdrawal Sheet] Re: Visit of Vice President Bush to Korea | Telegram from AMEMBASSY Seoul to RUEHC/SECSTATE WashDC: Visit of Vice President Bush to Korea | Telegram from AMEMBASSY Seoul to RUEHC/SECSTATE WashDC: Visit of Vice President Bush to Korea - Schedule for Mrs. Bush: Scenarios for Specific Events | Telegram from AMEMBASSY Seoul to RUEHC/SECSTATE WashDC: Visit of Vice President Bush to Korea | Telegram from AMEMBASSY Seoul to RUEHC/SECSTATE WashDC: Visit of Vice President Bush to Korea - Questions to Be Asked of Mrs. Bush on Her T.V. Interview | Telegram from the White House Situation Room to Nancy Bearg Dyke Aboard Air Force Two: Visit of Vice President Bush to Korea | Telegram from the White House Situation Room to Nancy Bearg Dyke Aboard Air Force Two: Visit of Vice President Bush to Korea - Schedule for Mrs. Bush: Scenarios for Specific Events | Telegram from the White House Situation Room to Nancy Bearg Dyke Aboard Air Force Two: Visit of Vice President Bush to Korea - Schedule for Mrs. Bush: Scenarios for Specific Events | Telegram from the White House Situation Room to Nancy Bearg Dyke Aboard Air Force Two: Visit of Vice President Bush to Korea - Schedule for Mrs. Bush: Scenarios for Specific Events | Telegram from the White House Situation Room to Nancy Bearg Dyke Aboard Air Force Two: Visit of Vice President Bush to Korea | Telegram from the White House Situation Room to Nancy Bearg Dyke: Visit of Vice President Bush to Korea - Schedule of the Vice President for Seoul, Korea | Telegram from the White House Situation Room to Nancy Bearg Dyke Aboard Air Force Two: Visit of Vice President Bush to Korea | Telegram from the White House Situation Room to Nancy Bearg Dyke Aboard Air Force Two: Visit of Vice President Bush to Korea [Cables / Telegrams]: [Vice President’s Foreign Travel-East Asia and Pacific Trip, April 23-May 8, 1982: Japan, Korea, Singapore, Australia,"
PZA0003430,"New Zealand, China] [12]",PZA0003430,부시,1982,PZA0003430,3,전문,270,이 기록물철은 웰링턴 주재 미국 대사가 서울 주재 미국 대사에게 보내는 전문으로 구성되었다. 웰링턴 주재 미국 대사가 서울 주재 미국 대사에게 보내는 전문은 미국 부통령의 대사관 만찬에서의 건배사 등 에 대한 보고 내용을 다루고 있다.,"Telegram from AMEMBASSY Wellington to AMEMBASSY Seoul: Vice President’s Toasts [Cables / Telegrams]: [Vice President’s Foreign Travel-East Asia and Pacific Trip, April 23-May 8, 1982: Japan, Korea, Singapore, Australia,"
PZA0003431,"New Zealand, China] [13]",PZA0003431,부시,1982,PZA0003431,15,"전보, 전문",270,"이 기록물철은 1982년 미국 부시 부통령의 뉴질랜드 방문시 환영만찬의 참석인원, 부시 여사의 세부 일 정, 중국 방문시 부주석 완 리와 조찬 행사, 부통령 순방시 행동절차, 부통령의 한국 방문에 대한 사전질 의 응답, 한국 방문에 대한 언론동향 및 언론 요청사항에 대한 것이다.","Telegram from AMEMBASSY Wellington to AMEMBASSY Seoul: Vice Presidential Visit to New Zealand | - Schedule for Mrs. Bush | Telegram from AMEMBASSY Wellington to AMEMBASSY Seoul: Visit of the Vice President: Dinner Invitations for Members of Official Party | Telegram from AMEMBASSY Beijing to USINFO WashDC: Toast by Vice Premier Wan Li at the Return Reception Given by U.S. Vice President George Bush, On May 8, 1982 | Telegram from AMEMBASSY Singapore to RUEHC/SECSTATE WashDC: Protocol Order for the Vice President’s Trip | Telegram from AMEMBASSY Seoul to RUEHCR/AMCONSUL Sydney: Vice President’s Visit | [Withdrawal Sheet] Re: Answers to Questions Posed | Telegram from AMEMBASSY Seoul to RUEHFO/USINFO WashDC: Media Reaction - Covering Reports on Vice President Bush’s Visit to the ROK - Sunday, April 25, 1982 | Telegram from AMEMBASSY Seoul to WhiteHouse WashDC: V.P. Visit: Press Request [Vice President’s Foreign Travel-East Asia and Pacific Trip, April 23-May 8, 1982: Japan, Korea, Singapore, Australia,"
PZA0003439,"New Zealand, China]: Asia/Pacific Trip [2]",PZA0003439,부시,1982,PZA0003439,106,"전보, 전문",271,"이 기록물철은 미국 부시 부통령의 호주, 싱가포르 방문, 호주에서의 통신망 지원, 공식 수행원의 방 배정, 서울, 도쿄 방문, 도쿄 방문시 환영만찬 행사, 수행단의 여권번호, 서울 입국 성명, 호주 수상과의 회담, 뉴질랜드 방문일정, 일본 수상과의 회담, 일본측 참가 인사, 호주에서 부통령 방문에 대한 대중의 동향, 공식 참가인사들의 이력, 서울에서의 일정 변경, 서울 국회에서의 연설 초안 등에 대한 전문 내용이다.","[Withdrawal Sheet] Secretary of State to U.S. Embassy, Seoul, re: Helicopter Manifest; contains security information | Telegram from The White Houe to Amembassy Tokyo: Vice President Visit | [Withdrawal Sheet] Secretary of State to U.S. Embassy, Seoul, re: Vice President’s Trip [to South Korea]; contains list of Social Security numbers | [Withdrawal Sheet] Secretary of State to U.S. Embassy, Singapore, re: Vice Presidential Advance; passport number redacted | [Withdrawal Sheet] U.S. Embassy, Seoul to Secretary of State, re: Draft National Assembly Speech | Telegram from Amembassy Tokyo to Secstate WashDC: Program Suggestions and Dress Advice for Mrs. Bush | [Withdrawal Sheet] U.S. Embassy, Canberra to Secretary of State, re: Vice President/ Prime Minister Dis- cussion Topics | [Withdrawal Sheet] U.S. Embassy, Canberra to Secretary of State, re: Vice President/ Prime Minister Dis- cussion Topics | Telegram from Amembassy Canberra to Secstate WashDC: Vice President’s Visit to Australia | Telegram from Amembassy Singapore to Secstate WashDC: Vice President’s Visit to Singapore | [Withdrawal Sheet] U.S. Embassy, Wellington to U.S. Secret Service, re: vice President Bush Visit to Wel- lington; contains security information | Telegram from Secstate WashDC to Amembassy Tokyo: Tentative Schedule for the Vice President | Telegram from Secstate WashDC to Amembassy Manila: Communications Support - VP Visit -Melbourne | Telegram from Secstate WashDC to Amembassy Tokyo: Room Assisgments for Official Party and Traveling Staff | Telegram from Secstate WashDC to Amembassy Singapore: Vice President’s Visit to Singapore | [Withdrawal Sheet] Secretary of State to U.S. Embassy, Seoul, re: Vice President’s Visit to Korea | Telegram from Secstate WashDC to Amembassy Canberra: Vice President’s Visit to Australia | Telegram from The White House to Amembassy Seoul: Medical Support: VP Visit to Seoul, Korea | Telegram from The White House to Amembassy Tokyo: Medical Support: VP Visit to Tokyo, Japan | Telegram from Secstate WashDC to Amembassy Tokyo: Vice President’s Dinner on Arrival Night | [Withdrawal Sheet] Secretary of State to U.S. Embassy, Wellington, re: Vice President’s Visit to New Zealand | [Withdrawal Sheet] Secretary of State to U.S. Embassy, Seoul, re: Vice Presidential Advance Team; Passport number redacted | Telegram from Amembassy Seoul to Secstate WashDC: Mrs. Bush’s Visit to Korea | [Withdrawal Sheet] U.S. Embassy, Seoul to White House, re: Bush Visit: Non-Government Contacts | [Withdrawal Sheet] U.S. Embassy, Seoul to Secretary of State, re: Call on Vice President By Miti Minister | [Withdrawal Sheet] U.S. Embassy, Seoul to Secretary of State, re: Vice President Bush Visit to Korea Ar- rival Statement | [Withdrawal Sheet] U.S. Embassy, Canberra to Secretary of State, re: GOA Approach to Vice President Bush’s Meeting with Prime Minister Fraser | Telegram from Amembassy Canberra to Secstate WashDC: Vice President’s Visit to Australia | Telegram from Amembassy Seoul to Secstate WashDC: Request for SSN Information | Telegram from Amembassy Wellington to Secstate WashDC: Vice Presidential Visit to Newzaeland | [Withdrawal Sheet] U.S. Secret Service to Washington, DC, re: Trip of rhe President and Mre. Bush to Ja- pan, Korea, Singapore, Australia, New zealand, and Americam Samoa(Apirl 22-May 6, 1982 | Telegram from Amembassy Wellington to Secstate WashDC: Proposed Schedule for Vice President to New Zealand | [Withdrawal Sheet] U.S. Embassy, Wellington to Secretary of State, re: Wstern Samoa’s New Prime Min- ister Va’ai Kolone | Telegram from Amembassy Wellington to USICA WashDC: Visit of the Vice President: Public Affairs As- pects | [Withdrawal Sheet] Secretary of State to U.S. Embassy, Singapore, re: Vice Presidential Advance Team; passport number redacted | [Withdrawal Sheet] U.S. Embassy, Singapore to USICA Washington, DC, re: Vice President Bush Visit: Public Affairs Climate | [Withdrawal Sheet] U.S. Embassy, Tokyo to Secretary of State, re: Prime Minister Meeting with Vice Presi- dent | [Withdrawal Sheet] U.S. Embassy, Tokyo to USICA Washington, DC, re: Vice President Bush Visit: Public Affairs Climate | [Withdrawal Sheet] U.S. Embassy, Seoul to Secretary of State, re: Proposed Change in Vice President’s Schdule | [Withdrawal Sheet] U.S. Embassy, Seoul to USICA Washington, DC, re: Vice President Bush Visit: Public Affairs Climate | [Withdrawal Sheet] U.S. Embassy, Canberra to WHCA, Washington, DC, re: Transportation Support WHCA | Australia; contains security information | [Withdrawal Sheet] U.S. Embassy, Canberra to USICA, Washington, DC, re: Vice Presidential Visit: Public Affairs Aspects | Telegram from SECDEF Washington DC to SECNAV Washington DC: DOD Point of contact (POC) for Vice Presidential Travel | [Withdrawal Sheet] Secretary of State to U.S. Embassy, Tokyo, re: Vice Presidential Advance Team; pass- port number redacted | [Withdrawal Sheet] Secretary of State to U.S. Embassy, Seoul, re: Vice Presidential Advance Team; passport number redacted | [Withdrawal Sheet] White house to U.S. Embassy, Wellington, re: Press Coverage of the Vice President’s Trip | Telegram from Amembassy Tokyo to Secstate WashDC: List of Official party for Japan portion | Telegram from Amembassy Canberra to Secstate WashDC: The Vice President’s visit to Australia | [Withdrawal Sheet] U.S. Embassy, Canberra to USICA, Washington, DC, re: Visit of Vice President: Public Affairs and Psychological Climate Statement | [Withdrawal Sheet] U.S. Embassy, Tokyo to White House, re: Vice President’s Visit | Telegram from Amembassy Canberra to CDR WHCA WashDC: WHCA Advance Team - Darwin | Telegram from USDAO Tokyo JA to White House WashDC: Vice President Bush Visit | Telegram from the White House to Amembassy Tokyo: Vice President’s Visit | Telegram from the White House to Amembassy Tokyo: Vice President and Mrs. Bush’s Visit | Telegram from Situation Room The White House to Amembassy Tokyo: Biographic Information on mem- bers of official Party | Biographic Information on members of official Party | [Withdrawal Sheet] U.S. Embassy, Seoul to Secretary of State, re: Helicpter Support for Vice Presidential Visit; contains security information | Telegram from Amembassy Tokyo to White House WashDC: Visit of The Vice President to Japan | [Withdrawal Sheet] U.S. Embassy, Beijing to Secretary of State, re: Vice President’s Visit | [Withdrawal Sheet] USICA Washington, DC to U.S. Embassy, Canberra, et al., re: Visit of the Vice Presi- dent: Public Affairs Aspects | [Withdrawal Sheet] U.S. Embassy, Seoul to Secretary of State, re: Draft [Vice President Bush South Korea] National Assembly Speech"
PZA0003441,Korea (South) - 1981,PZA0003441,부시,1981,PZA0003441,27,"보고서, 회람문, 초안, 비망록",275,"이 기록물철은 거의 비공개 기록물 목록이고, 1981년 1월 26일 미국 부시 부통령이 전두환 대통령에게 연말에 보낸 선물(포토 다이어리)에 대해 감사 서한이 포함되어 있다.","[Withdrawal Sheet] Vice President Bush to Jung Nae-Hiuk, re: Letter regarding South Korea-U.S. relations | [Withdrawal Sheet] Nancy Bearg Dyke to Vice President Bush, re: Letter to Korean Speaker of the National Assembly | [Withdrawal Sheet] [South Korean Government official] to Vice President Bush, re: appreciation for meet- ing | [Withdrawal Sheet] Photocopy of handwritten note from vice President Bush to South Korean government offical, re: thank-you for gift | [Withdrawal Sheet] Nancy Bearg Dyke to Vice President Bush, re: Meeting with [South Korean government official] | [Withdrawal Sheet] Request for Appointments, re: Vice President Bush meeting with South Korean govern- ment official; contains personal information | [Withdrawal Sheet] Nancy Bearg Dyke to Vice President Bush, re: Meeting Request | [Withdrawal Sheet] JKM to Nancy Bearg Dyke, re: joint commuique | Letter from George Bush to Chun Doo Hwan: 26 Jan, 1981 | [Withdrawal Sheet] Re: ROK Force Modernization | ROK Force Modernization (U)"
PZA0003443,Korea (South) - 1982,PZA0003443,부시,1982,PZA0003443,,"서한, 메모, 전문, 노트, 기록물 매수 23 형 태 명단, 전보",276,"이 기록물철은 미국 부시 부통령이 정내혁 국회의장에게 전두환 대통령의 캐나다와 아프리카 순방에 대한 소식을 알려주어서 고맙고, 이러한 순방을 통해 전두환 대통령의 아시아 지도자로서의 역량이 향상 될 것이라고 평가한 내용의 서한이다.","[Withdrawal Sheet] Mike Fry to Vice President Bush, re:kim Dae Jung | [Withdrawal Sheet] Secretary of State to U.S. embassy, Seoul, re: Visit of Arman Hammer, Jerry Weintraub, and Jayne Morgan | Letter from George Bush to Jung Nai-Hiuk: 30 Sep, 1982 | [Withdrawal Sheet] Donald Gregg to Byong Hion Lew, re: Presonal matters | Letter from Kim Young Sik to George Bush: 6 Aug, 1982 | [Withdrawal Sheet] Vice President Bush to Republic of Korea President Chun Doo Hwan, re: U. S. -South Korea relationship | [Memo] from Terry: 14 Apr | [Withdrawal Sheet] “Rosters of Key Personnel in Korea | [Withdrawal Sheet] Daniel J. Murphy to Congress John Breaux, re: Korean exports | [Withdrawal Sheet] Nancy Bearg Dyke to Vice President Bush, re: Congressman John Breaux and Korean exports"
PZA0003444,Korea (North) - 1983,PZA0003444,부시,1983,PZA0003444,63,"보고서, 서한, 노트, 리포트",277,"이 기록물철은 1983년 김대중의 미국 망명에 관한 미국 정부의 보고서, 김대중의 미국 망명에 관한 코리아 스코프(Korea Scope) 저널의 특집 분석, 김대중이 미국 백악관에 보낸 한국 인권문제에 관한 서 한으로 구성되어 있다.","[Withdrawal Sheet] Politico-Military Analyses | [Withdrawal Sheet] Walt to Don, re : Kim Dae Jung | [Withdrawal Sheet] Walt to Don, re : Kim Dae Jung | [Withdrawal Sheet] Kim Dae Jung to Vice President Bush, re : Situation in Korea; contains home address | Korea Scope-Special Issue on: Kim Dae Jung in America | A Prisoner’s Report and Recommendations by Kim Dae Jung"
PZA0003447,Korea (South) - 1984,PZA0003447,부시,1984,PZA0003447,10,"명함, 메모, 노트",277,"이 기록물철은 1984년 미국 부통령 부시와의 면담 약속과 관련된 문건으로서, 한국의 박민수와 한국 민주정의당 국가정책연구소장 임철순과의 면담을 위한 개인정보 및 면담요청 서한이다.","Letter from Park, Sae-Jik to Donald P. Gregg: 8 Aug, 1984 | [Withdrawal Sheet] Business Card; home telephone number redacted | [Withdrawal Sheet] Re: Meeting with Min-Soo Park; Social Security number redacted"
PZA0003448,Korea (South) - 1985,PZA0003448,부시,1985,PZA0003448,138,"차트, 일정표, 현황보고서, 연설문, 명단",278,"이 기록물철은 1985년 한미 외교관계에 관해 한미 정부 간 또는 미국 정부 내에서 교환된 문건으로서, 한국 외무부장관 류병현이 미국 부통령 국가안보보좌관 도날드 그레그(Donald Gregg)와 교환한 한미관 계에 관한 서한, 한국 전두환 대통령이 미국 부통령 부시와 교환한 최근 미국 순방에 관한 감사 서한, 한국 무역협회 의장 남덕우가 미국 부통령 국가안보보좌관 도날드 그레그와 교환한 한미관계에 관한 서 한 등 외교의례적 서한과, 제10회 판 아메리카 대회(PAN America Games)에의 미국 부통령 부시의 참 석과 관련된 문건, 비공개 기록물 목록으로서 1985년 북한 동향 및 한반도 군사 문제에 관한 내부 문건, 미국 정부 보고서 등 정부 문건으로 구성되었다. 특히 한미 무역분쟁과 관련된 서한으로, 미국 영화산업 협회가 미국 부통령 수신명의로 보낸 한국 및 브라질의 영화산업 수입규제 완화에 대한 요구서한에서는, 한국 텔레비전 방송에서 특별한 규제 없이 미국에서 제작한 영화를 방영하고 있을 뿐만 아니라, 한국 내 미국 영화 수출시 한국 영화산업협회(KMPPC)가 과도한 부과세를 부여하고 있는것에 대한 무역 장벽 완 화조치를 요구 내용이 포함되어 있다.","Letter from Donald P. Gregg to Byong Hion Lew: 25 Nov, 1985 | Letter from George Bush to Kyung- Hwan Chun: 6 Sep, 1985 | Letter from Lester S. Hyman to Craig L. Fuller: 1 Aug, 1985 | [Withdrawal Sheet] Dwight L. Chapin to Donald P. Gregg, re: Meeting | [Withdrawal Sheet] Donald P. Gregg to Richard P. Hallion, re: request for book foreword from Vice Presi- dent Bush; home address redacted | Letter from Duck-Woo Nam to Don Gregg: 19 Jul, 1985 | [Withdrawal Sheet] Richard P. hallion to Phyllis Byrne, re: request for book foreword from Vice President Bush; home address redacted | Letter from Hee Jin Kim to Ms. Phyllis Byrnes: 1 Jul, 1985 | Letter from Chun Doo Hwan to Vice President Bush: 10 May, 1985 | Letter from Duwan Pong to Donald Gregg: 31 May, 1985 | Memorandum from Andrea L. Fischer to Don Gregg/Fred Khedouri: Approved Vice Presidential Activity | Letter from John Myers to Bush: 13 May, 1985 | [Recommended] Statement by Vice-President George Bush: 20 May, 1985 | Letter from Jack Valenti to Craig Fuller: 6 May, 1985 | [Withdrawal Sheet] Vice President Bush to Don Gregg, re: Kim Young Sam | [Withdrawal Sheet] JF to BG, re: Terrorism: A Few Thoughts | [Withdrawal Sheet] NSC Profile Sheet, re: Participants/ Guest List, Etc. | Participants / Guest List / Briefing paper for pres 26 Apr MTG W/ pres Chun / Issues & Objective | Letter from Donald P. Gregg to Richard L. Walker: 19 Mar, 1985 | [Withdrawal Sheet] Walt Doran to Don Gregg, re: Your Meeting with [South] Korean Ambassador Lew | Letter from Lee Jeen Woo to Donald Gregg: 25 Feb, 1985"
PZA0003449,Korea (South) - 1986,PZA0003449,부시,1986,PZA0003449,,"서한, 비망록, 언론 질의서, 기록물 매수 33 형 태 보고서, 메모",279,"이 기록물철은 1986년 한미관계에 관해 한미 정부 간 또는 미국 정부 내에서 교환된 문건으로서, 한국 국회의원 이승철이 미국 부통령 국가안보보좌관 도날드 그레그(Donald Gregg)에게 보내는 서한, 정주 연 3군 사령관이 1984년 한국상황과 관련하여 당시 전두환 대통령이 1988년까지 7년간의 단선 임기를 끝 낼 것이라는 점을 미국 정부에 확언하는 내용의 서한, 동아일보와 미국 부통령 부시와의 인터뷰, 포항제 철 회장 박태준과 미국 철강산업 대표 데이비드 브로데릭(David Broderick) 및 미국정부 대표인 도날드 그레그와의 회담 등으로 구성되었다. 특히 동아일보 인터뷰에서 논의된 사안은 다음과 같다. 첫째, 세계 자유무역은 일본식의 보호무역주의 는 물론, 아시아 개발도상국들의 이해와도 상충된다는 한국의 여론과 관련, 미국 부통령 부시는 우루과 이 라운드는 두 가지 방향, 즉, 일본과 같은 보호무역국가의 개방과 한국과 같은 개발도상국의 보호 모두 를 지향한다고 답변하면서도 궁극적으로 한국 역시 시장개방의 길을 목표로 나아가야할 것임을 강조하 였다. 둘째, 미국 정부는 한국이 반공산주의적 사회로서의 자유국가를 완성하면서도 경제 개발에 성공한 국가로서 가치를 부여하고 있음을 강조하면서, 이러한 자유와 세계무역 상의 개방 및 자유가 연결될 때 한국에서의 사회적, 정치적 안정성 역시 함께 달성할 수 있을 것임을 주장하였다. 셋째 1988년 한국에서 개최될 직선제와 관련하여 미국 정부는 이러한 직선제 개헌이 한국의 정치적 진보라고 평가하고 있다.","[Withdrawal Sheet] Republic of Korea National Assemblyman Chul Seung Lee to Donald Gregg, re: Mat- ters to Discuss during visit to Washington, DC. | [Withdrawal Sheet] Personal Letter from Kim Seong-Jin to Donald P. Gregg | Letter from Chung Choo-Nyun to Donald P. Gregg: 29 Apr, 1986 | Suggested Response to “Dong-A ILBO” Question | Letter from George Bush to Lee Chai Hyung: 6 Mar, 1986 | Memorandum for Rodney B. Mcdaniel: Vice President’s Interview with the Dong-A ILBO of Korea | Memorandum for the Record: Gregg Meeting with General Park, POSCO and David Broderick, US Steel, January 10, 1986 | [Withdrawal Sheet] Debbie Hutton to Don Gregg, re: Meeting with General Park and US Steel Reps.; home telephone number redacted. Meetings with Americans - November 1986: General Andrew Goodpaster, Chairman of the American Battle Monuments Commission and Mr. S.H. Park, President and CEO,"
PZA0003451,"Hyundai Motor America, November 11, 1986",PZA0003451,부시,1986,PZA0003451,6,"서한, 보고서, 메모, 리포트",280,"이 기록물철은 1986년 11월 11일 한국전쟁 참전용사 기념비 건립과 관련하여 한국 현대자동차 미국지 사 대표 박 S. H.과 미국 참전기념비 건립위원회 의장 앤드류 굿패스터(Andrew Goodpaster)와의 회담 계획을 미국 부통령 부시에게 보고하는 문건으로서, 동 회담을 통해 총 100만 달러를 현대자동차 미국지 사 측에서 기부하기로 약속하였다는 내용이 포함되어 있다.","Memorandum for the Vice President: 10 Nov, 1986 Meetings with Foreigners - July 1981: Asian Leaders: Korean National Assembly Speaker Jung and Japanese Minister of Trade"
PZA0003452,"and Industry Tanaka, July 23, 1981",PZA0003452,부시,1981,PZA0003452,15,"메모, 명단, 전문, 리포트",281,이 기록물철은 1981년 7월 23일 한국 국회의장 정래욱과 일본 상공부장관 다나카와의 회담에 관해 미 국 부통령실에 보고하는 문건으로 회담의 구체적 내용은 포함되지 않아 확인할 수 없다.,"[Withdrawal Sheet] Richard V. Allen to Vice President Bush, re: Meetings with Asian Leaders on July 23 and 24 | Memorandum from L. Paul Bremer, Ⅲ to Richard V. Allen: Korean Assembly Speaker’s Call on the Vice President | [Withdrawal Sheet] Re: Visitr of Jung Nai-Hiuk, Speaker of the Korean National Assembly, Thursday, July | Republic of Korea National Assembly Delegation | [Withdrawal Sheet] Re: Government report | Yu Kyong-hyon, DJP Deputy Floor Leader | YIM Chong-Ki, Member DKP | [Withdrawal Sheet] Re: Government report | Biographic Sketch - Lew, Byong Hion | Schedule of Speaker Jung’s Activities | List of Participants Meetings with Foreigners - June 1982: Korean Presidential Delegation,"
PZA0003454,"June 23, 1982",PZA0003454,부시,1982,PZA0003454,19,"메모, 비망록, 약력",282,"이 기록물철은 1982년 6월 23일 한국 대통령 대표단과 미국 부통령 부시와의 회담에 관한 문건으로, 동 대표단에는 한국 적십자 회장 김영식을 대표로 하여, 국회의원 남재희, 국회의원 윤석민, 주미대사 류병현 이 참석하였으며, 미국 측에서는 미국 부통령 부시를 대표로 국무부의 토니 알브레치(Tony Albrecht) 등 이 참석하였다. 회담의 구체적 내용은 포함되지 않거나 비공개 기록물 목록으로 확인할 수 없다.","[Withdrawal Sheet] Nancy Bearg Dyke to Vice President Bush, re: Courtesy Call by Korean Presidential Delegation, Wednesday, June 23, at 4:30 p.m. | Memorandum from L. Paul Bremer, Ⅲ for Nancy Bearg Dyke: Briefing paper for Vice President’s Meeting with Yong Shik Kim and Party | List of Participants in the President’s Meeting with Ambassador Kim | Memorandum from Nancy Bearg Dyke for the Bud Mcfarlane: Vice President’s Meeting with Korean Presi- dential Delegation | [Withdrawal Sheet] Don [Gregg] to Mike, re: State Department talking points for Korea meeting | [Memo] from Mike to Don | Memorandum from L. Paul Bremer, Ⅲ to Nancy Bearg Dyke: Briefing paper for Vice President’s Meeting with Yong Shik Kim and Party Meetings with Foreigners - June 1982: Foreign Minister Lee of Korea,"
PZA0003455,"June 29, 1982",PZA0003455,부시,1982,PZA0003455,16,"리포트, 메모, 명단, 약력",283,"이 기록물철은 1982년 6월 29일 한국 외무부 장관 이범석과 미국 부통령 부시와의 회담에 관한 문건으 로, 이범석의 약력 및 방문 일정, 회담 참가자 명단 등으로 구성되어 있다. 회담의 구체적 내용은 포함되 지 않거나 비공개 기록물 목록으로 확인할 수 없다.","[Withdrawal Sheet] Nancy Bearg Dyke to Vice President Bush, re: Meeting with Foreign Minister Lee of Korea, June 29, 4:45 p.m. | Memorandum from Nancy Bearg Dyke to the Bud Mcfarlane: Vice President’s Meeting with Foreign Min- ister Lee of Korea | Memorandum from L. Paul Bremer, Ⅲ to Nancy Bearg Dyke: Briefing paper for Vice President’s Meeting with the korean Foreign Minister | Schedule for the Visit of the Foreign Minister of the Republic of Korea, Bum Suk Lee June 26 - July 1, 1982 | List of Participants in the President’s Meeting with Foreign Minister Lee | [Withdrawal Sheet] U.S. Embassy, Seoul to Secretary of State, re: Foreign Minister’s [Bum Suk Lee] Trip to U.S. | [Withdrawal Sheet] Re: Executive Protective Service; Social Security number redacted Meetings with Foreigners - April 1983: Korean Foreign Minister Bum Suk Lee,"
PZA0003456,"April 28, 1983",PZA0003456,부시,1983,PZA0003456,25,"리포트, 메모, 명단, 약력",284,"이 기록물철은 1983년 4월 28일 한국 외무부 장관 이범석과 미국 부통령 부시와의 회담에 관한 문건 으로, 이범석의 약력 및 방문 일정, 회담 참가자 명단 등으로 구성되었으며, 동 회담은 한국 외무부 장관 이범석의 명의로 전두환 정부와 미국 정부 간 관계개선 목적으로 개최되었다. 회담의 구체적 내용은 포함 되지 않거나 비공개 기록물 목록으로 확인할 수 없다.","[Withdrawal Sheet] Don Gregg to Vice President Bush, re: Korean Foreign Minister [Bum Suk] Lee | Memorandum from Don Gregg to the George Bush: Request for Meeting with Korean Foreign Minister Bum Suk Lee | [Transmittal Form] Thank you for visit | [Withdrawal Sheet] Bill Eckert Memo for the Record, re: Vice President’s Meeting with Korean Foreign Minister [Bum Suk] Lee,: p.m., April Meetings with Foreigners - March 1984: Korean Minister of Commerce and"
PZA0003457,"Industry Kum Jin Ho, March 5, 1984",PZA0003457,부시,1984,PZA0003457,7,"메모, 노트, 회람문, 언론성명",285,"이 기록물철은 1984년 3월 5일 한국 상공부 장관 김진호와 미국 부통령 부시와의 회담에 관한 문건으 로, 동 기록물철 내 언론발표 성명에 따르면 동 회담의 목적은 한국 정부에 대한 무역 자유화 조치에 대한 내용이었다. 회담의 구체적 내용은 포함되지 않거나 비공개 기록물 목록으로 확인할 수 없다.","Press Statement on the Vice President’s Meeting with Korea’s Minister of commerce and Industry Kum Jin Ho Meetings with Foreigners - April 1985: Dinner in honor of President and Mrs. Chun Doo Hwan of the Republic of Korea,"
PZA0003459,"April 25, 1985",PZA0003459,부시,1985,PZA0003459,,"메모, 연설문, 리포트 기록물 매수 115 형 태 비망록, 보고서, 명단",285,"이 기록물철은 한국 전두환 대통령의 미국 순방에 따라 1984년 4월 25일 미국 부통령 부시 주관으로 열 린 환영 만찬 행사에 관한 문건으로, 이에 대한 참석자 명단 및 미국 부통령의 환영사, 한국 전두환 대통 령과 미국 레이건 대통령 간의 정상회담에 관한 미국 정부 내의 교환 문건, 한국의 현황에 대한 정부 보 고서 등으로 구성되었다. 미국 정부의 보고서 및 정상회담에 관한 분석·준비 보고서 등의 구체적 내용은 비공개 기록물 목록으로 확인할 수 없다.","[Withdrawal Sheet] From Robert c. Mcfarlane, re: [President Reagan’s] Meeting with Korean President Chun Doo Hwan | [Withdrawal Sheet] George P. Schultz to President Reagan, re’ Your Meeting with Chun Doo Hwan, Presi- dent of Korea, april 26, 1985 | [Withdrawal Sheet] Re: Meeting between President Reagan and President Chun Doo Hwan of Korea | [Withdrawal Sheet] Re: Meeting between President Reagan and President Chun Doo Hwan of Korea | List of Participants for the Official Working visit of President Chun Doo Hwan of The Republic of Korea | [Withdrawal Sheet] Re: Government report | Presidential Remarks: President Chun of Korea | [Withdrawal Sheet] Fact Sheet: History of US-Korean Presidential Meetings | [Withdrawal Sheet] Fact Sheet: Military Issues | [Withdrawal Sheet] South Korean Political Developments | [Withdrawal Sheet] Fact Sheet: North/South Developments | [Withdrawal Sheet] Korean Economic Scene | [Withdrawal Sheet] Re: Economic Data Chart--Korea | [Withdrawal Sheet] Fact Sheet: VOA [Voice of America]/ Radio Liberty Transmitter Project | [Withdrawal Sheet] Fact Sheet: North Korean Developments | Please admit the following appointments on Friday; April 26, 1985 for the President: List of Participants … | Toast offered by Vice President George Bush at dinner in honor of President Chun Doo Hwan and Mrs. Chun | [Withdrawal Sheet] Notecards, re: Talking Pointsfor Dinner with President Chun of Korea | [Withdrawal Sheet]Don Gregg and Walt Dornan[Doran] to Vice President Bush, re: Dinner with President and Mrs. Chun of Korea | [Withdrawal Sheet] Re: Government report | Guest List for the Dinner hosted by the Vice President and Mrs. Bush in honor of his excellency the Presi- dent of the Republic of Korea and Mrs. Chyn on Thursday, April 25, 1985, at 7:30 P.M. in The Thomas Jefferson Roon. | Toast given by Vice President George Bush for Republic of Korea President Chun Doo Hwan and Mrs. Chun | [Withdrawal Sheet] Suggested Talking Points for the Vice President’s Dinner with President chun | [Withdrawal Sheet] From Robert c. Mcfarlane, re: [President Reagan’s] Meeting with Korean President chun Doo Hwan | [Withdrawal Sheet] George P. Schultz to President Reagan, re’ Your Meeting with chun Doo Hwan, Presi- dent of Korea, april 26, 1985 | [Withdrawal Sheet] Re: Meeting between President Reagan and President Chun Doo Hwan of Korea | List of Participants for the official working visit of President Chun Doo Hwan of the republic of Korea | [Withdrawal Sheet] Re: Government report | Presidential Remarks: President Chun of Korea | Memorandum from Selwa Roosevelt to the Vice President: Scenario for your dinner in honor of his Excel- lency the President of the Republic of Korea and Mrs. Chun on Thursday | Additional business community suggested guest for VP bush’s dinner for Korean President Chun | Memorandum from Nicholas Platt to Donald P. Gregg: Guest List for the Vice President’s Dinner in Honor of the Korean President | Letter from Stanley S. Scott to George bush: 28 Mar, 1985 | Memorandum from Don gergg to Robert M. Kimmitt: Vice President’s Dinner Meeting with Korean Presi- dent Chun Doo Hwan | Letter from Natalie Wozniak to Harleen Breaux: 31 Jan, 1985 | [Withdrawal Sheet] U.S. Embassy, Seoul to Secretary of State, re: President Chun, the Elections, and His Visit [Section 1 of 5] | Memorandum from Don Gregg to the Vice President Bush: Proposed Guest List for the Vice President’s Dinner in Honor of Korean President Chun Doo Hwan | [Withdrawal Sheet] Re: Government report (07) | [Withdrawal Sheet] Re: Government report (08) | [Withdrawal Sheet] Re: Government report (09) | [Withdrawal Sheet] Re: Government report (10) | [Withdrawal Sheet] Re: Government report (11) | [Withdrawal Sheet] Re: Government report (12) | [Withdrawal Sheet] Re: Government report (13) | [Withdrawal Sheet] Re: Government report (14) | [Withdrawal Sheet] Re: Government report (15) | [Withdrawal Sheet] Re: Government report (16) | [Withdrawal Sheet] Re: Government report (17) | [Withdrawal Sheet] Re: Government report (18) | [Withdrawal Sheet] Re: Government report (19) | [Withdrawal Sheet] Re: Government report (20) | [Withdrawal Sheet] Re: Government report (21) | [Withdrawal Sheet] Re: Government report (22) | The Official Working Visit to Washington, D.C., of his excellency the President of the Republic of Korea and Mrs. Chun | Memorandum from Walt Doran for Don Gregg: guest Lists for Dinner Hosted by the vice President Meetings with Foreigners-March 1988: Mrs. Bush’s Guest List for Coffee with Mrs. Chun Doo Hwan, Wife of the Former President of the Republic of Korea,"
PZA0003467,"Thursday, March 24, 1988",PZA0003467,부시,1988,PZA0003467,7,"메모, 명단",288,이 기록물철은 1988년 3월 24일 한국 전직 대통령 전두환의 영부인 이순자와 미국 부통령 영부인 바바 라 부시(Barbara Bush)와의 티타임 행사의 참석자 명단 및 일정에 관한 문건이다.,"Mrs. Bush’s Guest List for coffee with Mrs. Chun Doo Hwan, wife of the former President of the Republic of Korea 4/25/82 Arrival Statement-"
PZA0003469,"Kimpo Airport, Korea",PZA0003469,부시,1982,PZA0003469,3,연설문,288,"이 기록물철은 1982년 4월 25~27일 미국 부통령 부시의 김포공항 입국 성명으로, 부시 부통령은 이번 순방이 한미 관계를 재정립하는 계기가 되기를 바라는 한편, 한반도는 물론 아시아-태평양 지역에서의 민주주의를 확산시키고 고양시키고자 하는 목적을 표명하였다.","Arrival Statement of vice President George Bush Kimpo International Airport Seoul, Korea April 25, 1985 Toast Given for the Republic of Korea, President Chun Doo Hwan and"
PZA0003470,"Mrs. Chun-Washington, D.C.",PZA0003470,부시,1985,PZA0003470,11,연설문,289,"이 기록물철은 1985년 4월 25일 한국 전두환 대통령 내외와의 만찬 행사에서 미국 부통령 부시가 연설한 건배사로, 동 건배사에서 부시 부통령은 1988년을 기점으로 정권을 평화롭게 이양하기로 결정한 전두 환 대통령의 용단에 찬사를 보내고, 이를 통해 한-미 간 새롭게 수립된 민주적 관계를 기반으로 다가오 는 2000년에는 자유와 민주주의 이념의 확산과 더불어 분단의 비극을 극복할 수 있기를 희망한다는 견 해 표명이 포함되어 있다.","Toast given by Vice President George Bush for Republic of Korea President Chun Doo Hwan and Mrs. Chun Seoul, Korea-April 26, 27, 1982-"
PZA0003471,Includes 6,PZA0003471,부시,1982,PZA0003471,19,연설문,289,"이 기록물철은 1982년 4월 26일 한국을 순방 중인 미국 부통령 부시가 한국 국회에서 연설한 연설문 내용으로, 동 연설에서 부시 부통령은 다음과 같은 의견을 표명하였다. 첫째, 한국은 태평양 지역에서의 주요 동맹국 중 하나로, 공산주의의 확산을 저지하고 자유의 이념을 수호하는 미국의 ‘친구’ 중 하나이다. 둘째, 한국의 경제규모는 지난 20여년간 기하급수적으로 증가하였으며, 한미 교역량은 총 100억 달러를 넘어서고 있는 바, 한국은 경제적으로 미국의 가장 큰 무역 상대국 중 하나이고, 이에 따라 한국 시장 역 시 세계 추세에 맞도록 개방될 필요가 있다. 셋째, 한국의 민주주의 수준은 다소 낮은 바, 민주주의의 핵 심은 다원주의이며, 반대되는 의견을 용납하고 이의 의견을 표명할 자유가 보장될 필요가 있다. 넷째, 이 러한 상기 조건을 토대로 한미 관계는 보다 민주적이며 자유로운 관계로 재수립될 것으로 전망하였다.","Remarks of vice President George Bush Before the National Assembly | Remarks of vice President George Bush Before the National Assembly | Departure Statement of Vice President George Bush | Departure Statement of Vice President George Bush | Toast of Vice President George Bush at Reciprocal Dinner in honor of Prime Minister Yoo Chang Soon | Toast of Vice President George Bush at the President’s Dinner | Toast of Vice President George Bush at the Prime Minister’ Dinner | Remarks of vice President George Bush upon Arrival Korea, Japan, Philippines and"
PZA0003472,Malaysia [1],PZA0003472,부시,1989,PZA0003472,23,동선표,290,"이 기록물철은 1989년 9월, 미국 퀘일 부통령의 서울 방문에 대한 보고 내용으로서 강총리 예방, 의전팀 보고, 외무부장관과 국방장관 예방, 청와대 오찬, 국회방문, 헌화식, 한미 편집장 연합에서의 연설, 미군 부대 방문 등에 대한 내용이다.","Visit of Vice President J. Danforth Quayle to Seoul, Korea September 19-21, 1989: Arrival Seoul, Korea-- fair weather | [Withdrawal Sheet] Diagram of Vice Presidential Movements(01) | Visit of Vice President J. Danforth Quayle to Seoul, Korea September 19-21, 1989: Arrival Seoul, Korea-- inclement weather | [Withdrawal Sheet] Diagram of Vice Presidential Movements(02) | Visit of Vice President J. Danforth Quayle to Seoul, Korea September 19-21, 1989: Courtesy call on Prime Minister Kang | [Withdrawal Sheet] Diagram of Vice Presidential Movements(03) | Visit of Vice President J. Danforth Quayle to Seoul, Korea September 19-21, 1989: Courtesy team briefing | Visit of Vice President J. Danforth Quayle to Seoul, Korea September 19-21, 1989: Courtesy calls by the Ministers of Foreign Affairs and National Defense | Visit of Vice President J. Danforth Quayle to Seoul, Korea September 19-21, 1989: Lunch at Blue House | [Withdrawal Sheet] Diagram of Vice Presidential Movements(04) | Visit of Vice President J. Danforth Quayle to Seoul, Korea September 19-21, 1989: Visit to the National Assembly | [Withdrawal Sheet] Diagram of Vice Presidential Movements(05) | Visit of Vice President J. Danforth Quayle to Seoul, Korea September 19-21, 1989: Wreath laying ceremony | [Withdrawal Sheet] Diagram of Vice Presidential Movements(06) | Visit of Vice President J. Danforth Quayle to Seoul, Korea September 19-21, 1989: Address to Korean/ American Newspapers Editors Association | [Withdrawal Sheet] Diagram of Vice Presidential Movements(07) | Seating Chart for VP’s Visit with Governor Okinawa, 26 September 89 | Visit of Vice President J. Danforth Quayle to Seoul, Korea September 19-21, 1989: Bellinger Hall, Camp Bonifase | [Withdrawal Sheet] Diagram of Vice Presidential Movements(08) | Visit of Vice President J. Danforth Quayle to Seoul, Korea September 19-21, 1989: Guard Post Ouellette | [Withdrawal Sheet] Diagram of Vice Presidential Movements(09) | Visit of Vice President J. Danforth Quayle to Seoul, Korea September 19-21, 1989: Lunch at Warrior Base | [Withdrawal Sheet] Diagram of Vice Presidential Movements(10) | Proposed Remarks-September 26, 1989 Korea, Japan, Philippines and"
PZA0003473,Malaysia [2],PZA0003473,부시,1989,PZA0003473,70,보고서,292,"이 기록물철은 1989년 9월, 미국 퀘일 부통령의 서울 방문에 대한 준비 내용으로서 부통령실에서 발간 한 총괄 보고서이다.","[Withdrawal Sheet] Redaction of Secret Service Information | The Trip of the Vice President to Korea, Japan, Philippines and Malaysia: Part 1-Korea and Japan Sep, 18- 21, 1989 Korea, Japan, Philippines and"
PZA0003474,Malaysia [3],PZA0003474,부시,1989,PZA0003474,59,"비망록, 동선표",292,"이 기록물철은 1989년 9월, 미국 퀘일 부통령의 서울 방문에 대한 준비 내용으로서 준비단의 준비사 항, 수행원 준비사항, 예방접종, 세부 일정, 부통령의 동선 계획, 헬리콥터 동선, 호텔 정보, 연설문 초안 등이 포함되어 있다.","[Withdrawal Sheet] Redaction of Secret Service Information | Travelling Party | Vice Presidential advance assignments | Memorandum from Kathy Kamion to traveling guests and staff | Guest and staff instructions | Memorandum from Martin E. Bacon, M.D., Whith House physician for OVP advance: Immunizations | Memorandum from Martin E. Bacon, M.D., Whith House physician to OVP advance: Addendum to immu- nization recommendations for vice presidential upcoming trip to asia | [Withdrawal Sheet] Carnes Lord to the Vice President | Notional schedule Vice President’s trip to Korea, Japan, and the Philippines September 18- September 28, 1989 | Memorandum from Kathy Kamion to advance team: Miscellaneous information | [Withdrawal Sheet] Diagram of Vice Presidential Movements(12) | Preadvance Helicopter Movements | Memorandum from Nancy A. Pilonn to Peggt Hitt/ Kathy Kamionek: Travel Itinerary for Far East | Memorandum from Rich Schlaff to Peggy Hill/ Kathy Kamionek: Travel for far east | [Name cards] | National schedule Vice President’s trip to Korea, Japan, and the Philippines September 18- September 28, 1989 | Memorandum from Liz Murphy to Bill Kristol: Speeches/ Remarks for upcoming Asia Trip | The Vice President’s Trip to Korea | [Name cards] | Vice Presidential advance assignment (Final) | Memorandum from Kathy Kamionek to Pre-advance participants for the trip to Korea, Japan, The Philip- pines, and Hawaii - Saturday, August 12 - Tuesday, 22, 1989: Immunization information | Air force two manifest trip of the Vice President to Korea, Japan, The Philippines, and Malaysia Monday, September 18 - Friday, September 29, 1989 | Memorandum from Kathy Kamionek to Signal Supervisors: Pre-advance Schedule and hotel information for Vice Presidential staff - Saturday, August 12 - Monday, August 21, 1989 Korea, Japan, Philippines and"
PZA0003475,Malaysia [4],PZA0003475,부시,1989,PZA0003475,6,메모,294,"이 기록물철은 1989년 9월, 미국 퀘일 부통령의 일본과 필리핀 방문에 대한 간략한 메모 내용이다.","[Withdrawal Sheet] Redaction of Secret Service Information | The Trip of the Vice President to Korea, Japan, Philippines and Malaysia: Part 3-Japan and Philippines September 26-28, 1989"
PZA0003476,Korea[1],PZA0003476,부시,1991,PZA0003476,6,"메모, 노트, 보고서, 서한",294,"이 기록물철은 박태준(워싱턴에서의 만남에 대한 감사 편지, 1991년 11월)과 현홍주(연말인사, 1991년 12월)가 각각 퀘일 부통령에게 보내는 서한이다.","[Withdrawal Sheet] Karl D. Jackson to W. Robert Pearson, re: Request that Kim Dae Jung Meet the Vice President | [Withdrawal Sheet] William F. Sittmann to Karl D. Jackson, et al., re: NSC/ DC [Deputies Committee] Meeting | [Withdrawal Sheet] Handwritten notes, re: North Korea | [Withdrawal Sheet] William F. Sittmann to Karl D. Jackson, re: Discussion Paper | Letter from Hong-Choo Hyun to J. Danforth Quayle: December 20, 1991 | Memorandum from WHSR_Router@WHSR: 22 Dec, 1991 | Letter from Tae-Joon Park to Dan Quayle: Nov 11, 1991 | [Transmittal Form] for Karl D. Jackson: September 4, 1991"
PZA0003477,Korea[2],PZA0003477,부시,1989,PZA0003477,,"서한, 메모, 의제, 목차, 기록물 매수 63 형 태 보고서, 논문",295,"이 기록물철은 미국 퀘일 부통령이 강영훈 총리에게 도쿄에서의 만남이 반가웠다는 인사편지와 위우초우 (Euiwo Chough, 재미한인연합)에게 선물을 보내줘서 고맙다는 내용의 서한이다.","[Withdrawal Sheet] William F. Sittmann to Karl D. Jackson, re: NSC / DC [Deputies Committee] Meeting | [Withdrawal Sheet] Brent Scowcroft to POTUS, re: National Security Review on Policy Toward North Korea’s Nuclear Weapon Program | Letter from Dan Quayle to Kang Young Hoon: December 14, 1990 | Letter from Dan Quayle to Euiwo Chough: October 15, 1990 | [Withdrawal Sheet] Carnes Lord to Vice President, re: North/ South Korea | [Withdrawal Sheet] Carnes Lord to Vice President, re: North Korean Military | Statesmen’s Forum, August 20, 1990 | Letter from Daryl M. Plunk to Col. Joe Desutter, August 2, 1990 | [Withdrawal Sheet] J. Stapleton Roy to Brent Scowcroft, et al., re: PCC [Policy Coordinating Committee] Korea Policy Strategy Review Meeting"
PZA0003478,Korea[3],PZA0003478,부시,1989,PZA0003478,,"서한, 메모, 전문, 보고서, 기록물 매수 63 형 태 전문요지, 리포트",296,"이 기록물철은 미국 퀘일 부통령이 강영훈(총리, 방문 환대와 선물에 대해 감사함), 이충석(전문 형태, 미군부대 장군, DMZ 방문에 대해 노력해주어서 감사함), 조두흠(뉴스 편집자연합회 회장, 초대에 대한 감사), 이상훈(국방부장관, 선물에 대한 감사와 DMZ 방문에 대해 노력해주어서 감사함), 노태우(방문 환 대에 대한 감사), 박영태, 잭 게리스(Jack Garris, 주한미군, 방문환대와 DMZ 방문에 대해 노력해주어 서 감사함), 박세직(서울올림픽조직위원장)에게 보내는 서한이다.","Memorandum from VMSMail User Branscum to Hilty@Oeob@Mrgate: FYI | [Withdrawal Sheet] U.S. Embassy, Seoul to Secretary of State, re: Ambassador’s Meeting with Korean National Security Advisor | Letter from Dan Quayle to Lee Choong Suk, December 5, 1989 | Letter from Dan Quayle to Doo Hum Cho, December 5, 1989 | Letter from Dan Quayle to Lee Sang Hoon, October 31, 1989 | Letter from Dan Quayle to Lee Sang Hoon, September 22, 1989 | Letter from Dan Quayle to Roh Tae Woo, December 5, 1989 | Letter from Dan Quayle to Park Young Tae, December 5, 1989 | Letter from Dan Quayle to Jack Garris, December 5, 1989 | Letter from Dan Quayle to Lee Sang-Hoon, December 5, 1989 | [Withdrawal Sheet] Carnes Lord to VPOTUS, re: Memo from [Dick] Cheney on Yongsan Golf Course | [Withdrawal Sheet] Rear Admiral T. W. Wright to Assistant to the Vice President for National Security Af- fairs, re: Status of Yongsan Relocation Negotiations: Information Memorandum | Letter from Dan Quayle to Seh Jik Park, November 15, 1989 | [Withdrawal Sheet] Secretary of State to U.S. Embassy, Seoul, re: Vice President’s Message to President Roh [Tae Woo] | Letter from Dan Quayle to Roh Tae Woo, September 22, 1989 | Letter from Dan Quayle to Kang Young Hoon, September 22, 1989 | Letter from Dan Quayle to Cho Doo Hum, September 22, 1989 | [Withdrawal Sheet] Secretary of State to U.S. Embassy, Seoul, re: Letter from the Secretary [of State] to Minister Choi | Letter from Tom Lewis to Dan Quayle, September 5, 1989 | [Withdrawal Sheet] U.S. Embassy, Seoul to Secretary of State, re: Initial Planning for Gifts for Vice Presi- dential Visit | [Withdrawal Sheet] Re: Meeting with Korean Minister of Foreign Affairs Choi Ho Joong | Letter from Dan Quayle to Kim Young Sam, July 10, 1989 | Draft Scope Paper on President’s Proposed Visit to Korea The Vice President’s Trip to Korea, Japan, Philippines & Malaysia -"
PZA0003479,"September 19-28, 1989 [1]",PZA0003479,부시,1989,PZA0003479,16,"전문요지, 표, 보고서, 메모",297,"이 기록물철은 1989년 9월, 미국 퀘일 부통령의 아시아, 한국, 일본 순방의 요약서로, 연설문에서는 한 국의 경제 성장에 대해 치하하는 내용이 포함되어 있다.","The Vice President’s Trip to Asia Korea and japan Briefing Book The Vice President’s Trip to Korea, Japan, Philippines & Malaysia -"
PZA0003480,"September 19-28, 1989 [2]",PZA0003480,부시,1989,PZA0003480,18,현황 보고서,298,"이 기록물철은 1989년 9월, 미국 퀘일 부통령의 아시아, 한국, 일본 순방의 준비자료로서 한국의 경제 상황(1인당 국민총생산, 노조의 정치적인 힘, GNP 대비 정부 재정, 대외계정, 소비자 물가지수, 환율, 경 상계정 흑자, 실질 GDP 성장)에 대한 보고 등이 포함되어 있다.","[Withdrawal Sheet] Re: Korean: Political Overview | [Withdrawal Sheet] Re: Korea | Korea: Per Capita Gross Domestic Product | Korea: Unions in the Labor Force | Korea: Government Balance as a percentage of GNP | Korea: External Accounts | Korea: Consumer Price Index | Korea: Won-Dollar Exchange Rate | Korea: Current Account Surplus | Korea: Growth in Real GDP | [Withdrawal Sheet] Korea: Economic and Trade Issues | [Withdrawal Sheet] Re: Portrait of the Opposition | [Withdrawal Sheet] Re: U.S. -ROK | [Withdrawal Sheet] Re: Demonstrations | [Withdrawal Sheet] Re: Korea (39) | [Withdrawal Sheet] Re: Korea (40) | [Withdrawal Sheet] Re: Dispositions The Vice President’s Trip to Korea, Japan, Philippines & Malaysia -"
PZA0003483,"September 19-28, 1989 [6]: Tokyo",PZA0003483,부시,1989,PZA0003483,3,"메모, 전문",299,이 기록물철은 미국 국무부장관이 서울 주재 미국 대사와 도쿄 주재 미국 대사에게 부통령의 방문 준비단 에 대해 보낸 전문 내용이다.,"Telegram from Secstate WashDC to RUEHUL/ Amembassy Seoul: Vice Presidential Pre-Advance Visit | Telegram from Secstate WashDC to RUEHKO / Amembassy TOKYO: Vice Presidential Visit - Advance Teams The Vice President’s Trip to Korea, Japan, Philippines & Malaysia -"
PZA0003484,"September 19-28, 1989 [7]",PZA0003484,부시,1989,PZA0003484,2,목차,299,"이 기록물철은 1989년 9월, 미국 부통령 한국 배경 자료에 대한 목차 내용이다.","Table of Contents Vice President’s briefing book September 1989 The Vice President’s Trip to Korea, Japan, Philippines & Malaysia -"
PZA0003486,"September 19-28, 1989 [9]",PZA0003486,부시,1989,PZA0003486,15,"전문, 비망록, 메모",300,이 기록물철은 미국 국무부장관이 서울 주재 미국 대사에게 부통령의 방한준비에 있어서 승객 명단과 방한 일정에 대한 전문 내용이다.,"[Withdrawal Sheet] Secretary of State to U.S. Embassy, Seoul, re: Vice Presdent Pre-Advance: Manifest and Itinerary; redaction | Telegram from SecState WashDC to RUEHUL / Amembassy Seoul: Vice Presidential Pre-Advance - Mani- fest and Itinerary | Memorandum from Carnes Lord to the Vice President: Asian Trip | [Withdrawal Sheet] J. Stapleton Roy to Carnes Lord, re: Notional Schedule for the Vice President’s Visit to Japan, Korea and the Philippines | Telegram from SecState WashDC to RUEHUL / Amembassy Seoul: Vice Presidential Pre-Advance | Memorandum for Eagleburger: The Vice President’s Trip to Asia Sept, 19-28, 1989 The Vice President’s Trip to Korea, Japan, Philippines & Malaysia -"
PZA0003487,"September 19-28, 1989 [10]",PZA0003487,부시,1989,PZA0003487,75,"전문, 비망록, 메모",301,"이 기록물철은 미국 국무부장관이 서울 주재 미국 대사에게 부통령의 방한 준비와 관련해, 일정과 순방시 연설 준비 등의 세부 내용에 대한 것이다.","[Memorandum] from James F. Collins to G. Philip Hughes: Vice President Quyle’s Visit to Japan, South Korea and the Philippines September 18-28, 1989 | Telegram from SecState WashDC to RUEHUL / Amembassy Seoul: Vice President Quyle’s Visit to Japan, South Korea and the Philippines September 18-28, 1989 | Memorandum for J. Stapleton Roy: Speeches and Remarks during Vice President’s Trip to South Korea, Japan, and Philippines, September 18-28 | Memorandum for J. Stapleton Roy: Vice President’s Visit to Japan, Sputh Korea, and the Philippines, Sep- tember 18-28 | Memorandum for J. Stapleton Roy: Travel of Vice President to Asia, September 18-28 | Telegram from Amembassy Manila to RUEHC / SecState WashDC: Visit of Vice President Quyle - Pre- Advance Details | Telegram from Amembassy Seoul to RUEHC / SecState WashDC: Pre-Advance Visit for the Vice Presi- dent’s Trip | Telegram from Amembassy Seoul to RUEHC / SecState WashDC: Pre-Advance Visit for the Vice Presi- dent’s Trip The Vice President’s Trip to Korea, Japan, Philippines & Malaysia - September 19-28, 1989: Trip -"
PZA0003488,AAFB/Seoul/Tokyo/Manila/Hawaii/AAFB [1],PZA0003488,부시,1989,PZA0003488,24,"전문, 보고서, 메모",302,"이 기록물철은 대부분 비공개 목록이며, 부통령의 방한시에 한국의 경제발전에 대해 치하하는 연설 초안 이 포함되어 있다.","Letter from Dan Quayle to Jim, October 2, 1989 | [Withdrawal Sheet] Carnes Lord to Robert Gates, Re: VP Asia Trip | [Withdrawal Sheet] Karl D. Jackson to Brent Scowcroft | [Withdrawal Sheet] U.S. Embassy, Seoul to U.S. Embassy, Tokyo | [Withdrawal Sheet] U.S. Embassy, Seoul to U.S. Embassy, Tokyo | [Withdrawal Sheet] Re: [Pacific Stars & Stripes] Article | USFK rebuts Seoul relocation reports | [Withdrawal Sheet] Re: Update | [Withdrawal Sheet] Richard Solomon to Meeting Attendees, Re: Looking Ahead to the Roh Visit | [Withdrawal Sheet] Re: Korea | [Quayle Brings Praise for South Korean Democratic Reforms by Robert Basler] | [Withdrawal Sheet] Re: VPOTUS trip | [Partnership Amid Change] The Vice President’s Trip to Korea, Japan, Philippines & Malaysia - September 19-28, 1989: Trip -"
PZA0003489,AAFB/Seoul/Tokyo/Manila/Hawaii/AAFB [2],PZA0003489,부시,1989,PZA0003489,4,보고서,303,이 기록물철은 서울 주재 미국 대사가 워싱턴 주재 미국 해외공보처에 부통령의 3일간 방한의 효과를 분석한 내용의 보고서이다. 한국의 주요 언론 등 미디어에서 부통령의 방한에 모두 높은 관심을 가졌다 는 내용이 포함되어 있다.,"Telegram from AMEMBASSY Seoul to RUEHIA/USIA WashDC: Trip Impact Report - Visit of Vice Presi- dent Quayle to Korea The Vice President’s Trip to Korea, Japan, Philippines & Malaysia - September 19-28, 1989: Trip -"
PZA0003490,AAFB/Seoul/Tokyo/Manila/Hawaii/AAFB [5],PZA0003490,부시,1989,PZA0003490,70,일정표,303,이 기록물철은 미국 부통령실에서 발간한 부통령 순방 종합보고서 내용중 시간별 일정표만 포함되어 있다.,"The Trip of the Vice President to Korea, Japan, Philippines, and Malaysia, Part I - Korea and Japan, Sep- tember 18 - 21, 1989 7/2/91 VP Meetings -"
PZA0003492,Lunch with South Korean President Roh Tae-Woo,PZA0003492,부시,1991,PZA0003492,,"메모, 전문요지, 보고서, 기록물 매수 80 형 태 비망록, 목차, 전문",304,"이 기록물철은 미국 부통령의 일정 내용으로 1991년 7월 1~3일, 노태우 대통령 부부의 워싱턴 방미와 관련한 내용이다. 오찬 참석자와 행사 안내, 시간별 세부 일정 내용 및 노태우 대통령의 오찬 축사 등의 내용이 포함되어 있다.","Memorandum from Cecile B. Kremer to Karl Jackson/Tom Pernice: Approved Vice Presidential Activity | Memorandum from Cecile B. Kremer to Karl Jackson/Tom Pernice: Approved Vice Presidential Activity | Memorandum from Cecile B. Kremer to Karl Jackson/Tom Pernice: Approved Vice Presidential Activity | Roh Luncheon Toast | [Withdrawal Sheet] Notecards, re: Meeting with Republic of Korea President Roh Tae Woo | Roh Expresses Hope for Reunited Korea before Year 2000 | Bush Hails South Korean Democracy, Economic Prosperity | Roh Seeks Improved Relationship with U.S. | [Withdrawal Sheet] Brent Scowcroft to POTUS, re: Meeting with President Roh Tae Woo of the Republic of Korea | [Withdrawal Sheet] Biography, re: President Roh Tae Woo of the Republic of Korea | Briefing by Assistant Secretary of State for East Asian and Pacific Affairs Richard Solomon | Memorandum from W. Robert Pearson to Brent Scowcroft: Public Statements by President Bush to Presi- dent Roh Tae Woo of the Republic of Korea July 2-3 | [Withdrawal Sheet] U.S. Embassy, Seoul to Secretary of State, re: President Roh’s Agenda for White House Meeting | The State Visit to Washington, D.C. of His Excellency Roh Tae Woo President of the Republic of Korea and Mrs. Roh, July 1 to 3, 1991 10/29/91 VP Meetings -"
PZA0003493,Meeting with Korean Chairman Park,PZA0003493,부시,1990,PZA0003493,,"서한, 전문, 노트, 전문요지, 기록물 매수 61 형 태 메모, 보고서",305,"이 기록물철은 1990년 포항제철 보고서 내용으로, 미국 부통령과 박태준 회장과의 회담 일정 제안서 내용이다.","[Message] from Seong-shin Kim to Dana Marshall, Nov 6, 1991 | [Withdrawal Sheet] U.S. Embassy, Seoul to Secretary of State, et al., re: Co-Chairman of Ruling Democratic Liberal Party Park Tae Joon’s Request for a Meeting with Vice President Quayle | [Withdrawal Sheet] Handwritten notes, re: Meeting between Tae-Joon Park of the Republic of Korea and VPOTUS | [Schedule Proposal] Vice President to meet Park Tae-Joon, Co-Chairman, (ruling) Democratic Liberal Party of Korea and Chairman, Pohang Iron and Steel | Posco Report 1990 | [Withdrawal Sheet] U.S. Embassy, Seoul to Secretary of State, re: More on Ruling Democratic Liberal Party Co-Chairman Park Tae Joon’s Request to Meet with Vice President Quayle | [Withdrawal Sheet] Notecards, re: Talking Points: Meeting with Park Tae Joon | Letter from Karl D. Jackson to Park Tae-Joon, November 4, 1991 | [Memo] for Karl, Linc, Dana, Joanne, October 25, 1991 | [Withdrawal Sheet] Fax from Far East Studies Institute to Dana Marshall, re: Members of Tae-Joon Park delegation for meeting with VPOTUS; birthdates and passport numbers redacted | [Schedule Proposal] Vice President to meet Park Tae-Joon, Co-Chairman, (ruling) Democratic Liberal Party of Korea and Chairman, Pohang Iron and Steel | [Withdrawal Sheet] Ann to Dana [Marshall], re: Park’s visit on the 29th; redaction | Memorandum from Cecile B. Kremer to Karl Jackson: Approved Vice Presidential Activity | [Withdrawal Sheet] Karl D. Jackson to VPOTUS, re: Meeting with Korean Ruling Democratic Liberal Party"
